"State","n_cattle","n_cattle_sd","area_ha","pastue_tot_201819_ha","stocking_rate_ha","municipality","forest_tot_2013_2014_ha","forest_perc_2013_2014","defo_perc_2013_14","defo_perc_2014_15","defo_perc_2015_16","defo_perc_2016_17","defo_perc_13_17","defo_buffer_abs_13_17","defo_buffer_perc_13_17","stocking_rate_2013","nearest_fedSh_km","imagedate","buffer_forest_tot_2013","buffer_forest_perc_2013","precipitation_2018_19","mean_temp_18_19","pop_density_avg_18_19"
"AC",34,0.234997587325686,39.843,39.148,1.129,"1200013",2.5224,6.317,0,0,0,0,0,869.6458,2.355,1.52619588926669,0.825183808270933,2019-07-11,6904.7324,0.19619,0.402445620612094,33.3413600023281,12.5015662837482
"AC",8,0.124721912892465,9.088,9.1086,1.142,"1200013",0,0,0,0,0,0,0,659.9741,1.814,1.52619588926669,0.773420153468489,2020-05-17,5507.5509,0.16545,0.402445620612094,33.3413600023281,12.5015662837482
"AC",27,0.0416583291631631,72.291,46.2863,0.758,"1200013",24.6695,34.049,0,0,0,0,0,1725.442,4.479,1.52619588926669,0.832396685338396,2019-07-11,6311.5589,0.17061,0.402445620612094,33.3413600023281,12.5015662837482
"AC",9,0.0988775498396262,14.006,13.6357,0.858,"1200013",0,0,0,0,0,0,0,706.4181,1.936,1.52619588926669,0.758991761100693,2020-05-17,5686.7257,0.16988,0.402445620612094,33.3413600023281,12.5015662837482
"AC",42,0.122913222770765,78.68,53.4532,1.021,"1200013",11.5969,14.707,0,0,0,0,0,1016.2024,2.492,1.52619588926669,0.786188082444736,2019-07-11,7738.5222,0.21119,0.402445620612094,33.3413600023281,12.5015662837482
"AC",48,0.062951651706424,102.838,96.5669,0.646,"1200013",1.317,1.278,0,0,0,0,0,639.7808,1.602,1.52619588926669,0.786032516028589,2019-07-11,7237.3753,0.19624,0.402445620612094,33.3413600023281,12.5015662837482
"AC",29,0.105087198129332,80.661,66.4949,0.567,"1200013",13.4497,16.637,0,0,0.011,0,0.011,902.1482,2.213,1.52619588926669,0.76645306258191,2019-07-11,7580.209,0.20629,0.402445620612094,33.3413600023281,12.5015662837482
"AC",23,0.0786476151587624,35.145,29.5998,1.01,"1200013",3.6998,10.504,0,0,0,0,0,776.6679,2.084,1.52619588926669,0.772612420678128,2020-05-17,6348.5176,0.18468,0.402445620612094,33.3413600023281,12.5015662837482
"AC",6,0.0679409808637141,40.521,35.3203,0.221,"1200013",4.5604,11.229,0,0,0,0,0,1334.8974,3.62,1.52619588926669,0.809671488160685,2019-07-11,5794.3316,0.16474,0.402445620612094,33.3413600023281,12.5015662837482
"AC",6,0.0699854212223765,23.827,22.439,0.348,"1200013",0.0138,0.058,0,0,0,0,0,594.4581,1.591,1.52619588926669,0.756637687916257,2020-05-17,5952.6082,0.17462,0.402445620612094,33.3413600023281,12.5015662837482
"AC",14,0.257979589711327,13.984,14.0149,1.299,"1200013",0,0,0,0,0,0,0,720.9562,1.974,1.52619588926669,0.759851702373927,2020-05-17,5606.2714,0.16696,0.402445620612094,33.3413600023281,12.5015662837482
"AC",6,0.138078700938846,17.915,15.1529,0.515,"1200013",0,0,0,0,0,0,0,534.7564,1.455,1.52619588926669,0.744572591933844,2020-05-17,5865.1433,0.17363,0.402445620612094,33.3413600023281,12.5015662837482
"AC",11,0.0432641091433023,79.464,74.0006,0.193,"1200013",0,0,0,0,0,0,0,914.6493,2.221,1.52619588926669,0.763785407458371,2019-07-11,7907.1507,0.21396,0.402445620612094,33.3413600023281,12.5015662837482
"AC",21,0.133841762096626,43.296,33.4267,0.817,"1200013",10.2993,23.735,0,0,2.246,0,2.246,697.5063,1.823,1.52619588926669,0.741906266096806,2020-05-17,6107.3789,0.17335,0.402445620612094,33.3413600023281,12.5015662837482
"AC",6,0.0347826086956522,40.585,21.3209,0.366,"1200013",22.3773,55.014,0.009,3.487,1.21,1.344,6.05,918.7541,2.473,1.52619588926669,0.819496613446719,2019-07-11,6881.7427,0.19322,0.402445620612094,33.3413600023281,12.5015662837482
"AC",13,0.267099120809987,12.148,12.175,1.388,"1200013",0,0,0,0,0,0,0,668.1995,1.83,1.52619588926669,0.770732692305271,2020-05-17,5410.4481,0.16228,0.402445620612094,33.3413600023281,12.5015662837482
"AC",16,0.0689897948556636,25.355,22.5044,0.924,"1200013",2.8555,11.237,0.387,0,0,0,0.387,752.3415,1.987,1.52619588926669,0.774676970609349,2020-05-17,6130.8532,0.17577,0.402445620612094,33.3413600023281,12.5015662837482
"AC",15,0.0730985281559681,53.092,42.7898,0.456,"1200013",6.0523,11.374,0.062,1.539,0,0.666,2.267,635.9723,1.634,1.52619588926669,0.801355656740483,2019-07-11,7285.6701,0.20367,0.402445620612094,33.3413600023281,12.5015662837482
"AC",10,0.0362887369301212,39.078,28.6724,0.453,"1200013",14.0024,35.752,4.526,2.037,0,0,6.563,1565.14,4.258,1.52619588926669,0.823192860933576,2019-07-11,6180.4424,0.17533,0.402445620612094,33.3413600023281,12.5015662837482
"AC",7,0.0467707173346743,24.095,24.143,0.377,"1200013",0.0094,0.039,0,0,0,0,0,682.5802,1.837,1.52619588926669,0.737457203584827,2020-05-17,6125.6471,0.17875,0.402445620612094,33.3413600023281,12.5015662837482
"AC",38,0.0990223821183841,48.863,48.6848,1.015,"1200013",0,0,0,0,0,0,0,650.1803,1.58,1.52619588926669,0.801362918082292,2019-07-11,7607.2504,0.201,0.402445620612094,33.3413600023281,12.5015662837482
"AC",20,0.0391388579559132,88.902,68.3784,0.38,"1200013",19.8463,22.274,8.652,1.094,0,0,9.746,1239.6932,3.249,1.52619588926669,0.814682789804064,2019-07-11,6139.6603,0.16949,0.402445620612094,33.3413600023281,12.5015662837482
"AC",44,0.101065996645686,39.554,32.0522,1.785,"1200013",11.6322,29.342,0,1.341,2.599,0,3.94,806.6604,2.196,1.52619588926669,0.807285284800793,2019-07-11,5893.204,0.16794,0.402445620612094,33.3413600023281,12.5015662837482
"AC",15,0.0670750476382315,40.22,19.2211,1.015,"1200013",15.4,38.204,0,0,0,0,0,622.9911,1.629,1.52619588926669,0.799823918481218,2019-07-11,6395.6789,0.18158,0.402445620612094,33.3413600023281,12.5015662837482
"AC",67,0.0523785165852379,88.523,62.8265,1.386,"1200013",20.9364,23.598,0,0,0,0,0,1127.7073,2.919,1.52619588926669,0.814346192917034,2019-07-11,6209.8339,0.17099,0.402445620612094,33.3413600023281,12.5015662837482
"AC",5,0.0460677838770227,41.448,40.3864,0.161,"1200013",2.2759,5.479,14.592,2.336,0,0,16.928,935.6504,2.536,1.52619588926669,0.809790334807702,2019-07-11,5724.7838,0.16277,0.402445620612094,33.3413600023281,12.5015662837482
"AC",15,0.0866614332593147,71.536,70.8894,0.275,"1200013",0.2165,0.302,0,0,0,0,0,1569.9826,4.205,1.52619588926669,0.824100671795223,2019-07-11,6410.1481,0.17895,0.402445620612094,33.3413600023281,12.5015662837482
"AC",18,0.109981990921759,25.399,14.9371,1.567,"1200013",12.7036,49.904,1.542,5.157,1.771,0,8.47,2078.9818,5.256,1.52619588926669,1.07526657936572,2020-07-21,19862.3926,0.57557,0.402445620612094,33.3413600023281,12.5015662837482
"AC",15,0.0711918358845309,42.062,39.7026,0.491,"1200013",8.879,21.062,8.411,7.009,1.262,0,16.682,1470.8066,3.936,1.52619588926669,0.831321238461564,2019-07-11,7045.2968,0.19594,0.402445620612094,33.3413600023281,12.5015662837482
"AC",28,0.0600735462684472,51.974,30.0339,1.212,"1200013",20.7793,39.891,0,0,0,0,0,1772.4182,4.631,1.52619588926669,0.83996162408708,2019-07-11,6195.7509,0.16886,0.402445620612094,33.3413600023281,12.5015662837482
"AC",14,0.0415686474292708,40.61,30.1422,0.604,"1200013",7.2498,17.812,1.959,0,1.116,0,3.075,740.8346,1.942,1.52619588926669,0.747689363239027,2020-05-17,6085.394,0.17273,0.402445620612094,33.3413600023281,12.5015662837482
"AC",95,0.29259422279883,42.205,42.2994,2.92,"1200013",0.0417,0.099,0,0,0,0,0,923.5074,2.472,1.52619588926669,0.82416161531472,2019-07-11,7083.3953,0.19857,0.402445620612094,33.3413600023281,12.5015662837482
"AC",25,0.0436961443375286,79.846,79.0903,0.411,"1200013",1.5212,1.901,0,0,0,0,0,905.9522,2.201,1.52619588926669,0.76203934448395,2019-07-11,7774.0039,0.21084,0.402445620612094,33.3413600023281,12.5015662837482
"AC",29,0.105486194061045,76.155,63.0249,0.598,"1200013",12.5515,16.445,0,0,0.009,0,0.009,904.0224,2.221,1.52619588926669,0.766485597109247,2019-07-11,7574.5349,0.20645,0.402445620612094,33.3413600023281,12.5015662837482
"AC",23,0.0512090287441405,53.915,53.6866,0.557,"1200013",0,0,0,0,0,0,0,632.1496,1.605,1.52619588926669,0.784705731416245,2019-07-11,7071.0221,0.19458,0.402445620612094,33.3413600023281,12.5015662837482
"AC",5,0.0266666666666667,43.731,37.2148,0.175,"1200013",4.8374,11.037,0,0,0,0,0,720.4261,1.858,1.52619588926669,0.748066729409399,2020-05-17,6051.4531,0.16963,0.402445620612094,33.3413600023281,12.5015662837482
"AC",9,0.0487979774169701,39.258,26.7077,0.438,"1200013",10.4228,26.49,0,0,0,0,0,697.902,1.823,1.52619588926669,0.768849331848581,2020-05-17,5659.8336,0.16142,0.402445620612094,33.3413600023281,12.5015662837482
"AC",21,0.186930639376292,16.58,15.1797,1.798,"1200013",0,0,0,0,0,0,0,638.0461,1.692,1.52619588926669,0.745609075427108,2020-05-17,6228.6322,0.18088,0.402445620612094,33.3413600023281,12.5015662837482
"AC",7,0.05,25.616,23.879,0.381,"1200013",2.2662,8.827,0,1.344,0,0,1.344,1402.0787,3.838,1.52619588926669,0.82828211202128,2019-07-11,6672.775,0.19009,0.402445620612094,33.3413600023281,12.5015662837482
"AC",10,0.0530690729658951,39.66,39.7479,0.327,"1200013",0,0,0,0,0,0,0,631.0952,1.623,1.52619588926669,0.794210940002945,2019-07-11,6229.4249,0.17348,0.402445620612094,33.3413600023281,12.5015662837482
"AC",6,0.0444444444444444,16.01,13.6115,0.573,"1200013",0.6205,3.867,0,0,0,0,0,625.9822,1.704,1.52619588926669,0.798470030837301,2019-07-11,6869.7452,0.20365,0.402445620612094,33.3413600023281,12.5015662837482
"AC",51,0.181060494488211,42.836,37.2899,1.778,"1200013",4.9771,11.593,0,0,1.045,0,1.045,715.4278,1.846,1.52619588926669,0.745776127104032,2020-05-17,6129.5227,0.17172,0.402445620612094,33.3413600023281,12.5015662837482
"AC",5,0.0923076923076923,19.605,16.1156,0.403,"1200013",0.6205,3.158,0,0,0,0,0,619.2289,1.665,1.52619588926669,0.798599779359165,2019-07-11,6917.3723,0.20206,0.402445620612094,33.3413600023281,12.5015662837482
"AC",10,0.0919933358698383,80.867,58.6613,0.222,"1200013",22.6523,27.949,0,0,0,0.163,0.163,1349.848,3.561,1.52619588926669,0.815882812971656,2019-07-11,6020.1898,0.16665,0.402445620612094,33.3413600023281,12.5015662837482
"AC",12,0.0442224794968366,40.554,37.597,0.415,"1200013",1.1335,2.789,0,0,0,0,0,541.2182,1.411,1.52619588926669,0.777762267411137,2019-07-11,6156.1137,0.17479,0.402445620612094,33.3413600023281,12.5015662837482
"AC",9,0.0848553383761551,28.298,28.0774,0.417,"1200013",0.2211,0.78,0,0,0,0.105,0.105,694.0285,1.812,1.52619588926669,0.768306319693807,2020-05-17,5663.1835,0.16144,0.402445620612094,33.3413600023281,12.5015662837482
"AC",5,0.163299316185545,6.082,5.2416,1.24,"1200013",0,0,0,0,0,0,0,731.6195,2.044,1.52619588926669,0.768769651065796,2020-05-17,5532.4644,0.16765,0.402445620612094,33.3413600023281,12.5015662837482
"AC",5,0.0429965982852212,40.164,39.0634,0.166,"1200013",2.7591,6.854,16.48,3.834,0,0,20.314,924.3863,2.5,1.52619588926669,0.809701336784895,2019-07-11,5718.5547,0.1623,0.402445620612094,33.3413600023281,12.5015662837482
"AC",13,0.0333333333333333,40.625,24.3869,0.693,"1200013",20.3905,50.08,0,0,0,5.553,5.553,1802.8849,4.583,1.52619588926669,1.09060671453508,2020-07-21,17311.3867,0.50049,0.402445620612094,33.3413600023281,12.5015662837482
"AC",7,0.0847791247890658,27.089,10.2553,0.887,"1200013",15.5995,57.458,2.211,8.027,1.82,0,12.058,1870.8225,4.748,1.52619588926669,1.08869504094237,2020-07-21,18163.7858,0.52462,0.402445620612094,33.3413600023281,12.5015662837482
"AC",5,0.148316324759439,9.873,9.8953,0.657,"1200013",2.7005,27.29,0,0,16.44,1.865,18.305,654.6115,1.796,1.52619588926669,0.762103113439358,2020-05-17,5472.4675,0.16462,0.402445620612094,33.3413600023281,12.5015662837482
"AC",59,0.0411827106300891,97.841,77.8153,0.986,"1200013",45.9307,46.839,0,3.163,4.167,4.413,11.743,1426.5411,3.739,1.52619588926669,0.816229223597992,2019-07-11,5980.4665,0.16428,0.402445620612094,33.3413600023281,12.5015662837482
"AC",44,0.126872873928263,83.21,70.2781,0.814,"1200013",12.7311,15.266,0,0,0,0,0,1613.3054,4.258,1.52619588926669,0.820854028734944,2019-07-11,6232.6327,0.17163,0.402445620612094,33.3413600023281,12.5015662837482
"AC",15,0.115397746573856,25.408,24.3793,0.8,"1200013",7.3431,28.836,23.146,5.095,14.551,1.127,43.919,2078.0376,5.253,1.52619588926669,1.07562283430673,2020-07-21,19962.1222,0.57883,0.402445620612094,33.3413600023281,12.5015662837482
"AC",40,0.0732718423907472,59.3,55.1712,0.943,"1200013",3.297,5.547,0,0,0,0,0,1796.2414,4.683,1.52619588926669,0.857705469527984,2019-07-11,7717.4248,0.21159,0.402445620612094,33.3413600023281,12.5015662837482
"AC",19,0.172474487139159,21.201,20.9862,1.177,"1200013",0,0,0,0,0,0,0,675.8842,1.811,1.52619588926669,0.752498484586727,2020-05-17,5798.3456,0.16976,0.402445620612094,33.3413600023281,12.5015662837482
"AC",52,0.0822952035609039,42.713,41.0854,1.645,"1200013",0.8805,2.057,0.131,0,0,0,0.131,1083.365,2.899,1.52619588926669,0.813527515233403,2019-07-11,6058.7749,0.16961,0.402445620612094,33.3413600023281,12.5015662837482
"AC",5,0.12,12.07,12.0969,0.537,"1200013",0.0253,0.209,0,0,0,0,0,744.8699,2.043,1.52619588926669,0.772405462148379,2020-05-17,5732.0713,0.17065,0.402445620612094,33.3413600023281,12.5015662837482
"AC",27,0.129874372426879,41.985,41.29,0.85,"1200013",0,0,0,0,0,0,0,678.8176,1.781,1.52619588926669,0.737273058081393,2020-05-17,6320.1488,0.17995,0.402445620612094,33.3413600023281,12.5015662837482
"AC",5,0.136907376701021,22.768,20.794,0.313,"1200013",0,0,0,0,0,0,0,726.6664,1.946,1.52619588926669,0.75846313139392,2020-05-17,5759.6981,0.16759,0.402445620612094,33.3413600023281,12.5015662837482
"AC",15,0.0317820695913084,94.551,53.8954,0.362,"1200013",38.1837,40.294,0,0.755,1.683,1.169,3.607,1539.0951,4.059,1.52619588926669,0.818503600497642,2019-07-11,6086.2803,0.16754,0.402445620612094,33.3413600023281,12.5015662837482
"AC",90,0.0882484804296619,164.784,113.0727,1.035,"1200013",47.2255,28.595,0,0,0,0,0,795.076,1.926,1.52619588926669,0.794302365369459,2019-07-11,6737.0942,0.17575,0.402445620612094,33.3413600023281,12.5015662837482
"AC",34,0.0866573287008837,30.597,30.6648,1.441,"1200013",0,0,0,0,0,0,0,771.1198,2.064,1.52619588926669,0.768964360948283,2020-05-17,5942.4562,0.17233,0.402445620612094,33.3413600023281,12.5015662837482
"AC",11,0.0647213595499958,39.976,40.0237,0.357,"1200013",0.083,0.207,0,0,0,0,0,969.8197,2.629,1.52619588926669,0.817935849808581,2019-07-11,6586.8325,0.18688,0.402445620612094,33.3413600023281,12.5015662837482
"AC",22,0.0475791688659749,39.495,39.5833,0.723,"1200013",0,0,0,0,0,0,0,587.2813,1.534,1.52619588926669,0.789791526449591,2019-07-11,6214.0825,0.17643,0.402445620612094,33.3413600023281,12.5015662837482
"AC",11,0.0166666666666667,41.399,37.4606,0.382,"1200013",2.1544,5.192,0,0.413,0,0,0.413,1583.7568,4.271,1.52619588926669,0.824251938654348,2019-07-11,6169.0433,0.17339,0.402445620612094,33.3413600023281,12.5015662837482
"AC",8,0.0355959179422654,41.12,40.742,0.255,"1200013",0.35,0.849,0,0,0,0,0,563.9093,1.472,1.52619588926669,0.78541461360495,2019-07-11,6329.1303,0.18003,0.402445620612094,33.3413600023281,12.5015662837482
"AC",89,0.157112306041087,83.79,83.6586,1.383,"1200013",13.6329,16.234,0,0.449,7.779,2.801,11.029,911.8477,2.227,1.52619588926669,0.757799137386712,2019-07-11,7714.6435,0.2094,0.402445620612094,33.3413600023281,12.5015662837482
"AC",8,0.0699854212223765,11.091,11.1153,0.936,"1200013",0,0,0,0,0,0,0,716.4903,1.975,1.52619588926669,0.761478357769339,2020-05-17,5759.4504,0.17296,0.402445620612094,33.3413600023281,12.5015662837482
"AC",14,0.111237243569579,14.484,14.5164,1.254,"1200013",0,0,0,0,0,0,0,565.9858,1.541,1.52619588926669,0.745997360308765,2020-05-17,5949.9975,0.17637,0.402445620612094,33.3413600023281,12.5015662837482
"AC",11,0.112659863237109,25.07,23.0565,0.62,"1200013",19.28,76.732,3.84,12.794,41.165,2.735,60.534,2078.402,5.198,1.52619588926669,1.07594559646774,2020-07-21,19957.829,0.57155,0.402445620612094,33.3413600023281,12.5015662837482
"AC",25,0.0429016689859371,80.478,79.717,0.408,"1200013",1.523,1.888,0,0,0,0,0,902.5447,2.201,1.52619588926669,0.762824099386466,2019-07-11,7766.2832,0.21142,0.402445620612094,33.3413600023281,12.5015662837482
"AC",15,0.0908651281981146,32.901,28.7987,0.677,"1200013",3.8713,11.74,0,5.298,0,0,5.298,1815.9824,4.974,1.52619588926669,0.851282474716435,2019-07-11,6852.3717,0.19667,0.402445620612094,33.3413600023281,12.5015662837482
"AC",5,0.117104113891562,21.829,20.5032,0.317,"1200013",1.618,7.395,0,0,2.532,0,2.532,652.2301,1.736,1.52619588926669,0.745466534188923,2020-05-17,6150.5046,0.17907,0.402445620612094,33.3413600023281,12.5015662837482
"AC",17,0.1113552872566,30.304,28.5524,0.774,"1200013",0.8278,2.726,0,0.715,0,0,0.715,603.8191,1.581,1.52619588926669,0.79516943389676,2019-07-11,6498.2435,0.18501,0.402445620612094,33.3413600023281,12.5015662837482
"AC",38,0.0908261398991505,72.671,50.6965,0.974,"1200013",11.1542,15.315,0,0,0,0.156,0.156,999.3264,2.442,1.52619588926669,0.781570751619181,2019-07-11,7726.0311,0.21147,0.402445620612094,33.3413600023281,12.5015662837482
"AC",44,0.126332495807108,36.791,29.8951,1.913,"1200013",10.1884,27.63,0,1.442,1.796,0,3.238,804.7628,2.182,1.52619588926669,0.807239605147386,2019-07-11,5957.3846,0.16921,0.402445620612094,33.3413600023281,12.5015662837482
"AC",10,0.08,9.414,9.435,1.378,"1200013",0,0,0,0,0,0,0,557.6477,1.549,1.52619588926669,0.741629517422975,2020-05-17,5794.0702,0.17444,0.402445620612094,33.3413600023281,12.5015662837482
"AC",6,0.0455391610986702,52.628,40.2845,0.194,"1200013",11.5828,21.96,0,0,0,0,0,1846.5939,4.795,1.52619588926669,0.849821482616905,2019-07-11,6948.8453,0.18889,0.402445620612094,33.3413600023281,12.5015662837482
"AC",12,0.041298221281347,40.438,35.2188,0.443,"1200013",4.8071,11.861,0,0,0,0,0,1102.2295,3.022,1.52619588926669,0.806177759165892,2019-07-11,5453.2484,0.15634,0.402445620612094,33.3413600023281,12.5015662837482
"AC",6,0.0350735462684472,37.092,28.3196,0.275,"1200013",25.2737,67.986,0,5.798,2.012,12.018,19.828,1422.3348,3.781,1.52619588926669,0.818625031726187,2019-07-11,5908.0872,0.16452,0.402445620612094,33.3413600023281,12.5015662837482
"AC",8,0.108316324759439,43.283,40.1402,0.259,"1200013",3.7384,8.618,2.657,6.176,0,0,8.833,628.4949,1.633,1.52619588926669,0.796992803328659,2019-07-11,7208.6904,0.20314,0.402445620612094,33.3413600023281,12.5015662837482
"AC",10,0.024325212770526,39.674,16.8621,0.771,"1200013",19.5402,49.141,0.418,0.008,0,0,0.426,549.3632,1.416,1.52619588926669,0.780516832700915,2019-07-11,6374.1723,0.17957,0.402445620612094,33.3413600023281,12.5015662837482
"AC",8,0.273038237651904,8.118,8.1362,1.278,"1200013",0,0,0,0,0,0,0,671.007,1.85,1.52619588926669,0.77225250616566,2020-05-17,5364.1729,0.16191,0.402445620612094,33.3413600023281,12.5015662837482
"AC",14,0.257979589711327,14.056,14.0876,1.292,"1200013",0,0,0,0,0,0,0,723.0835,1.979,1.52619588926669,0.760015032063916,2020-05-17,5632.2532,0.1676,0.402445620612094,33.3413600023281,12.5015662837482
"AC",23,0.114285714285714,9.889,9.8362,3.04,"1200013",0,0,0,0,0,0,0,631.8431,1.736,1.52619588926669,0.766040817655181,2020-05-17,5794.9674,0.17337,0.402445620612094,33.3413600023281,12.5015662837482
"AC",27,0.0815096472658165,54.82,48.2719,0.727,"1200013",1.5365,2.797,0,0,0,0.042,0.042,636.2298,1.623,1.52619588926669,0.787710611098692,2019-07-11,7159.5939,0.19787,0.402445620612094,33.3413600023281,12.5015662837482
"AC",19,0.177979589711327,21.36,21.4076,1.154,"1200013",0,0,0,0,0,0,0,673.6758,1.814,1.52619588926669,0.75237533889118,2020-05-17,5754.2916,0.16947,0.402445620612094,33.3413600023281,12.5015662837482
"AC",10,0.0741581623797196,56.094,49.4586,0.263,"1200013",13.4241,23.878,2.442,0.79,8.827,0,12.059,1733.5717,4.586,1.52619588926669,0.847368281968997,2019-07-11,7191.899,0.19913,0.402445620612094,33.3413600023281,12.5015662837482
"AC",43,0.0548562720129048,119.876,109.8771,0.509,"1200013",4.2254,3.517,0,0,0,0,0,625.1069,1.554,1.52619588926669,0.779745229090508,2019-07-11,6990.076,0.18769,0.402445620612094,33.3413600023281,12.5015662837482
"AC",14,0.0832192224875248,45.37,44.4964,0.409,"1200013",0,0,0,0,0,0,0,779.7915,2.03,1.52619588926669,0.76367757422715,2020-05-17,5913.4617,0.16684,0.402445620612094,33.3413600023281,12.5015662837482
"AC",5,0.148316324759439,8.885,8.9046,0.73,"1200013",2.629,29.524,0,0,17.844,1.85,19.694,653.5369,1.796,1.52619588926669,0.762121242208577,2020-05-17,5459.4885,0.16451,0.402445620612094,33.3413600023281,12.5015662837482
"AC",8,0.0825343216607239,82.187,77.8941,0.134,"1200013",3.9327,4.774,0.646,0.752,0.01,0,1.408,942.8229,2.29,1.52619588926669,0.761245239068847,2019-07-11,7814.5432,0.21126,0.402445620612094,33.3413600023281,12.5015662837482
"AC",32,0.126862790049193,37.871,31.2278,1.332,"1200013",12.1679,32.058,0.583,2.783,9.638,0,13.004,1570.2684,4.206,1.52619588926669,0.837409185222868,2019-07-11,7153.3181,0.19972,0.402445620612094,33.3413600023281,12.5015662837482
"AC",71,0.159687642468084,70.859,71.0179,1.3,"1200013",0,0,0,0,0,0,0,930.5202,2.271,1.52619588926669,0.779366972341659,2019-07-11,7479.0424,0.20478,0.402445620612094,33.3413600023281,12.5015662837482
"AC",51,0.0903765215487822,206.801,187.7098,0.353,"1200013",6.7089,3.237,0,0,0,0,0,713.8742,1.691,1.52619588926669,0.807192714759196,2019-07-11,7812.0936,0.19978,0.402445620612094,33.3413600023281,12.5015662837482
"AC",36,0.108989794855664,85.724,70.6608,0.662,"1200013",22.2732,25.924,1.51,1.504,0.812,0.773,4.599,1575.9932,4.165,1.52619588926669,0.819434529404081,2019-07-11,6161.9041,0.16995,0.402445620612094,33.3413600023281,12.5015662837482
"AC",18,0.245912806858579,24.076,24.1285,0.97,"1200013",2e-04,0.001,0,0,0,0,0,678.5119,1.825,1.52619588926669,0.741734121074755,2020-05-17,6034.856,0.17678,0.402445620612094,33.3413600023281,12.5015662837482
"AC",6,0.0816496580927726,9.698,9.7199,0.802,"1200013",0,0,0,0,0,0,0,630.2905,1.748,1.52619588926669,0.765313051856511,2020-05-17,5824.914,0.17529,0.402445620612094,33.3413600023281,12.5015662837482
"AC",13,0.229965982852212,9.601,9.6228,1.756,"1200013",0,0,0,0,0,0,0,660.2536,1.811,1.52619588926669,0.770761310134466,2020-05-17,5380.4377,0.16173,0.402445620612094,33.3413600023281,12.5015662837482
"AC",36,0.128989794855664,13.137,13.1667,3.554,"1200013",0,0,0,0,0,0,0,569.7858,1.547,1.52619588926669,0.746954883205099,2020-05-17,5949.502,0.17538,0.402445620612094,33.3413600023281,12.5015662837482
"AC",41,0.21682680124837,69.515,63.6838,0.837,"1200013",4.4158,6.338,0,0,0,0,0,1021.9387,2.516,1.52619588926669,0.786756375997421,2019-07-11,7590.7197,0.20784,0.402445620612094,33.3413600023281,12.5015662837482
"AC",45,0.02204859166792,578.422,256.7861,0.228,"1200013",311.3976,53.717,2.248,0.673,1.433,0,4.354,1940.7366,3.934,1.52619588926669,0.847393486792651,2019-07-11,9601.1613,0.20642,0.402445620612094,33.3413600023281,12.5015662837482
"AC",10,0.060977316034756,52.716,38.7314,0.336,"1200013",15.8395,29.98,2.261,1.877,0,0,4.138,1745.5144,4.559,1.52619588926669,0.837734059346516,2019-07-11,6127.5172,0.16708,0.402445620612094,33.3413600023281,12.5015662837482
"AC",8,0.0492911148869311,56.209,54.5783,0.191,"1200013",0.1064,0.189,0,0,0,0,0,1502.1015,3.976,1.52619588926669,0.847714767427354,2019-07-11,6665.8596,0.18551,0.402445620612094,33.3413600023281,12.5015662837482
"AC",5,0.114285714285714,9.404,9.4246,0.69,"1200013",0,0,0,0,0,0,0,546.3401,1.514,1.52619588926669,0.75121802634224,2020-05-17,5769.7272,0.17388,0.402445620612094,33.3413600023281,12.5015662837482
"AC",16,0.117263449868785,14.515,14.5471,1.43,"1200013",0,0,0,0,0,0,0,671.644,1.838,1.52619588926669,0.771427425535766,2020-05-17,5810.8987,0.17253,0.402445620612094,33.3413600023281,12.5015662837482
"AC",43,0.145532464476952,39.24,37.8544,1.477,"1200013",1.6905,4.299,0,0,1.141,0,1.141,488.4611,1.263,1.52619588926669,0.764562897462137,2019-07-11,6311.3011,0.17979,0.402445620612094,33.3413600023281,12.5015662837482
"AC",25,0.275026779124845,12.016,12.0256,2.703,"1200013",0,0,0,0,0,0,0,633.3553,1.728,1.52619588926669,0.749574158695627,2020-05-17,5760.9917,0.17243,0.402445620612094,33.3413600023281,12.5015662837482
"AC",24,0.038423368514246,74.437,73.3618,0.425,"1200013",8.9768,12.033,0,0,6.379,3.073,9.452,895.1994,2.193,1.52619588926669,0.759018271518077,2019-07-11,7732.5199,0.2108,0.402445620612094,33.3413600023281,12.5015662837482
"AC",10,0.1,9.997,10.0198,1.297,"1200013",0,0,0,0,0,0,0,689.6928,1.905,1.52619588926669,0.772594834911714,2020-05-17,5781.2983,0.17275,0.402445620612094,33.3413600023281,12.5015662837482
"AC",21,0.0412671608303619,94.736,55.454,0.492,"1200013",33.3561,35.131,0,2.333,0,0,2.333,1615.5084,4.265,1.52619588926669,0.821090398545799,2019-07-11,6234.1665,0.17161,0.402445620612094,33.3413600023281,12.5015662837482
"AC",24,0.0951074677462425,77.941,60.9933,0.512,"1200013",6.0523,7.748,0,0,1.135,0,1.135,699.9562,1.788,1.52619588926669,0.779821325836737,2019-07-11,7221.7561,0.19923,0.402445620612094,33.3413600023281,12.5015662837482
"AC",6,0.0512090287441405,54.971,54.8888,0.142,"1200013",0.2159,0.392,0,0,0,0,0,1574.4226,4.203,1.52619588926669,0.826472284696124,2019-07-11,6537.4997,0.18186,0.402445620612094,33.3413600023281,12.5015662837482
"AC",6,0.0308423169310316,44.024,15.5361,0.502,"1200013",28.4091,64.386,0.709,0.873,0,0,1.582,977.3962,2.621,1.52619588926669,0.821168476386249,2019-07-11,6970.2834,0.19543,0.402445620612094,33.3413600023281,12.5015662837482
"AC",5,0.0889897948556636,13.625,13.6554,0.476,"1200013",0,0,0,0,0,0,0,683.6283,1.846,1.52619588926669,0.77323951860475,2020-05-17,5695.9173,0.16766,0.402445620612094,33.3413600023281,12.5015662837482
"AC",9,0.10544523597953,74.202,59.2832,0.197,"1200013",6.0709,8.163,0,0,1.192,0,1.192,700.3811,1.794,1.52619588926669,0.779936329802614,2019-07-11,7220.5878,0.19956,0.402445620612094,33.3413600023281,12.5015662837482
"AC",33,0.0918558653543692,39.507,36.0995,1.188,"1200013",2.2728,5.74,11.768,0,0,0,11.768,1638.6116,4.313,1.52619588926669,0.828663215048743,2019-07-11,6026.2243,0.16557,0.402445620612094,33.3413600023281,12.5015662837482
"AC",59,0.0411827106300891,97.69,77.6638,0.988,"1200013",45.9307,46.912,0,3.168,4.174,4.42,11.762,1425.0926,3.735,1.52619588926669,0.816240600597402,2019-07-11,5978.7894,0.16426,0.402445620612094,33.3413600023281,12.5015662837482
"AC",19,0.116127682391999,35.668,33.2567,0.743,"1200013",2.0447,5.72,0.023,0,0,0,0.023,1788.3386,4.895,1.52619588926669,0.843054421619567,2019-07-11,6338.2475,0.18109,0.402445620612094,33.3413600023281,12.5015662837482
"AC",59,0.149898715234655,39.718,37.4314,2.049,"1200013",0,0,0,0,0,0.227,0.227,811.7698,2.198,1.52619588926669,0.817114140809519,2019-07-11,6816.2954,0.19417,0.402445620612094,33.3413600023281,12.5015662837482
"AC",17,0.0486022778734101,70.102,49.1035,0.45,"1200013",30.589,43.537,3.776,2.145,0.177,3.483,9.581,2119.2961,5.211,1.52619588926669,1.07673429106713,2020-07-21,20745.8825,0.58517,0.402445620612094,33.3413600023281,12.5015662837482
"AC",19,0.203822942591142,15.344,15.3784,1.606,"1200013",0,0,0,0,0,0,0,689.225,1.872,1.52619588926669,0.775955834541172,2020-05-17,5441.0483,0.16122,0.402445620612094,33.3413600023281,12.5015662837482
"AC",29,0.154596030728872,100.742,72.6253,0.519,"1200054",47.2456,46.793,7.336,5.425,2.158,3.063,17.982,1936.6203,4.76,2.52240604740845,0.969745503388396,2019-04-08,16916.8752,0.46814,0.364380015267266,30.1143816915726,2.21095372572364
"AC",23,0.131595917942265,42.474,39.8526,0.75,"1200054",3.2291,7.586,0,0,0,0,0,2073.729,5.288,2.52240604740845,0.913956247562232,2019-04-08,13508.0391,0.38867,0.364380015267266,30.1143816915726,2.21095372572364
"AC",12,0.024772148524406,130.935,72.6821,0.215,"1200054",76.9849,58.665,1.953,5.11,0.814,0.674,8.551,2406.0348,5.757,2.52240604740845,0.963826174415613,2019-04-08,24402.8443,0.66402,0.364380015267266,30.1143816915726,2.21095372572364
"AC",16,0.0914939996287905,146.478,104.1902,0.2,"1200054",93.7944,63.89,0,3.352,12.824,1.204,17.38,2127.3441,4.898,2.52240604740845,0.936474749389596,2019-04-08,16299.4014,0.42407,0.364380015267266,30.1143816915726,2.21095372572364
"AC",16,0.0380579321649442,96.447,55.7786,0.373,"1200054",44.8672,46.416,1.08,0,1.882,0,2.962,2541.4791,5.945,2.52240604740845,0.790571420687411,2019-04-08,26059.2015,0.69465,0.364380015267266,30.1143816915726,2.21095372572364
"AC",23,0.0688804533657286,117.517,92.5035,0.323,"1200054",41.8741,35.553,1.377,1.876,2.476,2.255,7.984,1858.9171,4.487,2.52240604740845,0.963572119465693,2019-04-08,14755.8249,0.39976,0.364380015267266,30.1143816915726,2.21095372572364
"AC",19,0.208309511182358,63.492,48.6122,0.508,"1200054",45.9281,72.175,6.403,13.861,8.843,4.999,34.106,1898.7686,4.77,2.52240604740845,0.950033528453338,2019-04-08,13746.553,0.38952,0.364380015267266,30.1143816915726,2.21095372572364
"AC",16,0.078213504785608,72.476,42.2736,0.492,"1200054",30.2953,41.707,0,1.594,0.931,0,2.525,2162.9989,5.214,2.52240604740845,0.835974053379379,2019-04-08,22172.291,0.60463,0.364380015267266,30.1143816915726,2.21095372572364
"AC",6,0.160196123382526,22.871,15.8158,0.493,"1200054",12.5421,54.717,16.663,10.41,6.006,2.789,35.868,1980.8321,5.166,2.52240604740845,0.980780966255949,2019-04-08,19534.3426,0.57526,0.364380015267266,30.1143816915726,2.21095372572364
"AC",13,0.110901266151235,28.02,25.7805,0.656,"1200054",4.984,17.748,0,1.192,3.567,0,4.759,2607.8625,6.518,2.52240604740845,0.919516432042626,2019-04-08,20523.5188,0.5829,0.364380015267266,30.1143816915726,2.21095372572364
"AC",12,0.0834773360562184,61.02,41.1124,0.379,"1200054",25.5745,41.818,5.329,3.418,1.469,0.59,10.806,1949.4299,4.871,2.52240604740845,0.97641639385314,2019-04-08,18813.6793,0.53072,0.364380015267266,30.1143816915726,2.21095372572364
"AC",9,0.0452658467448322,95.477,56.4981,0.207,"1200054",49.5226,51.753,1.201,2.032,0,1.18,4.413,1934.1833,4.694,2.52240604740845,0.975466424192274,2019-04-08,17260.8119,0.47218,0.364380015267266,30.1143816915726,2.21095372572364
"AC",40,0.185958707928838,54.651,48.9974,1.061,"1200054",10.3229,18.846,9.021,4.643,0.659,0,14.323,1961.1584,4.949,2.52240604740845,0.968393270373715,2019-04-08,17954.8433,0.51164,0.364380015267266,30.1143816915726,2.21095372572364
"AC",7,0.0286643988568141,75.466,49.1155,0.185,"1200054",36.517,48.281,6.661,2.498,0,0.781,9.94,2474.086,6.089,2.52240604740845,0.954746056555084,2019-04-08,23977.0331,0.67155,0.364380015267266,30.1143816915726,2.21095372572364
"AC",8,0.048650425541052,24.391,20.0915,0.518,"1200054",7.5599,30.925,0,0.03,0.249,0,0.279,2499.1447,6.418,2.52240604740845,0.927240088913731,2019-04-08,20117.9622,0.58969,0.364380015267266,30.1143816915726,2.21095372572364
"AC",15,0.0732159305054809,49.435,35.7343,0.546,"1200054",29.7445,60.035,1.249,13.02,5.385,0.713,20.367,1954.2873,5.009,2.52240604740845,0.921982954908354,2019-04-08,12823.2825,0.37044,0.364380015267266,30.1143816915726,2.21095372572364
"AC",5,0.0312944064547525,87.44,57.883,0.112,"1200054",34.5033,39.371,0.593,1.854,2.338,0,4.785,2262.6841,5.561,2.52240604740845,0.97472740913293,2019-04-08,23980.8998,0.66487,0.364380015267266,30.1143816915726,2.21095372572364
"AC",19,0.0692638365800551,100.263,93.3026,0.265,"1200054",18.1433,18.055,2.727,5.235,4.998,1.134,14.094,2224.5943,5.312,2.52240604740845,0.833448063915637,2019-04-08,22913.8388,0.61943,0.364380015267266,30.1143816915726,2.21095372572364
"AC",10,0.0504151379222836,69.876,58.2166,0.223,"1200054",24.3345,34.747,1.262,2.552,3.485,2.875,10.174,1839.7069,4.545,2.52240604740845,0.965713739106478,2019-04-08,14673.9705,0.40685,0.364380015267266,30.1143816915726,2.21095372572364
"AC",17,0.150937579148935,50.271,42.203,0.524,"1200054",15.9609,31.679,0.143,0,0.797,5.072,6.012,1845.6047,4.702,2.52240604740845,0.96874118919542,2019-04-08,14946.1468,0.42782,0.364380015267266,30.1143816915726,2.21095372572364
"AC",14,0.0582828647736501,59.059,39.5686,0.46,"1200054",43.2616,73.088,3.306,2.262,5.002,3.701,14.271,2243.664,5.56,2.52240604740845,0.978858233064248,2019-04-08,25002.2048,0.6996,0.364380015267266,30.1143816915726,2.21095372572364
"AC",35,0.0712721209070363,100.863,56.934,0.799,"1200054",52.9503,52.38,0,2.406,2.646,0.262,5.314,2619.549,6.276,2.52240604740845,0.930831992998713,2019-04-08,22743.2422,0.62317,0.364380015267266,30.1143816915726,2.21095372572364
"AC",11,0.060353498162737,44.159,38.8591,0.368,"1200054",10.4068,23.514,0,4.393,1.398,0,5.791,2560.4409,6.465,2.52240604740845,0.919062750658091,2019-04-08,19766.9674,0.56726,0.364380015267266,30.1143816915726,2.21095372572364
"AC",10,0.0841012012512303,117.723,55.3684,0.235,"1200054",81.6994,69.245,2.414,5.44,4.268,0.598,12.72,2042.9667,4.947,2.52240604740845,0.990285131802525,2019-04-08,21506.2785,0.58737,0.364380015267266,30.1143816915726,2.21095372572364
"AC",23,0.0477265236602594,83.088,43.5374,0.687,"1200054",44.6236,53.586,0,1.534,0,0,1.534,2379.302,5.64,2.52240604740845,0.857199115735818,2019-04-08,23625.5021,0.63371,0.364380015267266,30.1143816915726,2.21095372572364
"AC",6,0.0816496580927726,20.102,14.8683,0.525,"1200054",12.3569,61.333,2.787,6.096,3.509,3.509,15.901,1969.8546,5.039,2.52240604740845,0.948887271629082,2019-04-08,14874.865,0.42987,0.364380015267266,30.1143816915726,2.21095372572364
"AC",69,0.0457763484239275,292.792,151.2302,0.593,"1200054",178.1091,60.695,0.723,0.638,1.295,0.964,3.62,2487.216,5.553,2.52240604740845,0.800568190976742,2019-04-08,25152.499,0.63737,0.364380015267266,30.1143816915726,2.21095372572364
"AC",9,0.0503443101274671,109.408,42.4627,0.276,"1200054",74.1794,67.649,2.242,0.622,0.564,0.322,3.75,2493.0657,5.81,2.52240604740845,0.792502330355556,2019-04-08,25741.8022,0.68371,0.364380015267266,30.1143816915726,2.21095372572364
"AC",7,0.100382857160842,56.805,41.3267,0.22,"1200054",34.0251,59.764,2.668,7.895,2.029,3.415,16.007,1919.0769,4.818,2.52240604740845,0.963300660726533,2019-04-08,15944.1398,0.45174,0.364380015267266,30.1143816915726,2.21095372572364
"AC",16,0.0700716459234528,50.457,43.9864,0.473,"1200054",5.8012,11.472,0,0,0,0,0,2542.7741,6.375,2.52240604740845,0.917125301257022,2019-04-08,19129.9873,0.54489,0.364380015267266,30.1143816915726,2.21095372572364
"AC",5,0.00727272727272728,84.756,28.2651,0.23,"1200054",61.374,72.251,1.249,1.069,0,0.008,2.326,2500.975,6.072,2.52240604740845,0.949355737978439,2019-04-08,23421.6277,0.64769,0.364380015267266,30.1143816915726,2.21095372572364
"AC",23,0.0655470385818699,115.882,58.3552,0.512,"1200054",78.6706,67.737,4.327,7.329,1.288,2.498,15.442,2025.3078,4.748,2.52240604740845,0.987031134050711,2019-04-08,20879.841,0.5523,0.364380015267266,30.1143816915726,2.21095372572364
"AC",15,0.0758763499150962,54.057,36.2604,0.538,"1200054",18.4719,34.095,1.166,1.597,0.688,0,3.451,2136.1436,5.391,2.52240604740845,0.9201121219796,2019-04-08,14268.5794,0.40698,0.364380015267266,30.1143816915726,2.21095372572364
"AC",18,0.0873857425566271,53.419,33.5125,0.698,"1200054",28.631,53.477,6.477,4.291,0.05,0.452,11.27,1888.757,4.754,2.52240604740845,0.943228612657175,2019-04-08,13325.5874,0.3786,0.364380015267266,30.1143816915726,2.21095372572364
"AC",92,0.137905888720481,140.446,121.9849,0.98,"1200054",20.1393,14.308,0,0,0,0,0,2220.6841,5.326,2.52240604740845,0.906380991326264,2019-04-08,14317.8449,0.3873,0.364380015267266,30.1143816915726,2.21095372572364
"AC",23,0.0598863903751459,110.535,78.7329,0.38,"1200054",77.9836,70.393,0,3.271,7.933,2.894,14.098,2349.0695,5.526,2.52240604740845,0.855159585244351,2019-04-08,24243.8961,0.6476,0.364380015267266,30.1143816915726,2.21095372572364
"AC",7,0.0137931034482759,49.616,36.7169,0.248,"1200054",27.4146,55.13,2.077,11.555,7.108,0.266,21.006,1945.7149,4.949,2.52240604740845,0.92262742504761,2019-04-08,12759.7218,0.36575,0.364380015267266,30.1143816915726,2.21095372572364
"AC",32,0.126444196980638,22.686,21.5373,1.932,"1200054",1.1763,5.173,0,0,0,0,0,2484.5805,6.421,2.52240604740845,0.935227138883979,2019-04-08,20203.497,0.59449,0.364380015267266,30.1143816915726,2.21095372572364
"AC",16,0.0619527802789518,77.489,76.5871,0.272,"1200054",27.3794,35.254,0,5.124,2.454,5.299,12.877,2228.1423,5.351,2.52240604740845,0.831140434621664,2019-04-08,23173.0328,0.63016,0.364380015267266,30.1143816915726,2.21095372572364
"AC",11,0.0131286224097331,87.817,43.6837,0.327,"1200054",73.7995,83.85,1.406,9.138,7.614,0.301,18.459,2166.0438,5.197,2.52240604740845,0.838096792269063,2019-04-08,22045.8028,0.59759,0.364380015267266,30.1143816915726,2.21095372572364
"AC",7,0.0689897948556636,69.801,17.1609,0.53,"1200054",58.9574,84.276,0.99,0.996,3.158,0.505,5.649,1988.7614,4.952,2.52240604740845,0.917335974757596,2019-04-08,12834.1986,0.3606,0.364380015267266,30.1143816915726,2.21095372572364
"AC",7,0.0613722723142507,49.995,30.8495,0.295,"1200054",28.1251,56.13,5.996,13.666,1.494,0.539,21.695,2126.7464,5.358,2.52240604740845,0.924981362749259,2019-04-08,14557.3461,0.41501,0.364380015267266,30.1143816915726,2.21095372572364
"AC",22,0.0957400582662865,84.943,63.9501,0.447,"1200054",44.4599,52.224,4.426,0.285,1.987,4.204,10.902,2012.1114,4.939,2.52240604740845,0.958479799423719,2019-04-08,17149.2609,0.4759,0.364380015267266,30.1143816915726,2.21095372572364
"AC",12,0.0587936598713502,72.189,43.4846,0.359,"1200054",32.53,44.961,0.78,3.063,1.063,0,4.906,1972.1677,4.832,2.52240604740845,0.956318982143339,2019-04-08,15750.1611,0.43571,0.364380015267266,30.1143816915726,2.21095372572364
"AC",8,0.0262827236368874,172.266,110.2856,0.094,"1200054",94.8582,54.942,6.278,6.974,2.861,1.28,17.393,2552.1122,5.835,2.52240604740845,0.950002242341073,2019-04-08,24131.5795,0.62774,0.364380015267266,30.1143816915726,2.21095372572364
"AC",76,0.23439770920791,73.031,65.6775,1.504,"1200104",8.2877,11.323,0,0,0,0,0,1018.391,2.309,1.84808122548337,0.160521735456571,2019-08-16,9571.6573,0.26428,0.346607542850755,30.8266834361413,9.92496768218516
"AC",55,0.134848162224812,124.053,75.0651,0.953,"1200104",54.0457,43.469,0,0,0,0.538,0.538,1023.6774,2.488,1.84808122548337,0.261484413995524,2018-07-20,10317.8941,0.27962,0.346607542850755,30.8266834361413,9.92496768218516
"AC",26,0.191886837612969,51.844,38.0655,0.888,"1200104",12.8855,24.798,0,0,0,0,0,932.7892,2.149,1.84808122548337,0.138830375841748,2019-08-16,9233.4219,0.26023,0.346607542850755,30.8266834361413,9.92496768218516
"AC",28,0.128769461595549,87.12,65.3525,0.557,"1200104",27.7602,31.793,0,0,0,2.439,2.439,1029.1107,2.353,1.84808122548337,0.174562277398281,2019-08-16,9334.506,0.25457,0.346607542850755,30.8266834361413,9.92496768218516
"AC",121,0.184515213430247,81.057,72.6746,2.164,"1200104",12.1931,15.009,10.453,0.743,0,0,11.196,1606.1352,3.83,1.84808122548337,0.275900692212549,2018-07-20,9377.8884,0.25416,0.346607542850755,30.8266834361413,9.92496768218516
"AC",10,0.121349720257723,71.16,50.5958,0.257,"1200104",19.781,27.736,0,0,0,0,0,1034.399,2.428,1.84808122548337,0.192454563280039,2019-08-16,9181.0757,0.25666,0.346607542850755,30.8266834361413,9.92496768218516
"AC",71,0.251045757890334,68.269,68.4215,1.349,"1200104",4.3305,6.329,0,0,6.2,0,6.2,1026.9269,2.329,1.84808122548337,0.163441431437422,2019-08-16,9672.9947,0.2673,0.346607542850755,30.8266834361413,9.92496768218516
"AC",119,0.129617482632209,65.165,44.445,3.481,"1200104",16.853,25.804,1.015,0,0,0,1.015,1203.0675,2.962,1.84808122548337,0.27027574644046,2018-07-20,10061.5683,0.27834,0.346607542850755,30.8266834361413,9.92496768218516
"AC",70,0.216259485292396,79.082,70.0871,1.298,"1200104",27.4678,34.656,1.567,19.974,0.781,0,22.322,1585.4837,3.783,1.84808122548337,0.279299396755961,2018-07-20,9533.1823,0.25892,0.346607542850755,30.8266834361413,9.92496768218516
"AC",137,0.25606226660881,67.745,62.8313,2.835,"1200104",7.7958,11.482,0,0,0,0,0,1439.3396,3.421,1.84808122548337,0.258876678960735,2018-07-20,9755.5367,0.26675,0.346607542850755,30.8266834361413,9.92496768218516
"AC",77,0.112529836213408,65.317,41.3411,2.421,"1200104",24.1998,36.967,0,0,0,0.375,0.375,907.405,2.274,1.84808122548337,0.258808974370463,2018-07-20,9673.8383,0.26852,0.346607542850755,30.8266834361413,9.92496768218516
"AC",59,0.0562292163002576,82.232,69.8415,1.098,"1200104",24.2066,29.371,0.798,2.818,0,0,3.616,1982.1982,4.568,1.84808122548337,0.275560995212677,2020-05-17,11521.7474,0.31045,0.346607542850755,30.8266834361413,9.92496768218516
"AC",87,0.258054189724565,76.195,68.2891,1.656,"1200104",10.0841,13.205,0,0.81,0,0.845,1.655,1742.5934,4.15,1.84808122548337,0.294702761473355,2018-07-20,10168.0712,0.27601,0.346607542850755,30.8266834361413,9.92496768218516
"AC",46,0.13302296404673,86.289,71.6853,0.834,"1200104",14.5836,16.863,0,0.32,0,0,0.32,1980.6346,4.551,1.84808122548337,0.266331909367838,2020-05-17,11282.1489,0.30329,0.346607542850755,30.8266834361413,9.92496768218516
"AC",17,0.0908607267086737,71.125,53.7016,0.412,"1200104",23.1297,32.447,0.868,0,0.131,3.423,4.422,1536.8775,3.777,1.84808122548337,0.295149493383601,2018-07-20,9705.9729,0.27098,0.346607542850755,30.8266834361413,9.92496768218516
"AC",56,0.158709368797532,62.855,53.8312,1.352,"1200104",14.4508,22.939,0,0.842,16.224,0.034,17.1,1217.7072,2.976,1.84808122548337,0.256741784630437,2018-07-20,9717.7521,0.2685,0.346607542850755,30.8266834361413,9.92496768218516
"AC",45,0.0742495801206413,74.716,37.031,1.58,"1200104",39.2706,52.442,0,0,1.062,0.322,1.384,746.0253,1.863,1.84808122548337,0.241427710213586,2018-07-20,8349.8275,0.23423,0.346607542850755,30.8266834361413,9.92496768218516
"AC",14,0.0684536883505104,65.396,51.8287,0.351,"1200104",8.1106,12.375,0,0,0,0,0,973.1807,2.217,1.84808122548337,0.14287680696638,2019-08-16,9617.5638,0.26662,0.346607542850755,30.8266834361413,9.92496768218516
"AC",62,0.15805668935182,80.053,64.2087,1.255,"1200104",15.1779,18.917,0,0,0.052,0,0.052,1725.4373,4.105,1.84808122548337,0.297690723875057,2018-07-20,10206.6206,0.27683,0.346607542850755,30.8266834361413,9.92496768218516
"AC",15,0.175164598656214,29.932,28.48,0.685,"1200104",0.0478,0.159,0,0,0,0,0,887.6791,2.072,1.84808122548337,0.135375011066567,2019-08-16,8947.0178,0.25179,0.346607542850755,30.8266834361413,9.92496768218516
"AC",24,0.102724885366073,80.582,61.2167,0.51,"1200104",39.3834,48.765,1.542,0.909,4.992,11.523,18.966,1081.0918,2.356,1.84808122548337,0.142203932161079,2019-08-16,11192.9527,0.29991,0.346607542850755,30.8266834361413,9.92496768218516
"AC",26,0.125467998444052,79.203,53.1112,0.636,"1200104",35.0175,44.114,1.433,0.106,0,2.686,4.225,1048.9546,2.28,1.84808122548337,0.137040542735208,2019-08-16,10890.1112,0.29152,0.346607542850755,30.8266834361413,9.92496768218516
"AC",48,0.190097491726677,63.156,50.1952,1.243,"1200104",14.1876,22.414,4.363,1.15,0,0,5.513,917.624,2.012,1.84808122548337,0.118658950881634,2019-08-16,9185.9479,0.2442,0.346607542850755,30.8266834361413,9.92496768218516
"AC",15,0.259979259898158,71.391,65.6256,0.297,"1200104",5.5172,7.711,0,0.02,0,0,0.02,1031.2613,2.33,1.84808122548337,0.150487760916071,2019-08-16,9874.8015,0.27245,0.346607542850755,30.8266834361413,9.92496768218516
"AC",8,0.118980633964718,115.434,72.2955,0.144,"1200104",42.8062,37,0,0,0,0,0,1061.6419,2.277,1.84808122548337,0.161101995616328,2019-08-16,10133.0585,0.26113,0.346607542850755,30.8266834361413,9.92496768218516
"AC",84,0.184444545883924,80.028,73.6661,1.482,"1200104",10.3353,12.886,0,0,0,0,0,1630.8247,3.844,1.84808122548337,0.265758325159244,2018-07-20,9248.9377,0.25105,0.346607542850755,30.8266834361413,9.92496768218516
"AC",13,0.284948974278318,16.088,15.6919,1.077,"1200104",1.7296,10.726,3.677,2.777,0,0,6.454,963.6114,2.296,1.84808122548337,0.131068863874629,2019-08-16,9973.3056,0.29158,0.346607542850755,30.8266834361413,9.92496768218516
"AC",24,0.108739534327879,23.021,16.9407,1.842,"1200104",5.9889,25.957,0,0,0,0,0,901.7764,1.99,1.84808122548337,0.119616956471327,2019-08-16,9093.4895,0.24404,0.346607542850755,30.8266834361413,9.92496768218516
"AC",40,0.0989158227682475,85.685,58.2468,0.893,"1200104",28.4096,33.082,0,0,2.05,0.062,2.112,953.852,2.32,1.84808122548337,0.263826855927791,2018-07-20,10106.2329,0.27151,0.346607542850755,30.8266834361413,9.92496768218516
"AC",6,0.0718847649100064,71.562,57.9467,0.135,"1200104",19.6773,27.435,0,1.971,1.601,0,3.572,690.9532,1.718,1.84808122548337,0.262163515682251,2018-07-20,8511.4116,0.23436,0.346607542850755,30.8266834361413,9.92496768218516
"AC",22,0.0823979581996885,75.668,71.9959,0.397,"1200104",2.7689,3.651,0,0,0,0,0,1967.137,4.556,1.84808122548337,0.278139400860138,2020-05-17,11440.5536,0.30985,0.346607542850755,30.8266834361413,9.92496768218516
"AC",14,0.136055813681636,117.754,67.0659,0.271,"1200104",58.468,49.541,0.016,2.696,0.254,0.288,3.254,966.7778,2.053,1.84808122548337,0.12533643073919,2019-08-16,10158.0843,0.26139,0.346607542850755,30.8266834361413,9.92496768218516
"AC",56,0.190940652869195,75.158,63.5022,1.146,"1200104",14.9502,19.847,0,0.555,0,1.085,1.64,1615.1902,3.824,1.84808122548337,0.269893559275021,2018-07-20,9239.8495,0.2508,0.346607542850755,30.8266834361413,9.92496768218516
"AC",49,0.140809049426057,66.732,50.5343,1.261,"1200104",17.6561,26.399,0,0,0,0,0,1085.8546,2.52,1.84808122548337,0.174898067637399,2019-08-16,9616.3783,0.26584,0.346607542850755,30.8266834361413,9.92496768218516
"AC",14,0.134437824788905,50.407,40.4761,0.45,"1200104",12.5415,24.825,0,0,0.02,0,0.02,1512.5832,3.811,1.84808122548337,0.303990471505186,2018-07-20,9436.5032,0.26965,0.346607542850755,30.8266834361413,9.92496768218516
"AC",19,0.151168082532794,81.521,55.1955,0.448,"1200104",24.5474,30.044,0,0,0,0,0,1045.0006,2.372,1.84808122548337,0.161011046317208,2019-08-16,9797.9065,0.26818,0.346607542850755,30.8266834361413,9.92496768218516
"AC",52,0.0638619212594,115.7,77.2578,0.875,"1200104",38.5133,33.213,0,0.869,0,0,0.869,965.0098,2.126,1.84808122548337,0.13442867695866,2019-08-16,9642.4823,0.25983,0.346607542850755,30.8266834361413,9.92496768218516
"AC",74,0.175277013989674,65.884,55.6887,1.727,"1200104",9.4527,14.315,0,0,0,0,0,1199.201,2.952,1.84808122548337,0.275109779272769,2018-07-20,10435.4077,0.28785,0.346607542850755,30.8266834361413,9.92496768218516
"AC",36,0.112659863237109,61.715,53.0985,0.881,"1200104",7.9998,12.934,0,0,0,0,0,1052.8833,2.496,1.84808122548337,0.175460026815175,2019-08-16,9296.8098,0.2625,0.346607542850755,30.8266834361413,9.92496768218516
"AC",16,0.0449937975025537,89.661,57.527,0.362,"1200104",29.9923,33.376,0,0,0,0,0,1972.1837,4.526,1.84808122548337,0.263533366558845,2020-05-17,11344.2605,0.30475,0.346607542850755,30.8266834361413,9.92496768218516
"AC",74,0.195829922869563,57.825,57.8521,1.663,"1200104",0.0749,0.129,0,0,0,0,0,994.1619,2.504,1.84808122548337,0.271211571333421,2018-07-20,10396.3861,0.29112,0.346607542850755,30.8266834361413,9.92496768218516
"AC",101,0.229000985963755,72.537,69.6482,1.885,"1200104",2.5545,3.514,0,0,0,0.146,0.146,780.3897,1.951,1.84808122548337,0.26095526769783,2018-07-20,9049.8044,0.25139,0.346607542850755,30.8266834361413,9.92496768218516
"AC",50,0.0954124145231932,71.227,63.2279,1.028,"1200104",7.9898,11.192,0,0,0,0,0,675.7251,1.662,1.84808122548337,0.257909691286538,2018-07-20,8318.4267,0.22937,0.346607542850755,30.8266834361413,9.92496768218516
"AC",42,0.246108709581537,72.364,61.5306,0.887,"1200104",8.9635,12.359,0,0,0,0,0,1057.0568,2.385,1.84808122548337,0.153385221257793,2019-08-16,9953.7638,0.27457,0.346607542850755,30.8266834361413,9.92496768218516
"AC",130,0.232208298763252,78.291,66.9056,2.526,"1200104",16.5317,21.069,0,0.769,0.123,0,0.892,1580.641,3.774,1.84808122548337,0.28999828810759,2018-07-20,10043.2621,0.27234,0.346607542850755,30.8266834361413,9.92496768218516
"AC",10,0.0871325532646169,82.071,34.3142,0.379,"1200104",58.4545,71.065,0.676,0.737,0.791,2.042,4.246,989.0515,2.182,1.84808122548337,0.129910198290099,2019-08-16,10242.6044,0.27423,0.346607542850755,30.8266834361413,9.92496768218516
"AC",97,0.191863507910901,51.395,49.6719,2.539,"1200104",2.0528,3.985,0,0,0,0,0,905.3391,2.282,1.84808122548337,0.269588367307945,2018-07-20,9986.9088,0.27776,0.346607542850755,30.8266834361413,9.92496768218516
"AC",63,0.117755099679252,65.29,39.1287,2.093,"1200104",24.6908,37.733,0,0,0,0,0,953.7312,2.379,1.84808122548337,0.245045456902193,2018-07-20,9409.0007,0.26369,0.346607542850755,30.8266834361413,9.92496768218516
"AC",51,0.153060425970991,66.777,49.609,1.336,"1200104",28.8719,43.14,0,0,0,1.751,1.751,636.142,1.573,1.84808122548337,0.24309059314514,2018-07-20,7840.3717,0.21716,0.346607542850755,30.8266834361413,9.92496768218516
"AC",75,0.123096957112402,86.944,61.0416,1.597,"1200104",28.2229,32.389,0.497,0,0,0.406,0.903,797.1361,1.925,1.84808122548337,0.250541723862346,2018-07-20,9020.6307,0.24295,0.346607542850755,30.8266834361413,9.92496768218516
"AC",44,0.115699706936662,56.681,47.9322,1.193,"1200104",22.5119,39.628,4.045,10.105,3.632,0,17.782,1654.0162,4.065,1.84808122548337,0.306789865040339,2018-07-20,9535.1771,0.26775,0.346607542850755,30.8266834361413,9.92496768218516
"AC",15,0.0633999127045377,58.294,34.6094,0.563,"1200104",23.395,40.043,0,0,0,0,0,810.8764,1.995,1.84808122548337,0.27153418469035,2018-07-20,9628.7691,0.26065,0.346607542850755,30.8266834361413,9.92496768218516
"AC",106,0.213822697289787,68.71,64.8116,2.126,"1200104",3.8375,5.573,0.144,0,0,0.206,0.35,1372.4584,3.324,1.84808122548337,0.273177237519105,2018-07-20,9859.6187,0.2716,0.346607542850755,30.8266834361413,9.92496768218516
"AC",13,0.0561807570053939,65.703,44.8188,0.377,"1200104",18.1938,27.629,0,0,0,0,0,975.9544,2.235,1.84808122548337,0.155984284740327,2019-08-16,9451.3778,0.2618,0.346607542850755,30.8266834361413,9.92496768218516
"AC",73,0.201330965695899,78.807,66.9966,1.416,"1200104",14.9604,18.941,0,0.083,0,1.085,1.168,1621.8427,3.828,1.84808122548337,0.269560593636057,2018-07-20,9265.0951,0.25124,0.346607542850755,30.8266834361413,9.92496768218516
"AC",12,0.088072078539145,72.481,53.0216,0.294,"1200104",22.1028,30.427,8.875,0,0,0,8.875,1103.1448,2.495,1.84808122548337,0.173385615491634,2019-08-16,9951.7237,0.26906,0.346607542850755,30.8266834361413,9.92496768218516
"AC",54,0.176277936911707,71.357,59.4663,1.181,"1200104",19.0005,26.568,0,0.019,0,1.801,1.82,930.8041,2.306,1.84808122548337,0.255501028148293,2018-07-20,9636.1313,0.26622,0.346607542850755,30.8266834361413,9.92496768218516
"AC",74,0.274473281685313,73.77,66.8186,1.44,"1200104",9.7583,13.199,6.861,2.907,0,0,9.768,912.1954,1.998,1.84808122548337,0.117447737796988,2019-08-16,9178.6115,0.24395,0.346607542850755,30.8266834361413,9.92496768218516
"AC",18,0.0840700584210952,74.91,50.8408,0.46,"1200104",25.7617,34.313,0.942,0,0,0,0.942,684.8516,1.696,1.84808122548337,0.267651421474399,2018-07-20,8641.9964,0.23611,0.346607542850755,30.8266834361413,9.92496768218516
"AC",111,0.138632422527742,69.334,68.9147,2.094,"1200104",0,0,0,0,0,0,0,1369.1683,3.307,1.84808122548337,0.269026622962208,2018-07-20,9762.1003,0.26869,0.346607542850755,30.8266834361413,9.92496768218516
"AC",99,0.260324052804364,85.82,76.7803,1.676,"1200104",8.6795,10.091,0,0,2.26,0.668,2.928,923.4,2.285,1.84808122548337,0.265982129354936,2018-07-20,10054.2489,0.27444,0.346607542850755,30.8266834361413,9.92496768218516
"AC",30,0.0301660321544622,85.217,52.9272,0.737,"1200104",33.0809,38.733,0,0.126,0,0,0.126,1991.9623,4.583,1.84808122548337,0.27275915894767,2020-05-17,11477.6931,0.30838,0.346607542850755,30.8266834361413,9.92496768218516
"AC",114,0.180296050844774,65.531,55.6211,2.664,"1200104",9.8229,14.956,0,0,0,0,0,1041.1552,2.381,1.84808122548337,0.171301108978224,2019-08-16,9498.8401,0.26037,0.346607542850755,30.8266834361413,9.92496768218516
"AC",70,0.196162423481717,51.281,47.2239,1.927,"1200104",6.4111,12.474,1.021,3.501,0,0,4.522,933.7848,2.332,1.84808122548337,0.274830217330771,2018-07-20,10349.6637,0.2845,0.346607542850755,30.8266834361413,9.92496768218516
"AC",57,0.158994581290198,55.001,45.5422,1.627,"1200104",9.0071,16.34,0,0,0,0,0,891.9543,1.965,1.84808122548337,0.119214950211001,2019-08-16,9084.5728,0.24343,0.346607542850755,30.8266834361413,9.92496768218516
"AC",119,0.211538423249758,44.875,37.5227,4.123,"1200104",4.5002,10.006,0,0,0,0,0,987.6643,2.56,1.84808122548337,0.285883537400032,2018-07-20,10569.6367,0.30312,0.346607542850755,30.8266834361413,9.92496768218516
"AC",28,0.163870843418912,77.667,58.5712,0.621,"1200104",19.2466,24.726,0,0,0,0,0,997.4805,2.304,1.84808122548337,0.181186199503813,2019-08-16,9015.6306,0.24812,0.346607542850755,30.8266834361413,9.92496768218516
"AC",82,0.180329626362681,81.103,71.3047,1.495,"1200104",15.6463,19.249,5.912,1.125,0.87,0.853,8.76,1026.4577,2.242,1.84808122548337,0.134459758620379,2019-08-16,10697.4749,0.28672,0.346607542850755,30.8266834361413,9.92496768218516
"AC",14,0.13059674408065,50.25,41.1966,0.442,"1200104",13.1695,26.149,0,0,3.038,0,3.038,1517.345,3.817,1.84808122548337,0.303556671539273,2018-07-20,9436.7697,0.26963,0.346607542850755,30.8266834361413,9.92496768218516
"AC",24,0.178004367518207,61.585,54.5119,0.572,"1200104",6.9196,11.211,0,0,0,0,0,1043.5186,2.431,1.84808122548337,0.195801228983972,2019-08-16,9211.0607,0.2559,0.346607542850755,30.8266834361413,9.92496768218516
"AC",57,0.0807515353055877,82.482,55.2205,1.342,"1200104",36.1089,43.68,0,2.116,0,3.173,5.289,966.0358,2.13,1.84808122548337,0.127954678150032,2019-08-16,10074.8714,0.26909,0.346607542850755,30.8266834361413,9.92496768218516
"AC",22,0.090881936548403,66.764,54.9501,0.52,"1200104",13.0201,19.458,0,0,0.792,0,0.792,1041.7091,2.386,1.84808122548337,0.168231965891157,2019-08-16,9544.2938,0.26304,0.346607542850755,30.8266834361413,9.92496768218516
"AC",76,0.17594665936683,63.76,60.9825,1.62,"1200104",5.6135,8.784,0,0,0,1.867,1.867,1109.7617,2.585,1.84808122548337,0.205170435843662,2019-08-16,9336.8097,0.25837,0.346607542850755,30.8266834361413,9.92496768218516
"AC",35,0.197027495897148,34.94,34.4834,1.319,"1200104",0.1881,0.537,2.776,0,0,0,2.776,1657.8396,4.189,1.84808122548337,0.30834040878442,2018-07-20,9422.9141,0.2711,0.346607542850755,30.8266834361413,9.92496768218516
"AC",54,0.203436704234878,77.152,55.2608,1.27,"1200104",19.014,24.59,0,0,0,0,0,861.9818,2.119,1.84808122548337,0.242162765906343,2018-07-20,8987.4249,0.24904,0.346607542850755,30.8266834361413,9.92496768218516
"AC",211,0.268703775005285,133.458,125.4778,2.186,"1200104",6.196,4.632,0,0,0,0,0,1057.9286,2.358,1.84808122548337,0.167917068906006,2019-08-16,9872.7566,0.26491,0.346607542850755,30.8266834361413,9.92496768218516
"AC",84,0.126437992707188,66.65,60.6872,1.799,"1200104",6.0409,9.043,0.056,0,0,0,0.056,1359.6644,3.299,1.84808122548337,0.276347194584466,2018-07-20,9881.6701,0.27263,0.346607542850755,30.8266834361413,9.92496768218516
"AC",47,0.0914725074813099,64.232,41.4242,1.475,"1200104",19.1998,29.824,1.708,0,0,0,1.708,746.1545,1.877,1.84808122548337,0.245794506072265,2018-07-20,8494.0825,0.23905,0.346607542850755,30.8266834361413,9.92496768218516
"AC",467,0.264087494946783,144.376,137.905,4.402,"1200104",1.5823,1.094,0,0,0,0,0,963.0549,2.349,1.84808122548337,0.283057717184462,2018-07-20,10823.4793,0.29081,0.346607542850755,30.8266834361413,9.92496768218516
"AC",29,0.214150095276463,24.389,17.4126,2.165,"1200104",7.7298,31.624,2.992,0.178,0,0,3.17,911.6072,2.014,1.84808122548337,0.119618099643691,2019-08-16,9147.4475,0.2452,0.346607542850755,30.8266834361413,9.92496768218516
"AC",5,0.0395521468444729,53.716,32.4484,0.2,"1200104",16.2003,30.092,0,0,0,0,0,978.6108,2.273,1.84808122548337,0.14927037833779,2019-08-16,9392.8523,0.26405,0.346607542850755,30.8266834361413,9.92496768218516
"AC",73,0.2403326571126,76.71,67.7219,1.401,"1200104",14.52,18.886,2.414,1.329,2.644,0,6.387,1007.4535,2.274,1.84808122548337,0.147696707596115,2019-08-16,9757.3376,0.26888,0.346607542850755,30.8266834361413,9.92496768218516
"AC",11,0.0847521855768224,65.353,36.9507,0.387,"1200104",29.179,44.548,0,0,0,0,0,1012.9184,2.35,1.84808122548337,0.178475847281499,2019-08-16,9078.095,0.25024,0.346607542850755,30.8266834361413,9.92496768218516
"AC",7,0.198445838239482,36.444,31.003,0.294,"1200104",5.2967,14.501,0,0,0,0,0,1034.4163,2.353,1.84808122548337,0.151969135828546,2019-08-16,9804.6294,0.27245,0.346607542850755,30.8266834361413,9.92496768218516
"AC",70,0.236579208914319,80.667,72.3071,1.259,"1200104",11.9663,14.801,0,2.405,0,0.656,3.061,1799.8331,4.275,1.84808122548337,0.284577965529976,2018-07-20,10000.7797,0.27127,0.346607542850755,30.8266834361413,9.92496768218516
"AC",57,0.0838573635865718,83.981,60.0849,1.233,"1200104",34.0851,40.496,0.091,2.477,0,3.321,5.889,959.7905,2.127,1.84808122548337,0.127126077397778,2019-08-16,10049.762,0.26979,0.346607542850755,30.8266834361413,9.92496768218516
"AC",45,0.175381014816765,55.452,47.8717,1.222,"1200104",4.8779,8.777,0,0,0,0,0,936.2129,2.17,1.84808122548337,0.141524959864112,2019-08-16,9135.7708,0.25725,0.346607542850755,30.8266834361413,9.92496768218516
"AC",187,0.261601222542321,96.476,63.77,3.812,"1200104",30.6374,31.686,0,0,0,0,0,828.1028,2.025,1.84808122548337,0.275195475711769,2018-07-20,9898.829,0.26604,0.346607542850755,30.8266834361413,9.92496768218516
"AC",23,0.119517295165034,69.077,45.4034,0.659,"1200104",21.0933,30.468,0,0,0,0,0,979.5588,2.232,1.84808122548337,0.154073901383276,2019-08-16,9576.155,0.26442,0.346607542850755,30.8266834361413,9.92496768218516
"AC",96,0.250640920015397,64.032,54.8458,2.275,"1200104",10.3355,16.105,0,0,2.793,0.031,2.824,996.954,2.487,1.84808122548337,0.26689186001798,2018-07-20,10235.7034,0.28341,0.346607542850755,30.8266834361413,9.92496768218516
"AC",49,0.137875527563014,72.596,67.3488,0.946,"1200104",8.1939,11.262,0,0,0,0,0,903.364,2.041,1.84808122548337,0.13374607227897,2019-08-16,9088.1704,0.24836,0.346607542850755,30.8266834361413,9.92496768218516
"AC",38,0.0905084438410893,83.808,77.189,0.64,"1200104",7.8869,9.39,0.631,1.256,0,0,1.887,1993.7603,4.596,1.84808122548337,0.26947853305806,2020-05-17,11302.7079,0.30466,0.346607542850755,30.8266834361413,9.92496768218516
"AC",38,0.0992952057132536,65.683,42.1955,1.171,"1200104",22.4946,34.171,0,0,0,0,0,1098.0531,2.544,1.84808122548337,0.188605113148083,2019-08-16,9500.2935,0.26248,0.346607542850755,30.8266834361413,9.92496768218516
"AC",52,0.262811510145824,58.542,46.8453,1.443,"1200104",9.6093,16.378,0,0,0,0,0,859.5843,2.12,1.84808122548337,0.241791658469553,2018-07-20,8893.4672,0.24747,0.346607542850755,30.8266834361413,9.92496768218516
"AC",7,0.121548752125998,64.519,37.0812,0.245,"1200104",28.9809,44.818,0,0,0,0.556,0.556,1111.8785,2.58,1.84808122548337,0.19854965050465,2019-08-16,9462.9781,0.26119,0.346607542850755,30.8266834361413,9.92496768218516
"AC",41,0.098068281906662,65.99,52.2698,1.02,"1200104",15.1301,22.877,0,0,1.244,0,1.244,1235.7284,3.035,1.84808122548337,0.260283967092131,2018-07-20,9739.6962,0.26946,0.346607542850755,30.8266834361413,9.92496768218516
"AC",27,0.0709279326771846,50.95,27.3338,1.284,"1200104",31.6419,61.965,0,0.473,0,1.471,1.944,1535.3699,3.883,1.84808122548337,0.308051343702534,2018-07-20,9392.7327,0.26913,0.346607542850755,30.8266834361413,9.92496768218516
"AC",30,0.0667439414989442,73.481,36.0623,1.081,"1200104",37.6197,51.082,0,0,3.12,0,3.12,1826.8522,4.314,1.84808122548337,0.277684684136368,2018-07-20,9891.8954,0.26909,0.346607542850755,30.8266834361413,9.92496768218516
"AC",47,0.253655473442864,57.003,44.7275,1.366,"1200104",11.8034,20.66,0.001,0,0,0,0.001,1033.338,2.373,1.84808122548337,0.165222392977342,2019-08-16,9663.9316,0.26842,0.346607542850755,30.8266834361413,9.92496768218516
"AC",8,0.186840236330975,46.817,40.5886,0.256,"1200104",6.1807,13.172,0,0,0,0,0,775.4198,1.979,1.84808122548337,0.265672484211644,2018-07-20,9111.6255,0.25784,0.346607542850755,30.8266834361413,9.92496768218516
"AC",13,0.16038430081964,72.169,72.3303,0.234,"1200104",0.8916,1.233,0,0,1.355,0,1.355,1040.2719,2.359,1.84808122548337,0.165333066691184,2019-08-16,9795.3984,0.27023,0.346607542850755,30.8266834361413,9.92496768218516
"AC",64,0.168449908440671,78.775,77.0031,1.08,"1200104",2.1311,2.699,1.442,0,0,0.05,1.492,1595.1727,3.805,1.84808122548337,0.283297457567504,2018-07-20,9764.4582,0.26475,0.346607542850755,30.8266834361413,9.92496768218516
"AC",10,0.0492296210029989,68.662,34.9436,0.372,"1200104",37.9391,55.131,0,0.024,0,0.273,0.297,619.7116,1.524,1.84808122548337,0.237561803660012,2018-07-20,7640.5739,0.2119,0.346607542850755,30.8266834361413,9.92496768218516
"AC",29,0.191553155247818,86.46,75.4256,0.5,"1200104",12.459,14.378,0.816,2.141,0,0,2.957,835.526,2.055,1.84808122548337,0.280360696929157,2018-07-20,10060.3485,0.27154,0.346607542850755,30.8266834361413,9.92496768218516
"AC",45,0.150174621346469,58.086,44.5352,1.314,"1200104",26.0493,44.746,0,0,10.985,2.202,13.187,1593.9871,3.949,1.84808122548337,0.300809908619988,2018-07-20,9499.8474,0.26806,0.346607542850755,30.8266834361413,9.92496768218516
"AC",58,0.12083673256847,55.789,37.9154,1.989,"1200104",28.2851,50.587,0,1.7,2.082,5.148,8.93,959.7525,2.4,1.84808122548337,0.246834482774038,2018-07-20,9423.7389,0.26466,0.346607542850755,30.8266834361413,9.92496768218516
"AC",9,0.124763830167204,79.147,66.3046,0.176,"1200104",25.2393,31.818,0,7.799,1.671,1.301,10.771,1594.2105,3.813,1.84808122548337,0.286923491439848,2018-07-20,9874.9041,0.26817,0.346607542850755,30.8266834361413,9.92496768218516
"AC",25,0.0638435371424778,49.182,27.848,1.167,"1200104",20.9072,42.415,0,0,0,0,0,898.5924,2.268,1.84808122548337,0.261888481882828,2018-07-20,9671.972,0.26993,0.346607542850755,30.8266834361413,9.92496768218516
"AC",14,0.126005914550902,62.644,45.1102,0.403,"1200104",17.9452,28.582,0,0,0,0,0,1108.7669,2.574,1.84808122548337,0.178368485605201,2019-08-16,9576.68,0.265,0.346607542850755,30.8266834361413,9.92496768218516
"AC",15,0.0741581623797196,10.894,8.9626,2.176,"1200104",2.5679,23.519,8.903,0,0,0.331,9.234,993.9341,2.386,1.84808122548337,0.138788797047813,2019-08-16,10299.1917,0.30508,0.346607542850755,30.8266834361413,9.92496768218516
"AC",73,0.239714574796969,66.196,58.4313,1.624,"1200104",5.2579,7.925,0,0,0,0,0,985.7993,2.255,1.84808122548337,0.149667037477772,2019-08-16,9563.202,0.26487,0.346607542850755,30.8266834361413,9.92496768218516
"AC",85,0.132909362819985,96.788,65.1498,1.696,"1200104",31.1048,32.065,0,0,0,0,0,779.7795,1.894,1.84808122548337,0.253818935651419,2018-07-20,9003.2886,0.24412,0.346607542850755,30.8266834361413,9.92496768218516
"AC",22,0.11868669512981,87.754,53.8275,0.531,"1200104",36.128,41.078,0,0,0,0,0,1035.837,2.427,1.84808122548337,0.186862714520358,2019-08-16,9266.1505,0.25788,0.346607542850755,30.8266834361413,9.92496768218516
"AC",27,0.0648483955905688,50.476,26.8473,1.307,"1200104",31.0426,61.363,0,0.142,0,1.485,1.627,1535.0981,3.886,1.84808122548337,0.307988171359374,2018-07-20,9382.607,0.2689,0.346607542850755,30.8266834361413,9.92496768218516
"AC",9,0.0566557723732532,25.282,16.576,0.706,"1200138",10.7924,42.592,2.945,0,2.444,1.05,6.439,810.3155,1.89,1.92580907491306,0.314252743493383,2019-07-02,16762.2148,0.48654,0.423124976574428,33.164017934591,5.02295156726699
"AC",204,0.0700325929797831,639.484,427.141,0.621,"1200138",195.6411,30.525,0,0.588,0.554,0.388,1.53,518.46,0.923,1.92580907491306,0.462880804133268,2020-05-17,21546.1798,0.49218,0.423124976574428,33.164017934591,5.02295156726699
"AC",21,0.0799885657094808,50.258,32.9665,0.828,"1200138",22.2868,44.246,1.057,1.409,0,0.956,3.422,471.9425,1.178,1.92580907491306,0.7364623568622,2017-08-25,26905.8415,0.76951,0.423124976574428,33.164017934591,5.02295156726699
"AC",14,0.106954830170874,50.651,41.4037,0.44,"1200138",7.2986,14.377,0,0,0,0,0,581.1687,1.283,1.92580907491306,0.384323631022293,2018-06-21,20530.4202,0.58611,0.423124976574428,33.164017934591,5.02295156726699
"AC",87,0.165853026565368,90.313,72.7554,1.555,"1200138",33.0824,36.549,0,0,1.176,4.753,5.929,472.3594,1.039,1.92580907491306,0.462412539399958,2020-05-17,16484.0141,0.45954,0.423124976574428,33.164017934591,5.02295156726699
"AC",26,0.0213525180618367,267.615,49.3664,0.685,"1200138",229.2267,85.463,1.809,1.379,0.139,0.248,3.575,558.6687,1.193,1.92580907491306,0.73888497308239,2017-08-25,30891.7842,0.77129,0.423124976574428,33.164017934591,5.02295156726699
"AC",34,0.0400355695857653,200.113,71.1292,0.621,"1200138",147.3026,73.445,2.706,4.907,1.356,0.247,9.216,787.2301,1.797,1.92580907491306,0.741898421605786,2017-08-25,28797.2459,0.75545,0.423124976574428,33.164017934591,5.02295156726699
"AC",24,0.0557081099180768,209.147,121.0885,0.258,"1200138",81.8869,39.065,5.479,0.15,0.325,1.499,7.453,1019.2639,2.232,1.92580907491306,0.669268231875115,2017-08-25,22386.3718,0.58797,0.423124976574428,33.164017934591,5.02295156726699
"AC",78,0.157539767648884,53.032,42.6965,2.375,"1200138",11.698,22.009,0,0,0,0,0,526.5352,1.202,1.92580907491306,0.438726015103331,2020-05-17,16509.6099,0.46699,0.423124976574428,33.164017934591,5.02295156726699
"AC",17,0.21380899352994,10.121,7.6648,2.883,"1200138",0,0,0,0,0,0,0,414.2586,0.968,1.92580907491306,0.462963933884643,2020-05-17,15242.4099,0.45727,0.423124976574428,33.164017934591,5.02295156726699
"AC",97,0.127511118038651,161.861,113.7423,1.109,"1200138",44.3634,27.347,0,0,0,0,0,583.3694,1.226,1.92580907491306,0.44714106609493,2020-05-17,17761.2006,0.46149,0.423124976574428,33.164017934591,5.02295156726699
"AC",14,0.20995626366713,6.763,6.6578,2.734,"1200138",0,0,0,0,0,0,0,804.297,1.818,1.92580907491306,0.280653764051287,2019-07-02,15365.6376,0.45867,0.423124976574428,33.164017934591,5.02295156726699
"AC",75,0.200917477338535,52.443,50.8529,1.917,"1200138",0.4436,0.844,0,0,0,0,0,411.8605,0.915,1.92580907491306,0.448091836884356,2020-05-17,16954.4443,0.47516,0.423124976574428,33.164017934591,5.02295156726699
"AC",52,0.191962778354354,54.372,43.6619,1.548,"1200138",16.0626,29.476,7.028,3.728,0,0,10.756,544.3642,1.2,1.92580907491306,0.39713534858074,2018-06-21,21927.2065,0.62436,0.423124976574428,33.164017934591,5.02295156726699
"AC",27,0.0764821768844511,61.992,48.9883,0.716,"1200138",10.6367,17.12,0,0,0,0,0,419.5604,0.925,1.92580907491306,0.450965650876169,2020-05-17,16915.3908,0.47239,0.423124976574428,33.164017934591,5.02295156726699
"AC",5,0.160336211512902,10.101,6.6307,0.98,"1200138",2.8502,28.155,0,0,0,0,0,811.5816,1.933,1.92580907491306,0.300665858047583,2019-07-02,15233.3924,0.45067,0.423124976574428,33.164017934591,5.02295156726699
"AC",11,0.0561807570053939,64.972,24.3998,0.586,"1200138",37.814,58.07,0,0,0,0,0,524.1278,1.19,1.92580907491306,0.436962424173028,2020-05-17,16328.3171,0.45957,0.423124976574428,33.164017934591,5.02295156726699
"AC",30,0.0767785979830417,67.113,39.5371,0.986,"1200138",33.6344,50.004,5.447,8.401,0.013,0,13.861,626.614,1.513,1.92580907491306,0.743911342242471,2017-08-25,27135.6394,0.76293,0.423124976574428,33.164017934591,5.02295156726699
"AC",59,0.254447059297917,60.373,60.5077,1.268,"1200138",0,0,0,0,0,0,0,346.9341,0.809,1.92580907491306,0.476295240166068,2020-05-17,16054.8064,0.4552,0.423124976574428,33.164017934591,5.02295156726699
"AC",158,0.205999315782054,163.914,123.4147,1.664,"1200138",65.8206,40.066,4.821,10.788,0.003,0,15.612,579.1706,1.173,1.92580907491306,0.392640487193976,2018-06-21,23348.97,0.61064,0.423124976574428,33.164017934591,5.02295156726699
"AC",43,0.0710549024098865,100.794,70.3655,0.794,"1200138",16.474,16.308,0,0,0.268,0.012,0.28,437.1871,0.923,1.92580907491306,0.465952522367227,2020-05-17,17286.554,0.46643,0.423124976574428,33.164017934591,5.02295156726699
"AC",21,0.0434812522248816,64.194,37.2951,0.732,"1200138",32.7506,50.904,1.56,4.451,1.319,0,7.33,628.5221,1.525,1.92580907491306,0.741228595124526,2017-08-25,26909.7232,0.75973,0.423124976574428,33.164017934591,5.02295156726699
"AC",8,0.12365584574727,30.785,29.2445,0.356,"1200203",1.7898,5.801,0,3.549,0.454,0,4.003,1451.4539,3.636,0.593100686546574,1.85751700073384,2017-07-10,21456.1898,0.61875,0.422530101191613,31.7945554869247,15.0124039815699
"AC",12,0.137457544504953,32.013,16.1881,0.964,"1200203",16.425,51.193,0,0,5.078,1.39,6.468,1583.8358,3.817,0.593100686546574,1.86405800737845,2017-07-10,22327.9168,0.6209,0.422530101191613,31.7945554869247,15.0124039815699
"AC",8,0.079509230746186,63.295,42.981,0.242,"1200203",16.4752,25.971,0.702,0,0,0,0.702,1680.3004,3.917,0.593100686546574,1.87391835530156,2017-07-10,23619.8879,0.64396,0.422530101191613,31.7945554869247,15.0124039815699
"AC",12,0.0460677838770227,44.301,30.1111,0.518,"1200203",15.4034,34.692,0,0,2.224,0,2.224,1608.9077,3.743,0.593100686546574,1.92249707421975,2017-07-10,24513.6364,0.66382,0.422530101191613,31.7945554869247,15.0124039815699
"AC",6,0.0370790811898598,76.351,40.4289,0.193,"1200203",43.9653,57.454,0,0,0,0.758,0.758,1629.8033,3.933,0.593100686546574,1.86773175100141,2017-07-10,22434.9325,0.63057,0.422530101191613,31.7945554869247,15.0124039815699
"AC",8,0.0785204072255855,56.808,32.8474,0.317,"1200203",25.7069,45.151,0,1.096,2.819,0.064,3.979,1609.5133,3.973,0.593100686546574,1.89911968886573,2017-07-10,22117.3431,0.629,0.422530101191613,31.7945554869247,15.0124039815699
"AC",5,0.0663529565882946,54.167,46.0229,0.141,"1200203",6.252,11.516,0,0.226,0,0,0.226,1664.0571,4.045,0.593100686546574,1.92062401933507,2017-07-10,23413.1716,0.6646,0.422530101191613,31.7945554869247,15.0124039815699
"AC",5,0.0352349825828342,95.051,40.8792,0.159,"1200203",51.5072,54.068,0,0,0,0,0,1581.8194,3.778,0.593100686546574,1.85915954630374,2017-07-10,22884.7926,0.63584,0.422530101191613,31.7945554869247,15.0124039815699
"AC",5,0.161799627010297,16.235,12.0791,0.538,"1200203",4.222,25.948,0,0,0,0,0,1215.6636,3.104,0.593100686546574,1.8279361783695,2017-07-10,22122.5496,0.65458,0.422530101191613,31.7945554869247,15.0124039815699
"AC",8,0.0580331480559634,97.912,55.4565,0.188,"1200203",44.0258,44.864,2.288,0.138,0.046,0,2.472,1265.7315,2.834,0.593100686546574,1.84694363469799,2017-07-10,28182.4805,0.74967,0.422530101191613,31.7945554869247,15.0124039815699
"AC",5,0.0316063192617184,98.952,41.9874,0.155,"1200203",63.9242,64.457,0.54,1.498,0.263,0,2.301,1701.3667,3.902,0.593100686546574,1.91389774977253,2017-07-10,25688.9919,0.69299,0.422530101191613,31.7945554869247,15.0124039815699
"AC",5,0.0252223574411438,102.893,44.8286,0.145,"1200203",60.158,58.336,0,0,0,1.167,1.167,1807.5712,4.143,0.593100686546574,1.89591174612898,2017-07-10,24101.2007,0.6483,0.422530101191613,31.7945554869247,15.0124039815699
"AC",21,0.156719163848037,72.021,49.91,0.547,"1200203",23.1601,32.086,0.121,0,0,1.174,1.295,1666.7184,3.869,0.593100686546574,1.92957316483122,2017-07-10,25482.9532,0.68983,0.422530101191613,31.7945554869247,15.0124039815699
"AC",6,0.056501457051215,98.972,42.4552,0.184,"1200203",58.307,58.781,0.365,0,2.607,0,2.972,1620.9368,3.713,0.593100686546574,1.88406306902053,2017-07-10,25199.3878,0.67981,0.422530101191613,31.7945554869247,15.0124039815699
"AC",14,0.0726779487100798,59.947,39.1039,0.465,"1200203",26.7871,44.585,0,0,4.64,1.42,6.06,1716.2951,4.137,0.593100686546574,1.91144551399973,2017-07-10,23437.6174,0.66369,0.422530101191613,31.7945554869247,15.0124039815699
"AC",8,0.0802749430154621,54.382,29.7097,0.35,"1200203",22.6701,41.594,0,0,0,0.655,0.655,1775.5705,4.118,0.593100686546574,1.9017683193131,2017-07-10,23983.6814,0.65248,0.422530101191613,31.7945554869247,15.0124039815699
"AC",53,0.0761967174842523,63.442,41.2676,1.67,"1200203",23.1783,36.453,1.122,0,0,0.496,1.618,1678.0718,3.949,0.593100686546574,1.92629265012379,2017-07-10,24878.0926,0.68322,0.422530101191613,31.7945554869247,15.0124039815699
"AC",9,0.0461092212695673,84.749,46.9343,0.249,"1200203",47.5757,56.012,2.1,4.116,1.648,0.479,8.343,1246.0119,2.876,0.593100686546574,1.83593751235148,2017-07-10,26224.9782,0.71324,0.422530101191613,31.7945554869247,15.0124039815699
"AC",12,0.022254772534085,97.795,36.328,0.429,"1200203",67.1435,68.504,0,0,0,0.969,0.969,1268.3601,2.933,0.593100686546574,1.78160890432149,2017-07-10,27196.4544,0.73419,0.422530101191613,31.7945554869247,15.0124039815699
"AC",21,0.122935173444508,55.067,35.3991,0.771,"1200203",23.5792,42.723,0,1.616,0,0,1.616,1323.9001,3.27,0.593100686546574,1.84187391440258,2017-07-10,22145.8186,0.62831,0.422530101191613,31.7945554869247,15.0124039815699
"AC",8,0.116786076539088,30.172,28.3919,0.366,"1200203",2.6227,8.673,0,3.937,0.595,0,4.532,1451.9307,3.635,0.593100686546574,1.85774411615752,2017-07-10,21436.5056,0.61833,0.422530101191613,31.7945554869247,15.0124039815699
"AC",25,0.146607253836022,31.696,29.7584,1.092,"1200203",4.3489,13.69,0,4.739,1.764,2.457,8.96,1410.0622,3.543,0.593100686546574,1.85451601635728,2017-07-10,21391.8479,0.61892,0.422530101191613,31.7945554869247,15.0124039815699
"AC",5,0.0486704761991962,98.78,25.7544,0.252,"1200203",73.6128,74.356,1.898,0.631,0.129,0,2.658,1224.3208,2.795,0.593100686546574,1.81191966305202,2017-07-10,28346.3604,0.76543,0.422530101191613,31.7945554869247,15.0124039815699
"AC",27,0.0282699041263281,105.948,45.8878,0.765,"1200203",71.2835,67.131,1.008,1.848,0,1.848,4.704,1645.1016,3.762,0.593100686546574,1.92907279136476,2017-07-10,26420.1224,0.71075,0.422530101191613,31.7945554869247,15.0124039815699
"AC",5,0.0323599254020595,85.994,28.8885,0.225,"1200203",53.2163,61.746,1.449,1.138,0,0,2.587,1499.6463,3.466,0.593100686546574,1.86432428491219,2017-07-10,25304.1115,0.68661,0.422530101191613,31.7945554869247,15.0124039815699
"AC",10,0.0199961549552658,79.867,21.617,0.601,"1200203",63.7467,79.638,0,0,0,1.717,1.717,1621.6793,3.95,0.593100686546574,1.89235375044596,2017-07-10,22330.022,0.62584,0.422530101191613,31.7945554869247,15.0124039815699
"AC",6,0.0543697671639397,43.41,27.1183,0.288,"1200203",16.2304,37.305,0,1.23,0,0,1.23,1429.9964,3.52,0.593100686546574,1.85244122409111,2017-07-10,22343.8209,0.63736,0.422530101191613,31.7945554869247,15.0124039815699
"AC",6,0.127524728611685,33.448,29.7132,0.263,"1200203",7.258,21.651,0,0,2.731,0,2.731,1693.8358,4.174,0.593100686546574,1.90663118271918,2017-07-10,22789.2205,0.66001,0.422530101191613,31.7945554869247,15.0124039815699
"AC",15,0.00753689151625593,103.068,24.1197,0.808,"1200203",73.938,71.577,0.228,0,0,0.299,0.527,1122.81,2.514,0.593100686546574,1.7893119749149,2017-07-10,29384.3144,0.78611,0.422530101191613,31.7945554869247,15.0124039815699
"AC",7,0.0139046554461974,96.11,21.9603,0.414,"1200203",77.2969,80.246,0,0,0,0.324,0.324,1286.4904,2.948,0.593100686546574,1.78612597390579,2017-07-10,27365.9236,0.73237,0.422530101191613,31.7945554869247,15.0124039815699
"AC",15,0.00905662747397961,171.651,61.2029,0.319,"1200203",116.9893,68.002,0,0.377,3.473,0,3.85,1832.0179,4.104,0.593100686546574,1.88805275441732,2017-07-10,24147.1405,0.63336,0.422530101191613,31.7945554869247,15.0124039815699
"AC",6,0.0222680885707562,69.326,52.3201,0.149,"1200203",26.7583,38.512,0,3.468,2.998,1.886,8.352,1722.8357,4.12,0.593100686546574,1.91580636055489,2017-07-10,23838.6969,0.66806,0.422530101191613,31.7945554869247,15.0124039815699
"AC",28,0.056891045645818,101.326,67.5433,0.539,"1200203",34.5519,34.023,0,1.232,0,0,1.232,1564.8746,3.593,0.593100686546574,1.87422837262677,2017-07-10,25452.621,0.68553,0.422530101191613,31.7945554869247,15.0124039815699
"AC",33,0.173825047163553,68.501,38.9685,1.101,"1200203",28.8352,42.001,0,0,0,0,0,1294.4737,3.037,0.593100686546574,1.81262658777544,2017-07-10,25898.2565,0.70559,0.422530101191613,31.7945554869247,15.0124039815699
"AC",32,0.0936455770468974,72.642,69.8349,0.596,"1200203",0.8345,1.146,0,0,0,0,0,1640.9615,3.876,0.593100686546574,1.91934882081506,2017-07-10,25153.7238,0.69973,0.422530101191613,31.7945554869247,15.0124039815699
"AC",14,0.0577566245622374,100.048,34.7608,0.524,"1200203",67.8007,67.617,0,0.712,0,0,0.712,1689.9527,3.87,0.593100686546574,1.89840865083166,2017-07-10,25285.2518,0.68227,0.422530101191613,31.7945554869247,15.0124039815699
"AC",29,0.148001283253889,82.018,50.8639,0.741,"1200203",26.3619,32.07,0,0,0,0,0,292.7108,0.698,0.593100686546574,2.13932099723021,2020-06-17,19116.5721,0.52917,0.422530101191613,31.7945554869247,15.0124039815699
"AC",5,0.0240512959069361,56.135,22.6822,0.287,"1200203",33.0468,58.739,0,0,0.101,1.189,1.29,1412.3413,3.393,0.593100686546574,1.85400956675501,2017-07-10,24129.7529,0.68181,0.422530101191613,31.7945554869247,15.0124039815699
"AC",5,0.0541096430240499,78.538,34.0335,0.191,"1200203",47.6203,60.498,0,1.133,0,0.51,1.643,1274.7063,2.963,0.593100686546574,1.79098867896812,2017-07-10,26755.0732,0.72614,0.422530101191613,31.7945554869247,15.0124039815699
"AC",11,0.0219015221764011,100.467,53.7217,0.266,"1200203",44.8205,44.513,5.141,1.124,0,0,6.265,1604.702,3.668,0.593100686546574,1.87944252734141,2017-07-10,25333.0383,0.68114,0.422530101191613,31.7945554869247,15.0124039815699
"AC",12,0.0444792396054012,43.5,34.8943,0.447,"1200203",13.5435,31.065,0.625,0,2.889,1.184,4.698,1609.9992,3.75,0.593100686546574,1.92283894312975,2017-07-10,24480.9328,0.66391,0.422530101191613,31.7945554869247,15.0124039815699
"AC",7,0.0231041214844141,99.605,58.7125,0.155,"1200203",41.6538,41.725,0,1.34,2.412,0.715,4.467,1673.2197,3.834,0.593100686546574,1.92408084786159,2017-07-10,26151.6135,0.7046,0.422530101191613,31.7945554869247,15.0124039815699
"AC",64,0.199085966049213,69.18,33.9517,2.451,"1200203",37.8784,54.631,0,0,1.672,0,1.672,1293.1284,3.039,0.593100686546574,1.8160938232038,2017-07-10,25636.5446,0.69832,0.422530101191613,31.7945554869247,15.0124039815699
"AC",44,0.19299582684149,96.224,79.335,0.721,"1200203",32.9999,34.218,5.912,13.362,0.081,1.528,20.883,1312.4186,3.033,0.593100686546574,1.84421243826737,2017-07-10,25981.1547,0.71171,0.422530101191613,31.7945554869247,15.0124039815699
"AC",10,0.125647736893767,37.143,31.7066,0.41,"1200203",5.8087,15.604,5.031,0,0,0.013,5.044,1377.9462,3.453,0.593100686546574,1.85079437171151,2017-07-10,21560.9462,0.62228,0.422530101191613,31.7945554869247,15.0124039815699
"AC",19,0.0331352538932674,79.319,54.2989,0.455,"1200203",26.681,33.562,0,0.913,0,0,0.913,1610.3982,3.869,0.593100686546574,1.86918688849569,2017-07-10,23126.3173,0.64908,0.422530101191613,31.7945554869247,15.0124039815699
"AC",32,0.0845834720365007,93.722,65.9855,0.63,"1200203",30.43,32.396,0,0.76,1.424,0,2.184,1572.6357,3.808,0.593100686546574,1.9070115412841,2017-07-10,22891.5869,0.63689,0.422530101191613,31.7945554869247,15.0124039815699
"AC",7,0.0876410557974492,57.779,39.6516,0.229,"1200203",19.6561,33.943,1.54,0,1.848,0.616,4.004,1723.9334,4.22,0.593100686546574,1.90061938749361,2017-07-10,22055.1221,0.62706,0.422530101191613,31.7945554869247,15.0124039815699
"AC",6,0.0662880510548383,44.053,20.8022,0.375,"1200203",24.4602,55.401,0.135,0,0,0.707,0.842,1254.4222,2.956,0.593100686546574,1.80190409662893,2017-07-10,26077.8508,0.71817,0.422530101191613,31.7945554869247,15.0124039815699
"AC",12,0.0781756332458567,51.003,44.9573,0.347,"1200302",7.1409,13.97,0.567,0,1.581,0,2.148,1529.9949,3.894,1.18914774990882,0.553072360864072,2019-05-17,24151.1589,0.67917,0.443692210215633,31.1645651753357,1.86100133989237
"AC",33,0.211153496991242,48.542,26.0745,1.645,"1200302",27.9265,57.402,0,2.381,2.009,0,4.39,1942.586,4.962,1.18914774990882,0.566120298101231,2019-05-17,19247.0549,0.54733,0.443692210215633,31.1645651753357,1.86100133989237
"AC",6,0.0925272771507852,33.908,16.3656,0.477,"1200302",28.8772,84.973,0,0,7.936,1.318,9.254,961.9608,2.386,1.18914774990882,0.476585307271781,2019-05-17,18578.2355,0.52057,0.443692210215633,31.1645651753357,1.86100133989237
"AC",27,0.179702563257725,24.013,16.8003,2.089,"1200302",7.6549,31.807,3.016,2.592,0.035,0,5.643,1375.4796,3.683,1.18914774990882,0.53713680923327,2019-05-17,20445.9148,0.59588,0.443692210215633,31.1645651753357,1.86100133989237
"AC",48,0.0814890319291422,59.945,22.327,2.795,"1200302",47.192,78.551,2.146,2.565,0,2.723,7.434,1771.6581,4.395,1.18914774990882,0.591931435263308,2019-05-17,26155.2274,0.72947,0.443692210215633,31.1645651753357,1.86100133989237
"AC",29,0.100437551040962,41.248,30.2822,1.245,"1200302",18.0331,43.621,9.228,7.956,2.368,0,19.552,1611.6851,4.183,1.18914774990882,0.549310304685934,2019-05-17,19845.7895,0.56451,0.443692210215633,31.1645651753357,1.86100133989237
"AC",17,0.0492024696228923,56.425,21.4065,1.032,"1200302",35.8322,63.362,0,0,0,0,0,1899.0696,4.755,1.18914774990882,0.573793506542488,2019-05-17,21634.3851,0.60479,0.443692210215633,31.1645651753357,1.86100133989237
"AC",8,0.0699854212223765,27.09,13.0437,0.797,"1200302",13.9593,51.415,0.418,0,0,0,0.418,926.9792,2.364,1.18914774990882,0.464008119732521,2019-05-17,23842.4151,0.69486,0.443692210215633,31.1645651753357,1.86100133989237
"AC",41,0.0758251626132732,37.385,34.1955,1.559,"1200302",10.8522,28.964,0,0,1.415,1.07,2.485,1505.1184,3.975,1.18914774990882,0.546539719725207,2019-05-17,20516.0318,0.59197,0.443692210215633,31.1645651753357,1.86100133989237
"AC",53,0.188580874252954,39.998,23.434,2.94,"1200302",16.897,42.151,0,0,0.026,0,0.026,2037.491,5.181,1.18914774990882,0.587346410945183,2019-05-17,21902.8331,0.62497,0.443692210215633,31.1645651753357,1.86100133989237
"AC",52,0.175718948977148,76.736,52.5358,1.287,"1200302",25.3502,32.962,1.497,0,0,0,1.497,2119.7814,5.285,1.18914774990882,0.5953646109931,2019-05-17,23121.4632,0.64815,0.443692210215633,31.1645651753357,1.86100133989237
"AC",9,0.197458727324676,56.046,35.3337,0.331,"1200302",46.7015,83.141,1.912,3.791,10.784,3.409,19.896,1019.6535,2.575,1.18914774990882,0.426232593144607,2019-05-17,20892.7287,0.59577,0.443692210215633,31.1645651753357,1.86100133989237
"AC",5,0.0329591832798754,43.809,12.2928,0.529,"1200302",38.0346,86.625,1.826,0,0,0,1.826,1875.5242,4.741,1.18914774990882,0.603833263458366,2019-05-17,25334.5064,0.72049,0.443692210215633,31.1645651753357,1.86100133989237
"AC",22,0.0222329568995387,151.156,56.3038,0.508,"1200302",122.251,80.697,2.118,1.53,3.059,2.177,8.884,1010.0189,2.443,1.18914774990882,0.563784954463916,2019-05-17,31872.9283,0.85919,0.443692210215633,31.1645651753357,1.86100133989237
"AC",51,0.0924569795038714,149.119,63.8425,1.038,"1200302",81.6029,54.601,0,0,0,0.143,0.143,1600.6478,3.864,1.18914774990882,0.529654164373948,2019-05-17,18334.9813,0.48886,0.443692210215633,31.1645651753357,1.86100133989237
"AC",26,0.225808487606266,20.181,11.7851,2.868,"1200302",12.3738,61.178,3.072,0,5.322,2.643,11.037,1194.9699,3.228,1.18914774990882,0.523599750915336,2019-05-17,20586.9435,0.60156,0.443692210215633,31.1645651753357,1.86100133989237
"AC",28,0.0934846922834954,29.725,27.8967,1.305,"1200302",0.9937,3.335,0,0,0,0,0,1534.6121,4.045,1.18914774990882,0.538035902371391,2019-05-17,16987.7357,0.49073,0.443692210215633,31.1645651753357,1.86100133989237
"AC",7,0.08,30.171,19.4033,0.469,"1200302",12.8665,42.549,0,0,0,1.914,1.914,958.7124,2.435,1.18914774990882,0.466867858175176,2019-05-17,22514.4173,0.65246,0.443692210215633,31.1645651753357,1.86100133989237
"AC",37,0.0728431359084684,23.372,22.389,2.148,"1200302",3.7185,15.874,4.512,0,0.47,0,4.982,1509.7811,4.036,1.18914774990882,0.550276026080493,2019-05-17,20447.566,0.59729,0.443692210215633,31.1645651753357,1.86100133989237
"AC",13,0.0218088114494371,46.262,22.1902,0.762,"1200302",21.681,46.761,4.034,1.967,0.537,0,6.538,1715.2465,4.377,1.18914774990882,0.577903151686581,2019-05-17,23251.5679,0.65984,0.443692210215633,31.1645651753357,1.86100133989237
"AC",6,0.0333050171623766,45.275,10.6711,0.731,"1200302",29.577,65.182,0,0,0,0,0,915.3598,2.301,1.18914774990882,0.48920084382205,2019-05-17,23906.3384,0.68699,0.443692210215633,31.1645651753357,1.86100133989237
"AC",15,0.12782961041577,35.479,27.7707,0.702,"1200302",10.69,30.063,0,0.8,3.007,0,3.807,1229.5336,3.246,1.18914774990882,0.526532845410911,2019-05-17,21972.4722,0.62954,0.443692210215633,31.1645651753357,1.86100133989237
"AC",13,0.0635641391826168,28.478,22.5402,0.75,"1200302",17.1253,60,0,1.872,17.427,4.342,23.641,959.479,2.391,1.18914774990882,0.474835712363404,2019-05-17,18336.7743,0.51575,0.443692210215633,31.1645651753357,1.86100133989237
"AC",6,0.0259527728593666,121.289,7.4826,1.042,"1200302",114.0056,93.786,0,0,0,0.22,0.22,972.7397,2.304,1.18914774990882,0.407506311070835,2019-05-17,22198.3419,0.59365,0.443692210215633,31.1645651753357,1.86100133989237
"AC",84,0.272032524079627,23.079,20.1494,5.42,"1200302",3.2383,14,2.234,0,0,0,2.234,1520.1926,4.039,1.18914774990882,0.536968425999522,2019-05-17,16471.9329,0.48134,0.443692210215633,31.1645651753357,1.86100133989237
"AC",24,0.119411305627003,55.9,40.6659,0.767,"1200302",18.9529,33.829,1.395,4.493,0,0,5.888,1770.1597,4.478,1.18914774990882,0.574578510572485,2019-05-17,22079.9197,0.62244,0.443692210215633,31.1645651753357,1.86100133989237
"AC",11,0.0947722557505166,30.061,20.9093,0.684,"1200302",12.7825,42.427,0,2.679,2.365,0.649,5.693,1104.6704,2.824,1.18914774990882,0.420082432750031,2019-05-17,25767.8567,0.74925,0.443692210215633,31.1645651753357,1.86100133989237
"AC",16,0.071227366343975,38.312,25.6997,0.809,"1200302",27.7857,72.364,6.256,25.685,0,0.812,32.753,1363.1818,3.454,1.18914774990882,0.55982110975727,2019-05-17,27350.4689,0.76783,0.443692210215633,31.1645651753357,1.86100133989237
"AC",7,0.063772751195312,55.373,30.8494,0.295,"1200302",36.7488,66.218,5.014,5.388,5.299,0.562,16.263,1375.8801,3.45,1.18914774990882,0.557288345240389,2019-05-17,27567.6954,0.76431,0.443692210215633,31.1645651753357,1.86100133989237
"AC",8,0.0688303688022451,22.391,15.0912,0.689,"1200302",10.686,47.618,6.973,4.837,0,0,11.81,1630.5795,4.301,1.18914774990882,0.55200528958045,2019-05-17,17166.2426,0.50244,0.443692210215633,31.1645651753357,1.86100133989237
"AC",32,0.164038548311294,119.866,51.2271,0.812,"1200302",71.813,59.777,0,0.667,1.804,1.112,3.583,1002.0265,2.429,1.18914774990882,0.420100149298363,2019-05-17,20875.2042,0.56979,0.443692210215633,31.1645651753357,1.86100133989237
"AC",20,0.0220097493339644,51.583,38.4938,0.675,"1200302",10.7821,20.856,1.034,1.379,0.686,0,3.099,1370.0993,3.55,1.18914774990882,0.529182268039956,2019-05-17,20513.8327,0.57512,0.443692210215633,31.1645651753357,1.86100133989237
"AC",10,0.156303467155971,89.493,69.5211,0.187,"1200302",46.0776,51.372,1.589,2.458,6.933,2.135,13.115,1047.7818,2.545,1.18914774990882,0.426979040355703,2019-05-17,22118.3715,0.60725,0.443692210215633,31.1645651753357,1.86100133989237
"AC",10,0.0494387749198131,57.008,40.1096,0.324,"1200302",22.5383,39.447,0.041,1.871,2.339,0.546,4.797,1380.5504,3.602,1.18914774990882,0.517068560392873,2019-05-17,18060.2198,0.50899,0.443692210215633,31.1645651753357,1.86100133989237
"AC",49,0.0670581112191192,123.817,53.8136,1.184,"1200302",81.735,65.865,1.149,0,5.012,0.682,6.843,970.3488,2.353,1.18914774990882,0.453311488067202,2019-05-17,18732.9144,0.5102,0.443692210215633,31.1645651753357,1.86100133989237
"AC",5,0.11610544158648,27.655,22.4255,0.29,"1200302",20.6086,74.354,3.014,13.494,2.4,4.664,23.572,1617.8252,4.132,1.18914774990882,0.572474809791198,2019-05-17,24560.8469,0.69603,0.443692210215633,31.1645651753357,1.86100133989237
"AC",17,0.134013968285942,24.659,21.1845,1.043,"1200302",4.8795,19.743,3.965,5.418,0,0,9.383,1354.2848,3.651,1.18914774990882,0.526926880827776,2019-05-17,18247.2227,0.53168,0.443692210215633,31.1645651753357,1.86100133989237
"AC",10,0.0544331053951817,30.055,10.7258,1.212,"1200302",21.1788,70.31,7.802,3.028,0.403,0,11.233,1371.653,3.621,1.18914774990882,0.555479553403566,2019-05-17,25275.1548,0.73668,0.443692210215633,31.1645651753357,1.86100133989237
"AC",86,0.244848525006741,55.043,41.3952,2.701,"1200302",19.1589,34.729,12.294,3.6,1.223,0.089,17.206,2165.6817,5.459,1.18914774990882,0.588912795440306,2019-05-17,21729.6262,0.61582,0.443692210215633,31.1645651753357,1.86100133989237
"AC",69,0.112798294653783,80.757,39.689,2.26,"1200302",59.7907,73.873,0,1.032,8.944,2.682,12.658,2237.9897,5.504,1.18914774990882,0.600723657337293,2019-05-17,23755.6335,0.66028,0.443692210215633,31.1645651753357,1.86100133989237
"AC",14,0.0950899377651758,101.564,79.9934,0.228,"1200302",23.3692,22.958,0,0,0,0,0,1062.7394,2.55,1.18914774990882,0.376113461896754,2019-05-17,24741.0011,0.66407,0.443692210215633,31.1645651753357,1.86100133989237
"AC",9,0.0890330402699956,31.243,20.6731,0.566,"1200302",10.4317,33.315,0,0,0,0,0,1869.7179,4.844,1.18914774990882,0.565048092129905,2019-05-17,18305.4254,0.5281,0.443692210215633,31.1645651753357,1.86100133989237
"AC",5,0.0895502047406066,27.18,12.2758,0.529,"1200302",20.1479,73.962,5.539,0,3.63,2.31,11.479,1320.3517,3.421,1.18914774990882,0.540834520148215,2019-05-17,25465.5601,0.72706,0.443692210215633,31.1645651753357,1.86100133989237
"AC",5,0.0687786013839366,50.259,18.4131,0.353,"1200302",34.6486,68.786,5.658,0,3.068,0.53,9.256,1012.4134,2.461,1.18914774990882,0.425223137611415,2019-05-17,26212.5696,0.72996,0.443692210215633,31.1645651753357,1.86100133989237
"AC",8,0.0707587639545267,60.061,38.8766,0.268,"1200302",23.6199,39.238,2.066,1.332,1.036,0,4.434,1423.3962,3.64,1.18914774990882,0.540527463303769,2019-05-17,23427.148,0.65542,0.443692210215633,31.1645651753357,1.86100133989237
"AC",6,0.0436824201501164,84.617,45.517,0.171,"1200302",47.6827,56.225,2.101,4.838,2.601,0.42,9.96,1044.3919,2.578,1.18914774990882,0.422378810997234,2019-05-17,20735.2921,0.57609,0.443692210215633,31.1645651753357,1.86100133989237
"AC",18,0.268623680845914,40.293,27.5625,0.849,"1200302",26.342,65.23,0,1.544,1.985,3.75,7.279,1900.736,4.907,1.18914774990882,0.56884368083222,2019-05-17,18850.1185,0.54244,0.443692210215633,31.1645651753357,1.86100133989237
"AC",20,0.173595016847501,45.208,31.5342,0.825,"1200302",18.9254,41.769,5.85,1.111,4.781,0,11.742,1914.578,4.782,1.18914774990882,0.577402610957972,2019-05-17,21952.6695,0.61316,0.443692210215633,31.1645651753357,1.86100133989237
"AC",9,0.108256432545941,35.211,29.9552,0.391,"1200302",8.3879,23.769,0,0,0,2.399,2.399,1417.5105,3.729,1.18914774990882,0.538108776295624,2019-05-17,22025.1105,0.63298,0.443692210215633,31.1645651753357,1.86100133989237
"AC",22,0.0877404506311994,32.097,13.8177,2.07,"1200302",19.0332,59.167,2.252,0,0,0,2.252,1602.7072,4.104,1.18914774990882,0.571085383773586,2019-05-17,24789.0465,0.70289,0.443692210215633,31.1645651753357,1.86100133989237
"AC",22,0.062305706894718,49.563,31.7999,0.899,"1200302",18.4021,37.046,2.451,0,0,0,2.451,1575.0417,3.987,1.18914774990882,0.544193046825955,2019-05-17,17473.0379,0.49114,0.443692210215633,31.1645651753357,1.86100133989237
"AC",6,0.0523469381503903,57.188,22.93,0.34,"1200302",39.6951,69.256,0.001,3.882,0.035,0.58,4.498,1974.0846,5.029,1.18914774990882,0.570570263357026,2019-05-17,19139.1462,0.54654,0.443692210215633,31.1645651753357,1.86100133989237
"AC",12,0.19819236050496,38.427,29.2378,0.534,"1200302",24.9548,64.797,3.342,10.813,7.864,1.434,23.453,1791.3735,4.561,1.18914774990882,0.596152042330496,2019-05-17,25422.3147,0.72901,0.443692210215633,31.1645651753357,1.86100133989237
"AC",7,0.0235651083453493,363.27,118.0693,0.077,"1200302",258.5147,71.004,0.71,0.751,0.28,0.44,2.181,910.7581,1.869,1.18914774990882,0.515504399393777,2019-05-17,38368.3778,0.87062,0.443692210215633,31.1645651753357,1.86100133989237
"AC",31,0.050033528274305,77.654,34.931,1.154,"1200302",52.5466,67.516,0,0,7.154,1.087,8.241,952.4659,2.374,1.18914774990882,0.453186694999367,2019-05-17,18274.003,0.51239,0.443692210215633,31.1645651753357,1.86100133989237
"AC",8,0.0351364184463153,26.988,16.3687,0.635,"1200302",11.526,42.612,4.611,1.295,0,0,5.906,1232.4912,3.287,1.18914774990882,0.5160092698024,2019-05-17,19257.914,0.55256,0.443692210215633,31.1645651753357,1.86100133989237
"AC",19,0.12696060153405,29.956,29.2026,0.846,"1200302",0.7762,2.586,0,0,0,0,0,1519.2206,4.009,1.18914774990882,0.535403071916182,2019-05-17,16644.3488,0.48199,0.443692210215633,31.1645651753357,1.86100133989237
"AC",53,0.0802722539810433,69.847,51.34,1.342,"1200302",7.9432,11.347,0,0,0,0,0,1512.5891,3.891,1.18914774990882,0.531137995429327,2019-05-17,17347.3723,0.48728,0.443692210215633,31.1645651753357,1.86100133989237
"AC",8,0.0741581623797197,52.296,31.3376,0.332,"1200302",21.8074,41.607,0.261,0.248,1.19,0,1.699,1493.4658,3.813,1.18914774990882,0.54263575060544,2019-05-17,23540.2406,0.65893,0.443692210215633,31.1645651753357,1.86100133989237
"AC",5,0.032,36.742,4.9531,1.312,"1200302",31.5595,85.702,0,0,0,0,0,1494.6225,3.877,1.18914774990882,0.533882743305978,2019-05-17,16681.027,0.47796,0.443692210215633,31.1645651753357,1.86100133989237
"AC",18,0.106506881328216,68.724,23.6993,0.987,"1200302",58.3435,84.706,0,2.91,5.382,0.388,8.68,1858.9096,4.661,1.18914774990882,0.581037504844255,2019-05-17,22526.0513,0.6323,0.443692210215633,31.1645651753357,1.86100133989237
"AC",9,0.0470588235294118,76.18,33.0787,0.354,"1200302",53.9678,70.684,4.321,5.988,4.611,0.583,15.503,1240.101,3.088,1.18914774990882,0.38495360227036,2019-05-17,27679.9954,0.77359,0.443692210215633,31.1645651753357,1.86100133989237
"AC",7,0.0333333333333333,34,12.22,0.745,"1200302",23.562,69.144,0,0,0,0.243,0.243,1161.1706,2.956,1.18914774990882,0.412883084045034,2019-05-17,25807.0697,0.74418,0.443692210215633,31.1645651753357,1.86100133989237
"AC",5,0.283797226021838,21.096,13.9527,0.466,"1200302",9.0976,43.028,0.137,10.59,0,0,10.727,977.2045,2.542,1.18914774990882,0.424584010447428,2019-05-17,22284.9137,0.65698,0.443692210215633,31.1645651753357,1.86100133989237
"AC",20,0.124307556900109,51.275,39.1115,0.665,"1200302",15.25,29.675,1.907,2.242,1.387,0,5.536,1476.8287,3.862,1.18914774990882,0.542707679767962,2019-05-17,22376.2824,0.64035,0.443692210215633,31.1645651753357,1.86100133989237
"AC",5,0.057491495713053,34.333,23.1712,0.281,"1200302",16.3313,47.461,8.608,6.975,2.714,0.96,19.257,990.3561,2.536,1.18914774990882,0.462555670979977,2019-05-17,20807.8291,0.60261,0.443692210215633,31.1645651753357,1.86100133989237
"AC",19,0.211171127849839,29.333,15.1561,1.63,"1200302",15.0696,51.26,4.501,0,0,0,4.501,1586.9297,4.114,1.18914774990882,0.570100884737138,2019-05-17,24523.1873,0.70405,0.443692210215633,31.1645651753357,1.86100133989237
"AC",10,0.0779039102362461,38.59,16.6079,0.783,"1200302",23.2594,60.139,2.25,0,0,0,2.25,1445.8414,3.786,1.18914774990882,0.559310762744062,2019-05-17,25092.9199,0.72621,0.443692210215633,31.1645651753357,1.86100133989237
"AC",8,0.176303797667415,55.413,51.72,0.201,"1200302",10.9907,19.79,2.54,7.059,2.543,1.473,13.615,1694.9995,4.33,1.18914774990882,0.569885425021724,2019-05-17,21884.5597,0.6198,0.443692210215633,31.1645651753357,1.86100133989237
"AC",20,0.1028547341582,39.076,31.9708,0.813,"1200302",10.431,26.635,2.107,1.869,2.83,1.595,8.401,1738.5494,4.522,1.18914774990882,0.55395278552587,2019-05-17,17351.8349,0.50007,0.443692210215633,31.1645651753357,1.86100133989237
"AC",23,0.162778997121004,26.103,20.5193,1.457,"1200302",10.7396,41.052,0,0,5.826,4.053,9.879,964.257,2.402,1.18914774990882,0.474943129933235,2019-05-17,18265.973,0.51226,0.443692210215633,31.1645651753357,1.86100133989237
"AC",6,0.135881961727428,25.459,20.4351,0.382,"1200302",5.3851,21.105,0,0,0,0,0,1219.3437,3.205,1.18914774990882,0.523519502630825,2019-05-17,21989.2714,0.62756,0.443692210215633,31.1645651753357,1.86100133989237
"AC",5,0.0347826086956522,35.268,27.2879,0.238,"1200302",7.5065,21.237,1.106,0,0,0,1.106,1235.9866,3.313,1.18914774990882,0.513061622131351,2019-05-17,18734.3229,0.54039,0.443692210215633,31.1645651753357,1.86100133989237
"AC",18,0.167698081789533,64.694,55.6254,0.421,"1200302",17.2578,26.617,1.754,6.064,1.866,1.124,10.808,1729.5647,4.338,1.18914774990882,0.569047040047828,2019-05-17,22164.9635,0.61748,0.443692210215633,31.1645651753357,1.86100133989237
"AC",6,0.128458848202239,29.665,11.3525,0.687,"1200302",20.2138,67.988,3.295,0,3.894,1.648,8.837,946.6397,2.399,1.18914774990882,0.45590070448549,2019-05-17,24222.0158,0.70272,0.443692210215633,31.1645651753357,1.86100133989237
"AC",23,0.0959071488106412,60.466,27.7729,1.077,"1200302",36.9181,60.919,3.087,3.48,2.646,0,9.213,1982.8114,5.025,1.18914774990882,0.569688125007811,2019-05-17,20100.2198,0.56831,0.443692210215633,31.1645651753357,1.86100133989237
"AC",38,0.225241176990859,47.279,39.6778,1.245,"1200302",17.7715,37.505,9.351,4.117,4.545,0,18.013,2192.6549,5.578,1.18914774990882,0.595406224986783,2019-05-17,22248.0694,0.63793,0.443692210215633,31.1645651753357,1.86100133989237
"AC",6,0.0613722723142508,45.078,32.8745,0.237,"1200302",13.2402,29.306,6.712,8.321,0,0,15.033,2130.2662,5.4,1.18914774990882,0.587906561140392,2019-05-17,21521.94,0.61356,0.443692210215633,31.1645651753357,1.86100133989237
"AC",159,0.148636104346601,369.526,178.0785,1.161,"1200302",201.2246,54.333,0.529,0.77,0.216,0.289,1.804,1150.4414,2.477,1.18914774990882,0.404322288078533,2019-05-17,27400.4858,0.67065,0.443692210215633,31.1645651753357,1.86100133989237
"AC",24,0.244610340807679,47.118,39.7306,0.785,"1200302",10.0001,21.176,0,0,0.337,0.154,0.491,1357.7355,3.498,1.18914774990882,0.544614528798664,2019-05-17,25850.1532,0.73225,0.443692210215633,31.1645651753357,1.86100133989237
"AC",11,0.0789768797920972,33.374,19.3775,0.738,"1200302",17.7596,53.096,0,1.527,0.384,0.575,2.486,1117.6281,2.84,1.18914774990882,0.419752219407887,2019-05-17,25872.432,0.74752,0.443692210215633,31.1645651753357,1.86100133989237
"AC",16,0.0558220814145168,97.466,47.8013,0.435,"1200302",57.8462,59.217,0,0,4.515,0,4.515,1140.542,2.772,1.18914774990882,0.405335314901443,2019-05-17,27009.6501,0.7448,0.443692210215633,31.1645651753357,1.86100133989237
"AC",35,0.177883994584909,28.814,23.8572,1.907,"1200302",8.4836,29.377,3.392,9.281,0,0.068,12.741,1357.0273,3.644,1.18914774990882,0.527182511282344,2019-05-17,18838.0658,0.54714,0.443692210215633,31.1645651753357,1.86100133989237
"AC",10,0.120067078441961,41.303,21.5048,0.605,"1200302",22.0668,53.308,4.305,4.089,2.583,0,10.977,1951.3525,5.006,1.18914774990882,0.59231511919556,2019-05-17,22701.1506,0.65373,0.443692210215633,31.1645651753357,1.86100133989237
"AC",12,0.122968923524527,46.519,24.8932,0.627,"1200302",26.987,57.883,4.005,2.916,0,1.869,8.79,987.9705,2.408,1.18914774990882,0.429653290375382,2019-05-17,25342.0374,0.70628,0.443692210215633,31.1645651753357,1.86100133989237
"AC",24,0.156504339123123,36.218,23.2318,1.343,"1200302",20.2809,55.872,4.417,2.7,12.764,1.227,21.108,1429.2747,3.771,1.18914774990882,0.539223353963942,2019-05-17,20994.3066,0.60385,0.443692210215633,31.1645651753357,1.86100133989237
"AC",7,0.057242449539325,61.373,20.4191,0.446,"1200302",43.5011,70.722,0,0.869,1.303,0.796,2.968,1014.6208,2.515,1.18914774990882,0.431812318938412,2019-05-17,19564.946,0.54491,0.443692210215633,31.1645651753357,1.86100133989237
"AC",10,0.0311925066948752,116.008,31.4307,0.414,"1200302",99.5382,85.61,1.456,1.782,2.14,1.3,6.678,1104.9066,2.652,1.18914774990882,0.526037002949852,2019-05-17,30443.6405,0.80382,0.443692210215633,31.1645651753357,1.86100133989237
"AC",7,0.0365863896208536,81.118,56.2053,0.162,"1200302",31.9727,39.327,1.235,0,6.685,1.096,9.016,1492.5491,3.868,1.18914774990882,0.527531331715965,2019-05-17,17891.8964,0.5012,0.443692210215633,31.1645651753357,1.86100133989237
"AC",12,0.105692221026543,47.47,44.1619,0.353,"1200302",18.5468,38.983,16.087,6.32,4.913,2.057,29.377,1635.8317,4.141,1.18914774990882,0.572786535564271,2019-05-17,24727.0739,0.69472,0.443692210215633,31.1645651753357,1.86100133989237
"AC",5,0.0317820695913084,43.725,12.2976,0.529,"1200302",37.7652,86.176,1.83,0,0,0,1.83,1874.9024,4.74,1.18914774990882,0.604198697586443,2019-05-17,25388.652,0.72212,0.443692210215633,31.1645651753357,1.86100133989237
"AC",17,0.131656045621541,43.582,35.6973,0.619,"1200302",7.4003,16.942,1.757,0,1.428,0,3.185,1631.9086,4.277,1.18914774990882,0.551623078664809,2019-05-17,19283.3754,0.55612,0.443692210215633,31.1645651753357,1.86100133989237
"AC",5,0.0444792396054012,43.908,32.8444,0.198,"1200302",8.4614,19.228,0,0,0,0,0,1546.0007,4.033,1.18914774990882,0.537956886586201,2019-05-17,17677.7193,0.50363,0.443692210215633,31.1645651753357,1.86100133989237
"AC",16,0.105705056821338,39.876,37.1881,0.559,"1200302",4.2629,10.666,0,0.972,2.591,0,3.563,1396.4205,3.706,1.18914774990882,0.535873760385889,2019-05-17,20004.983,0.57793,0.443692210215633,31.1645651753357,1.86100133989237
"AC",16,0.0663589313516314,54.66,27.3889,0.759,"1200302",29.4634,53.783,0,2.803,0.109,0,2.912,1482.1655,3.877,1.18914774990882,0.542175740477996,2019-05-17,20470.5902,0.5843,0.443692210215633,31.1645651753357,1.86100133989237
"AC",19,0.112904243803133,35.657,27.1752,0.909,"1200302",12.1212,33.917,5.028,0,1.093,1.804,7.925,1150.034,3.054,1.18914774990882,0.525543574934439,2019-05-17,23160.9808,0.66969,0.443692210215633,31.1645651753357,1.86100133989237
"AC",87,0.207791394057385,73.517,64.0255,1.766,"1200302",10.8344,14.704,1.451,1.209,1.374,0,4.034,1334.2406,3.468,1.18914774990882,0.522789135623019,2019-05-17,19648.0094,0.55118,0.443692210215633,31.1645651753357,1.86100133989237
"AC",7,0.114982991426106,25.487,23.0736,0.394,"1200302",5.8417,22.869,0,0,4.024,2.227,6.251,949.9358,2.396,1.18914774990882,0.474172047560821,2019-05-17,17988.9979,0.5109,0.443692210215633,31.1645651753357,1.86100133989237
"AC",18,0.0582723430536771,44.844,23.4151,0.999,"1200302",21.6058,48.072,0.408,0.603,0.362,0,1.373,1132.0149,2.978,1.18914774990882,0.520853395608899,2019-05-17,22837.5249,0.65452,0.443692210215633,31.1645651753357,1.86100133989237
"AC",34,0.0538109845143067,149.266,78.5156,0.563,"1200302",73.0623,48.838,0,0.02,1.072,0.798,1.89,1184.2147,2.85,1.18914774990882,0.56119571728655,2019-05-17,30736.988,0.82189,0.443692210215633,31.1645651753357,1.86100133989237
"AC",45,0.0695914914929608,101.092,57.409,1.019,"1200302",47.3474,46.732,1.881,0.897,1.671,0,4.449,1322.7572,3.321,1.18914774990882,0.516175637105002,2019-05-17,20434.0093,0.55259,0.443692210215633,31.1645651753357,1.86100133989237
"AC",17,0.0603005664791649,74.835,29.7122,0.744,"1200302",52.6626,70.214,0,2.46,1.663,1.01,5.133,2057.4693,5.136,1.18914774990882,0.593982113400472,2019-05-17,23172.8861,0.65021,0.443692210215633,31.1645651753357,1.86100133989237
"AC",19,0.0815524959505826,50.89,33.958,0.727,"1200302",38.0327,74.568,9.354,16.313,5.714,0.611,31.992,1357.4349,3.489,1.18914774990882,0.55862705152628,2019-05-17,26849.4301,0.76252,0.443692210215633,31.1645651753357,1.86100133989237
"AC",5,0.0921355677540454,20.708,17.3966,0.374,"1200302",3.3741,16.258,0,0,0,0,0,1477.9522,3.977,1.18914774990882,0.534257195412021,2019-05-17,16926.8059,0.49434,0.443692210215633,31.1645651753357,1.86100133989237
"AC",18,0.268623680845914,40.492,27.7621,0.843,"1200302",26.342,64.91,0,1.537,1.976,3.732,7.245,1900.8945,4.907,1.18914774990882,0.568834300093294,2019-05-17,18853.2552,0.54253,0.443692210215633,31.1645651753357,1.86100133989237
"AC",5,0.0181443684650606,41.011,19.5253,0.333,"1200302",22.3919,54.477,0,1.87,0.098,0,1.968,1231.0902,3.116,1.18914774990882,0.386142830712141,2019-05-17,27186.7387,0.77243,0.443692210215633,31.1645651753357,1.86100133989237
"AC",12,0.133464949811735,37.224,21.501,0.726,"1200302",19.6037,52.547,2.882,3.912,1.91,0.459,9.163,2086.5609,5.377,1.18914774990882,0.584197679644907,2019-05-17,20627.2517,0.59607,0.443692210215633,31.1645651753357,1.86100133989237
"AC",15,0.0871918358845309,42.059,23.2642,0.838,"1200302",31.4347,74.573,0.15,0.413,3.663,1.86,6.086,1776.0029,4.572,1.18914774990882,0.588098741369977,2019-05-17,24085.8783,0.69257,0.443692210215633,31.1645651753357,1.86100133989237
"AC",12,0.0285714285714286,43.585,39.6634,0.393,"1200302",9.1008,20.834,15.312,5,3.671,0,23.983,1735.5969,4.484,1.18914774990882,0.55050500649534,2019-05-17,17444.5093,0.49871,0.443692210215633,31.1645651753357,1.86100133989237
"AC",7,0.157944372731734,45.047,32.2864,0.282,"1200302",34.4182,76.235,1.858,3.529,9.088,3.615,18.09,1020.4047,2.59,1.18914774990882,0.425521098672908,2019-05-17,20865.2805,0.59787,0.443692210215633,31.1645651753357,1.86100133989237
"AC",5,0.0390878166229283,50.88,16.8435,0.386,"1200302",35.0545,68.743,0.105,0.18,0,0.08,0.365,1039.6009,2.635,1.18914774990882,0.400278889683723,2019-05-17,22624.4771,0.64742,0.443692210215633,31.1645651753357,1.86100133989237
"AC",55,0.184042675394602,107.678,86.0666,0.831,"1200302",21.7937,20.194,0,0,0,0,0,972.7,2.354,1.18914774990882,0.462617136412476,2019-05-17,19762.3894,0.5391,0.443692210215633,31.1645651753357,1.86100133989237
"AC",5,0.0986823411160829,29.418,11.5337,0.564,"1200302",19.8459,67.31,3.059,0,0,1.082,4.141,969.5242,2.459,1.18914774990882,0.445343775702402,2019-05-17,24347.3915,0.70635,0.443692210215633,31.1645651753357,1.86100133989237
"AC",11,0.0133333333333333,49.088,19.0483,0.751,"1200302",35.1015,71.348,0.04,0.164,2.716,0.724,3.644,2020.5467,5.085,1.18914774990882,0.57574512575164,2019-05-17,19909.3183,0.56297,0.443692210215633,31.1645651753357,1.86100133989237
"AC",8,0.272482706378782,34.58,34.5914,0.301,"1200302",4.8988,14.135,3.422,6.978,0,0,10.4,955.306,2.431,1.18914774990882,0.470626729857812,2019-05-17,20467.6614,0.59134,0.443692210215633,31.1645651753357,1.86100133989237
"AC",11,0.0222222222222222,59.495,30.7777,0.465,"1200302",28.7004,48.132,4.177,0,0.119,0,4.296,2049.9721,5.173,1.18914774990882,0.579661179849373,2019-05-17,20908.4927,0.5917,0.443692210215633,31.1645651753357,1.86100133989237
"AC",11,0.0133333333333333,49.114,23.3732,0.612,"1200302",31.7195,64.439,2.893,4.158,2.353,0,9.404,1861.847,4.696,1.18914774990882,0.60268928839099,2019-05-17,25752.3831,0.73309,0.443692210215633,31.1645651753357,1.86100133989237
"AC",31,0.140692168053237,48.566,46.8341,0.86,"1200302",4.7221,9.701,3.355,2.699,2.196,0,8.25,1680.6859,4.361,1.18914774990882,0.547494794211281,2019-05-17,17648.5284,0.5054,0.443692210215633,31.1645651753357,1.86100133989237
"AC",13,0.286531762210255,35.928,21.1634,0.799,"1200302",21.3039,59.164,0,7.193,0.324,0.056,7.573,997.3409,2.523,1.18914774990882,0.425383520159769,2019-05-17,22468.7362,0.645,0.443692210215633,31.1645651753357,1.86100133989237
"AC",7,0.0425998216136205,29.043,11.7814,0.772,"1200302",19.6327,67.448,10.226,3.012,0,0,13.238,977.9372,2.484,1.18914774990882,0.444334606223888,2019-05-17,24178.2308,0.70201,0.443692210215633,31.1645651753357,1.86100133989237
"AC",22,0.187821500521581,28.522,21.6039,1.324,"1200302",6.9751,24.401,0,0,0,0,0,991.5852,2.517,1.18914774990882,0.44588806036606,2019-05-17,21092.373,0.60788,0.443692210215633,31.1645651753357,1.86100133989237
"AC",10,0.0445361771415123,14.619,13.9511,0.932,"1200302",1.8858,12.871,8.335,7.596,0.411,0,16.342,1548.2184,4.192,1.18914774990882,0.542787312649441,2019-05-17,16273.779,0.48569,0.443692210215633,31.1645651753357,1.86100133989237
"AC",52,0.10868366373534,51.285,41.5733,1.626,"1200302",18.5662,36.121,2.92,7.639,2.935,1.731,15.225,1744.1311,4.354,1.18914774990882,0.566855561308607,2019-05-17,22072.3235,0.61242,0.443692210215633,31.1645651753357,1.86100133989237
"AC",14,0.0996721877058774,27.707,18.1395,1.003,"1200302",13.0868,47.127,6.309,0,0.717,0,7.026,1572.7362,4.186,1.18914774990882,0.55055851727853,2019-05-17,19774.0692,0.57539,0.443692210215633,31.1645651753357,1.86100133989237
"AC",12,0.059739540593653,56.222,28.5874,0.546,"1200302",30.0219,53.28,0,0,0.847,1.581,2.428,1045.0929,2.613,1.18914774990882,0.394144830631756,2019-05-17,22380.2901,0.62831,0.443692210215633,31.1645651753357,1.86100133989237
"AC",15,0.162838381651109,68.587,60.8387,0.321,"1200302",12.6572,18.413,2.845,4.29,2.064,0.713,9.912,1720.5937,4.309,1.18914774990882,0.569897977917389,2019-05-17,22155.9796,0.61624,0.443692210215633,31.1645651753357,1.86100133989237
"AC",109,0.0850632283798736,438.699,210.9019,0.672,"1200302",234.3348,53.296,0.143,0.026,0.203,0.081,0.453,1214.9619,2.603,1.18914774990882,0.396048832531557,2019-05-17,28858.513,0.70548,0.443692210215633,31.1645651753357,1.86100133989237
"AC",5,0.0261734690751952,52.778,23.9395,0.272,"1200302",41.3095,78.096,8.379,6.201,3.335,0.674,18.589,1661.3696,4.207,1.18914774990882,0.577387562484642,2019-05-17,24815.8167,0.69963,0.443692210215633,31.1645651753357,1.86100133989237
"AC",62,0.101414564479897,41.755,38.7529,2.08,"1200302",3.4215,8.176,0,0.817,0,0,0.817,1626.1014,4.215,1.18914774990882,0.542438531007229,2019-05-17,17793.4499,0.50574,0.443692210215633,31.1645651753357,1.86100133989237
"AC",23,0.160353498162737,44.551,35.1765,0.85,"1200302",14.8205,33.192,2.643,5.261,1.197,0.366,9.467,999.3484,2.543,1.18914774990882,0.447387304096876,2019-05-17,20958.6983,0.60537,0.443692210215633,31.1645651753357,1.86100133989237
"AC",5,0.0920584084713761,42.756,40.1673,0.162,"1200302",3.8356,8.951,1.248,0,0.214,0,1.462,1241.1733,3.277,1.18914774990882,0.530312399643518,2019-05-17,22672.846,0.65421,0.443692210215633,31.1645651753357,1.86100133989237
"AC",6,0.0469297969106216,32.983,10.0424,0.777,"1200302",22.0936,66.835,0,0,0,0,0,915.7351,2.319,1.18914774990882,0.489176964222872,2019-05-17,24046.699,0.69611,0.443692210215633,31.1645651753357,1.86100133989237
"AC",39,0.0569670887170783,88.615,60.127,0.843,"1200302",29.3315,33.026,2.909,0.602,0,0,3.511,1171.4022,3.01,1.18914774990882,0.51758558268513,2019-05-17,22479.6061,0.6275,0.443692210215633,31.1645651753357,1.86100133989237
"AC",5,0.0322474487139159,65.597,34.061,0.191,"1200302",35.8517,54.533,4.472,0.416,0.813,0.678,6.379,1905.1148,4.812,1.18914774990882,0.591367619660099,2019-05-17,23252.484,0.65838,0.443692210215633,31.1645651753357,1.86100133989237
"AC",28,0.112051370440799,37.926,36.7501,0.99,"1200302",3.1348,8.247,0,0,2.567,0.82,3.387,1332.4375,3.578,1.18914774990882,0.516312019817925,2019-05-17,17465.8108,0.50547,0.443692210215633,31.1645651753357,1.86100133989237
"AC",7,0.128989794855664,14.754,13.9646,0.652,"1200302",1.197,8.095,3.486,0,0,0,3.486,1313.3982,3.574,1.18914774990882,0.515838093805859,2019-05-17,16804.7274,0.4932,0.443692210215633,31.1645651753357,1.86100133989237
"AC",14,0.0651835226489454,72.156,22.4442,0.811,"1200302",57.5054,79.518,0.345,2.368,6.899,0.493,10.105,2004.6757,4.937,1.18914774990882,0.583197598511076,2019-05-17,22775.3977,0.62715,0.443692210215633,31.1645651753357,1.86100133989237
"AC",18,0.0673187598849908,32.924,30.3873,0.77,"1200302",2.983,9.04,2.43,0.35,2.964,0,5.744,1514.5901,4.007,1.18914774990882,0.55554507160694,2019-05-17,22182.3194,0.64239,0.443692210215633,31.1645651753357,1.86100133989237
"AC",73,0.12146198614491,92.408,70.4817,1.346,"1200302",30.6034,33.044,0,4.696,0,0.098,4.794,2076.4518,5.121,1.18914774990882,0.602151001048903,2019-05-17,24440.4776,0.67956,0.443692210215633,31.1645651753357,1.86100133989237
"AC",22,0.0165864916552114,201.986,59.406,0.481,"1200302",155.536,76.832,1.585,1.145,2.295,1.629,6.654,1023.4506,2.371,1.18914774990882,0.559919191802329,2019-05-17,33028.2577,0.85403,0.443692210215633,31.1645651753357,1.86100133989237
"AC",111,0.160855278225685,150.535,57.3452,2.516,"1200328",89.594,59.384,1.376,0,0.77,0.616,2.762,677.9888,1.564,1.1590827944938,1.77221815992142,2018-08-27,33629.9661,0.90259,0.444508757374503,29.9811630772845,2.29923055341877
"AC",52,0.129751365113383,201.066,83.8527,0.806,"1200328",110.9472,55.056,1.323,1.622,0.262,0.641,3.848,727.2638,1.624,1.1590827944938,1.74516232972639,2018-08-27,34475.3777,0.89213,0.444508757374503,29.9811630772845,2.29923055341877
"AC",14,0.0914095079876862,55.024,15.339,1.187,"1200328",35.9237,65.141,1.225,0.099,0.017,0.148,1.489,726.9472,1.544,1.1590827944938,1.72797271932588,2018-08-27,36572.6193,0.9016,0.444508757374503,29.9811630772845,2.29923055341877
"AC",24,0.0659756267848977,101.063,22.4753,1.388,"1200328",81.8167,80.775,1.741,0,0,0.767,2.508,717.4357,1.642,1.1590827944938,1.76195603574454,2018-08-27,33982.7345,0.89946,0.444508757374503,29.9811630772845,2.29923055341877
"AC",7,0.0682223031468924,49.854,17.5044,0.52,"1200328",27.0127,54.063,0,0,0,0,0,693.4899,1.678,1.1590827944938,1.74025388585702,2018-08-27,31815.8425,0.89484,0.444508757374503,29.9811630772845,2.29923055341877
"AC",13,0.0323747270704303,100.425,17.9099,0.944,"1200328",100.6494,100,0,0,4.451,2.733,7.184,580.4518,1.336,1.1590827944938,1.75369478441522,2018-08-27,34549.214,0.92561,0.444508757374503,29.9811630772845,2.29923055341877
"AC",12,0.0823341268721424,70.057,24.0232,0.649,"1200328",41.4451,59.026,1.392,1.306,0.619,0,3.317,722.597,1.682,1.1590827944938,1.7348081780216,2018-08-27,33071.157,0.89346,0.444508757374503,29.9811630772845,2.29923055341877
"AC",15,0.0248739823443741,320.777,41.4453,0.47,"1200328",277.7012,86.378,1.024,0.158,0.541,0.021,1.744,704.9216,1.483,1.1590827944938,1.73212317924624,2018-08-27,36958.6881,0.9057,0.444508757374503,29.9811630772845,2.29923055341877
"AC",198,0.180555091762448,359.681,166.3045,1.548,"1200328",220.7319,61.231,1.839,1.501,3.42,0.454,7.214,725.1701,1.48,1.1590827944938,1.73281452041884,2018-08-27,38216.6107,0.9058,0.444508757374503,29.9811630772845,2.29923055341877
"AC",11,0.144230054370501,50.235,13.5787,1.053,"1200328",43.6318,86.661,4.902,3.176,5.646,0,13.724,629.8323,1.527,1.1590827944938,1.74538741885998,2018-08-27,32093.8223,0.91081,0.444508757374503,29.9811630772845,2.29923055341877
"AC",11,0.0366648762904673,100.327,20.8991,0.684,"1200328",86.4089,85.935,1.395,0.707,0,0.282,2.384,582.3263,1.363,1.1590827944938,1.67949428001855,2018-08-27,33625.5768,0.92594,0.444508757374503,29.9811630772845,2.29923055341877
"AC",51,0.126619642341102,100.299,51.4615,1.288,"1200328",86.8563,86.402,1.502,5.316,6.178,5.86,18.856,648.5926,1.484,1.1590827944938,1.75915435604171,2018-08-27,34148.6147,0.90975,0.444508757374503,29.9811630772845,2.29923055341877
"AC",13,0.0626914285804211,99.274,16.93,0.998,"1200328",85.7921,86.226,0,0,0,0.759,0.759,635.5363,1.474,1.1590827944938,1.69666441980916,2018-08-27,33223.1684,0.90662,0.444508757374503,29.9811630772845,2.29923055341877
"AC",7,0.0835178766305033,27.353,5.026,1.811,"1200328",21.3541,77.894,0,0,0,0,0,697.058,1.741,1.1590827944938,1.75628758202276,2018-08-27,30556.1051,0.88747,0.444508757374503,29.9811630772845,2.29923055341877
"AC",25,0.138074727170456,52.623,23.313,1.394,"1200328",32.878,62.34,2.862,0,4.084,0.483,7.429,716.2256,1.719,1.1590827944938,1.75002033190193,2018-08-27,31846.3529,0.88825,0.444508757374503,29.9811630772845,2.29923055341877
"AC",21,0.061139631713238,200.512,54.6677,0.499,"1200328",158.3981,78.822,0.575,2.03,2.21,0.221,5.036,725.6696,1.617,1.1590827944938,1.76017701421406,2018-08-27,34735.2209,0.89604,0.444508757374503,29.9811630772845,2.29923055341877
"AC",29,0.20302127119198,50.213,19.3877,1.945,"1200328",32.3303,64.242,0,0,0,0.849,0.849,581.7405,1.401,1.1590827944938,1.76820770256494,2018-08-27,32424.7337,0.91184,0.444508757374503,29.9811630772845,2.29923055341877
"AC",39,0.0533609857421235,150.399,34.9102,1.452,"1200328",148.6409,98.61,1.39,0.552,1.053,3.094,6.089,561.9868,1.286,1.1590827944938,1.75629030286089,2018-08-27,34960.3617,0.93245,0.444508757374503,29.9811630772845,2.29923055341877
"AC",11,0.052685082075266,58.287,13.9972,1.022,"1200328",36.9712,63.288,2.112,0.709,0,3.475,6.296,690.8223,1.682,1.1590827944938,1.74683831562341,2018-08-27,31750.1778,0.89764,0.444508757374503,29.9811630772845,2.29923055341877
"AC",16,0.110364494625901,25.342,21.5828,0.964,"1200336",0.996,3.922,2.458,1.679,0,0,4.137,964.4251,2.464,0.604957320466606,2.49153784982395,2019-08-17,18733.2114,0.54855,0.448654552921653,30.9263988439306,5.15929493946475
"AC",6,0.0452595771423381,97.967,57.1416,0.137,"1200336",39.9135,40.651,0,0,0.027,0.545,0.572,888.2204,2.212,0.604957320466606,2.54953818035647,2017-07-29,24931.0461,0.68131,0.448654552921653,30.9263988439306,5.15929493946475
"AC",28,0.112659863237109,76.88,53.585,0.679,"1200336",21.974,28.518,0,0,0,0,0,1446.286,3.54,0.604957320466606,2.56331216156377,2017-07-29,22922.935,0.63296,0.448654552921653,30.9263988439306,5.15929493946475
"AC",28,0.0976687757287923,65.276,45.1175,0.807,"1200336",25.9501,39.666,9.638,9.002,0,0,18.64,1079.5134,2.58,0.604957320466606,2.53488366085275,2017-07-29,22749.4176,0.61783,0.448654552921653,30.9263988439306,5.15929493946475
"AC",15,0.0586909921376188,120.482,94.3756,0.207,"1200336",35.1439,29.104,4.728,3.807,3.41,0,11.945,1291.2808,3.027,0.604957320466606,2.52448062525909,2017-07-29,20963.3812,0.56293,0.448654552921653,30.9263988439306,5.15929493946475
"AC",7,0.0491146468421282,177.89,151.0358,0.06,"1200336",61.9313,34.737,0,18.271,0,0.02,18.291,1158.2014,2.661,0.604957320466606,2.55473172479476,2017-07-29,25481.4097,0.65966,0.448654552921653,30.9263988439306,5.15929493946475
"AC",33,0.063531853611391,133.038,76.4888,0.561,"1200336",73.1601,54.869,0.058,11.955,0.401,0,12.414,1407.6171,3.339,0.604957320466606,2.55043497787183,2017-07-29,22432.701,0.60374,0.448654552921653,30.9263988439306,5.15929493946475
"AC",19,0.0844948974278318,71.194,62.532,0.395,"1200336",10.5185,14.741,0,3.141,0,0,3.141,1285.4051,3.101,0.604957320466606,2.51069255200451,2017-07-29,19382.8158,0.54292,0.448654552921653,30.9263988439306,5.15929493946475
"AC",38,0.0377585392258911,112.115,47.2579,1.045,"1200336",64.0826,57.03,0.231,0,0,0,0.231,1442.6482,3.425,0.604957320466606,2.5379382992259,2017-07-29,21282.3463,0.57674,0.448654552921653,30.9263988439306,5.15929493946475
"AC",40,0.0585109591523434,83.946,68.1597,0.763,"1200336",15.9311,18.935,0,0,0.615,0,0.615,921.2186,2.309,0.604957320466606,2.55503673265747,2017-07-29,24707.589,0.68227,0.448654552921653,30.9263988439306,5.15929493946475
"AC",10,0.0312244894230398,93.813,43.7988,0.297,"1200336",62.1439,66.094,0,0.67,0,0,0.67,1049.6134,2.611,0.604957320466606,2.57100541194836,2017-07-29,24983.9414,0.68933,0.448654552921653,30.9263988439306,5.15929493946475
"AC",23,0.0539794782053952,81.953,40.0469,0.747,"1200336",43.9006,53.448,0,0,1.654,0,1.654,1243.5721,3.037,0.604957320466606,2.5644562029838,2017-07-29,23409.2273,0.64823,0.448654552921653,30.9263988439306,5.15929493946475
"AC",22,0.0840273692300634,128.308,69.7372,0.41,"1200336",76.1923,59.25,3.448,2.488,2.751,0.012,8.699,1501.0484,3.577,0.604957320466606,2.56594596293153,2017-07-29,25296.3674,0.67991,0.448654552921653,30.9263988439306,5.15929493946475
"AC",6,0.0747877538267963,38.263,37.1445,0.21,"1200336",3.2838,8.563,0,1.396,0,0.75,2.146,1293.0999,3.225,0.604957320466606,2.51661156378984,2017-07-29,18922.3595,0.54727,0.448654552921653,30.9263988439306,5.15929493946475
"AC",9,0.0136060268609962,97.161,65.5925,0.178,"1200336",33.4342,34.334,0,0.641,0.64,0.005,1.286,1467.5382,3.534,0.604957320466606,2.527663132015,2017-07-29,20776.8558,0.57339,0.448654552921653,30.9263988439306,5.15929493946475
"AC",5,0.052704627669473,21.901,21.0304,0.309,"1200336",11.3033,51.495,5.69,0,19.247,2.681,27.618,744.9277,1.992,0.604957320466606,2.52962787602925,2017-07-29,22225.2628,0.65414,0.448654552921653,30.9263988439306,5.15929493946475
"AC",5,0.0282633431859597,94.259,90.7509,0.072,"1200336",3.4228,3.623,0,0.058,0,0,0.058,1160.9305,2.81,0.604957320466606,2.52938904111379,2017-07-29,21605.789,0.59461,0.448654552921653,30.9263988439306,5.15929493946475
"AC",13,0.193423090827238,21.656,16.8896,1.001,"1200336",8.4331,38.855,2.877,10.037,0,0.498,13.412,881.1954,2.372,0.604957320466606,2.53930660258398,2017-07-29,21708.252,0.6403,0.448654552921653,30.9263988439306,5.15929493946475
"AC",9,0.114982991426106,19.729,16.4732,0.71,"1200336",3.4783,17.591,0,0,0,0,0,1341.0814,3.513,0.604957320466606,2.58754819660375,2017-07-29,24857.5259,0.73511,0.448654552921653,30.9263988439306,5.15929493946475
"AC",125,0.168121435284074,99.583,88.2762,1.841,"1200336",13.1524,13.178,0,0.052,0,0,0.052,1225.575,2.952,0.604957320466606,2.52388892860452,2017-07-29,20882.6152,0.57426,0.448654552921653,30.9263988439306,5.15929493946475
"AC",81,0.220647820979548,79.305,75.1208,1.402,"1200336",3.5337,4.446,0,0.498,0,0,0.498,1429.8904,3.438,0.604957320466606,2.55349167437701,2017-07-29,22163.9841,0.60478,0.448654552921653,30.9263988439306,5.15929493946475
"AC",67,0.0320790081931918,248.046,83.643,1.041,"1200336",175.2919,70.512,0,0,0,0,0,1385.794,3.108,0.604957320466606,2.56985751953072,2017-07-29,26073.9537,0.66308,0.448654552921653,30.9263988439306,5.15929493946475
"AC",11,0.0795709104697997,39.883,27.0205,0.529,"1200336",15.3623,38.432,0,0,0,3.535,3.535,1253.753,3.045,0.604957320466606,2.511851244698,2017-07-29,19257.6476,0.53709,0.448654552921653,30.9263988439306,5.15929493946475
"AC",64,0.125916739307529,99.327,86.2676,0.964,"1200336",15.4633,15.533,0,0.537,1.651,0,2.188,1547.8972,3.743,0.604957320466606,2.55500393370994,2017-07-29,24024.5473,0.66007,0.448654552921653,30.9263988439306,5.15929493946475
"AC",18,0.0637844437723907,53.029,32.0835,0.729,"1200344",37.1887,69.972,7.865,10.493,6.861,3.012,28.231,2172.2441,5.362,1.76965193052808,1.78095591833121,2019-06-12,25700.3272,0.72326,0.414684847268191,30.69431389673,1.32311440558388
"AC",7,0.0266666666666667,45.579,41.6605,0.218,"1200344",27.4045,59.99,2.936,19.444,9.346,3.09,34.816,2476.3713,6.138,1.76965193052808,1.73428494228281,2019-06-12,27417.4007,0.78404,0.414684847268191,30.69431389673,1.32311440558388
"AC",6,0.0665039804521269,50.575,27.1724,0.287,"1200344",32.3845,63.889,0.878,4.193,4.124,0.789,9.984,1749.6415,4.263,1.76965193052808,1.86179681167397,2019-06-12,28189.7642,0.79439,0.414684847268191,30.69431389673,1.32311440558388
"AC",24,0.187282502161257,35.214,33.5022,0.931,"1200344",2.6894,7.62,0.139,0,0.442,0.291,0.872,2211.0215,5.56,1.76965193052808,1.78647202741947,2019-06-12,25120.0458,0.72337,0.414684847268191,30.69431389673,1.32311440558388
"AC",67,0.10972482225622,231.273,184.7531,0.471,"1200344",47.8013,20.623,0,0.163,0,0,0.163,2126.2592,4.506,1.76965193052808,1.83923411409619,2019-06-12,30289.2086,0.75086,0.414684847268191,30.69431389673,1.32311440558388
"AC",17,0.077562757434453,48.578,28.3622,0.779,"1200344",29.0346,59.636,1.207,2.272,2.154,0,5.633,2068.8629,5.183,1.76965193052808,1.77286556059125,2019-06-12,26294.8524,0.75133,0.414684847268191,30.69431389673,1.32311440558388
"AC",22,0.0428571428571429,45.755,23.855,1.199,"1200344",26.1609,57.048,0.726,0,4.107,0,4.833,2483.0191,6.099,1.76965193052808,1.74777001599408,2019-06-12,26865.4937,0.75988,0.414684847268191,30.69431389673,1.32311440558388
"AC",5,0.057491495713053,40.026,17.3491,0.375,"1200344",27.6352,68.89,3.196,4.905,3.184,0,11.285,2328.5446,5.882,1.76965193052808,1.76462240568493,2019-06-12,25360.7367,0.72914,0.414684847268191,30.69431389673,1.32311440558388
"AC",13,0.0672945391501793,57.943,49.9658,0.338,"1200344",9.0299,15.549,0.756,0.037,0.194,0,0.987,2631.0315,6.472,1.76965193052808,1.73805803839847,2019-06-12,27154.8818,0.76358,0.414684847268191,30.69431389673,1.32311440558388
"AC",6,0.026340397763396,231.847,40.8065,0.191,"1200344",181.3075,78.027,0.344,0.268,0.306,0.095,1.013,1949.7181,4.363,1.76965193052808,1.8341003668293,2019-06-12,28494.715,0.74599,0.414684847268191,30.69431389673,1.32311440558388
"AC",13,0.0543697671639397,43.498,20.3286,0.831,"1200344",25.7872,59.151,2.652,0.294,0,0,2.946,2443.7973,6.054,1.76965193052808,1.75094821975642,2019-06-12,26445.7917,0.75432,0.414684847268191,30.69431389673,1.32311440558388
"AC",38,0.0958504115718714,104.46,73.4851,0.672,"1200344",39.6873,37.908,0.774,2.048,3.673,0.091,6.586,2154.1605,5.178,1.76965193052808,1.792210888319,2019-06-12,26647.8172,0.7344,0.414684847268191,30.69431389673,1.32311440558388
"AC",68,0.071193470705453,154.341,96.5863,0.915,"1200344",64.4505,41.665,0.423,0.402,0.92,0.201,1.946,2435.7213,5.623,1.76965193052808,1.77572650510536,2019-06-12,27605.712,0.72964,0.414684847268191,30.69431389673,1.32311440558388
"AC",21,0.0131002585220083,302.271,60.5402,0.451,"1200344",255.4703,84.328,0.587,1.115,0.264,1.13,3.096,1728.6863,3.651,1.76965193052808,1.87009232422445,2019-06-12,30784.2345,0.77814,0.414684847268191,30.69431389673,1.32311440558388
"AC",86,0.0600959690759866,563.586,205.072,0.545,"1200344",398.6101,70.57,0.378,0.943,0.609,0.939,2.869,2062.6949,4.196,1.76965193052808,1.87950270216766,2019-06-12,34649.2284,0.81184,0.414684847268191,30.69431389673,1.32311440558388
"AC",12,0.145507960904254,50.164,39.9512,0.39,"1200344",16.795,33.406,2.123,1.415,0,1.629,5.167,2546.8983,6.307,1.76965193052808,1.73961043597461,2019-06-12,27033.7313,0.76981,0.414684847268191,30.69431389673,1.32311440558388
"AC",11,0.0648576015032501,118.03,36.2489,0.394,"1200344",87.9966,74.387,0.521,1.776,2.515,0.301,5.113,2318.7359,5.517,1.76965193052808,1.77651564672813,2019-06-12,27241.0841,0.74113,0.414684847268191,30.69431389673,1.32311440558388
"AC",8,0.114233838574714,73.268,59.8656,0.174,"1200344",22.9297,31.226,4.068,6.646,3.563,0,14.277,1817.8666,4.404,1.76965193052808,1.86634965509361,2019-06-12,28829.8999,0.80025,0.414684847268191,30.69431389673,1.32311440558388
"AC",27,0.184595862760874,47.552,23.3462,1.503,"1200344",35.2448,73.954,0,4.099,1.18,2.528,7.807,1647.7042,4.055,1.76965193052808,1.89252626804044,2019-06-12,29652.6939,0.8416,0.414684847268191,30.69431389673,1.32311440558388
"AC",5,0.080098061691263,38.205,21.4328,0.303,"1200344",32.6386,85.24,3.857,11.207,3.132,9.546,27.742,2729.8533,6.836,1.76965193052808,1.70644433230997,2019-06-12,27659.7372,0.79567,0.414684847268191,30.69431389673,1.32311440558388
"AC",7,0.0773852646929409,61.401,41.6029,0.219,"1200344",40.9599,66.56,9.258,9.438,6.865,2.933,28.494,2748.9201,6.718,1.76965193052808,1.70731325002959,2019-06-12,28334.1206,0.79617,0.414684847268191,30.69431389673,1.32311440558388
"AC",19,0.019938825586617,204.436,28.7183,0.86,"1200344",181.4422,88.554,0.26,0.347,0,0.542,1.149,1705.8301,3.675,1.76965193052808,1.8730957796781,2019-06-12,30348.9025,0.7788,0.414684847268191,30.69431389673,1.32311440558388
"AC",7,0.0345999348748138,100.912,20.2875,0.449,"1200344",87.206,86.225,0.703,0.679,1.192,0.41,2.984,1739.2115,4.011,1.76965193052808,1.86712999649043,2019-06-12,27808.9672,0.75829,0.414684847268191,30.69431389673,1.32311440558388
"AC",15,0.057604245815602,45.481,26.5115,0.736,"1200344",27.5924,60.532,3.317,5.072,1.481,1.171,11.041,2225.6805,5.596,1.76965193052808,1.78049042938164,2019-06-12,25250.3629,0.72435,0.414684847268191,30.69431389673,1.32311440558388
"AC",24,0.147150537412416,43.965,32.6273,0.956,"1200344",12.2466,27.793,0,0.127,0,0.02,0.147,2203.041,5.539,1.76965193052808,1.78634403461393,2019-06-12,25118.3227,0.72299,0.414684847268191,30.69431389673,1.32311440558388
"AC",35,0.0488870333906353,89.279,52.8511,0.861,"1200344",49.164,54.945,0,1.733,1.645,0.118,3.496,1731.4351,4.207,1.76965193052808,1.86704736472066,2019-06-12,29300.0927,0.81563,0.414684847268191,30.69431389673,1.32311440558388
"AC",18,0.105352763550058,44.767,37.7192,0.62,"1200344",23.4195,52.198,4.303,5.544,2.974,1.6,14.421,2428.5086,5.956,1.76965193052808,1.73855651713999,2019-06-12,27444.974,0.78033,0.414684847268191,30.69431389673,1.32311440558388
"AC",12,0.060871821853858,87.939,51.4615,0.303,"1200344",40.693,46.171,0,0.122,0.605,0,0.727,2082.8895,5.039,1.76965193052808,1.7877977282541,2019-06-12,26857.4746,0.74345,0.414684847268191,30.69431389673,1.32311440558388
"AC",27,0.0209349028470093,426.929,48.3433,0.726,"1200344",399.2531,93.309,0.104,1.011,0.374,0.5,1.989,2019.8126,4.002,1.76965193052808,1.88604238814681,2019-06-12,35270.226,0.81399,0.414684847268191,30.69431389673,1.32311440558388
"AC",6,0.0269666045017162,48.962,35.657,0.219,"1200344",24.9549,50.855,13.192,1.06,0,0,14.252,2631.157,6.522,1.76965193052808,1.73364897726398,2019-06-12,27166.5153,0.76914,0.414684847268191,30.69431389673,1.32311440558388
"AC",28,0.225128886992804,50.428,39.7623,0.915,"1200344",31.0076,61.351,12.492,10.909,3.29,1.718,28.409,2520.4688,6.315,1.76965193052808,1.75081483914456,2019-06-12,25844.5941,0.73965,0.414684847268191,30.69431389673,1.32311440558388
"AC",5,0.0754138294194419,51.893,25.2096,0.258,"1200344",26.8979,51.718,0.644,0,0,0,0.644,1821.8802,4.43,1.76965193052808,1.83312364761483,2019-06-12,25815.2475,0.73513,0.414684847268191,30.69431389673,1.32311440558388
"AC",8,0.0557460443376793,48.982,8.0143,1.298,"1200344",44.3598,90.361,1.242,0,2.765,0.094,4.101,1744.5336,4.366,1.76965193052808,1.87232207082898,2019-06-12,27892.3511,0.79899,0.414684847268191,30.69431389673,1.32311440558388
"AC",7,0.0423760927884112,100.607,34.6035,0.263,"1200344",75.4761,74.853,0,1.411,1.727,1.4,4.538,1805.7205,4.137,1.76965193052808,1.86399809323247,2019-06-12,27839.1978,0.75518,0.414684847268191,30.69431389673,1.32311440558388
"AC",9,0.0324383167343104,143.095,62.056,0.189,"1200344",80.8549,56.378,0,0,0.806,0.372,1.178,2378.5673,5.635,1.76965193052808,1.7719660106537,2019-06-12,27328.9195,0.73936,0.414684847268191,30.69431389673,1.32311440558388
"AC",9,0.00909090909090909,65.336,46.8446,0.25,"1200385",18.0381,27.547,0,0,0,0,0,339.4952,0.834,1.14415817139971,0.365437799655263,2019-06-22,6542.4362,0.17762,0.391689360141754,34.4889641434264,15.0804970922714
"AC",73,0.134440427931281,60.932,41.5188,2.286,"1200385",19.4112,31.786,0,0,0,0,0,389.566,0.926,1.14415817139971,0.460228994730163,2019-06-22,9406.8635,0.25706,0.391689360141754,34.4889641434264,15.0804970922714
"AC",26,0.165247114371786,60.323,51.0266,0.662,"1200385",6.236,10.315,1.11,1.318,0,0,2.428,383.9744,0.951,1.14415817139971,0.405545313370677,2019-06-22,5832.9039,0.15892,0.391689360141754,34.4889641434264,15.0804970922714
"AC",26,0.123757648098523,59.803,58.5779,0.577,"1200385",6.0387,10.075,0,0,0,4.069,4.069,348.4674,0.869,1.14415817139971,0.386914092707954,2019-06-22,6303.5379,0.17327,0.391689360141754,34.4889641434264,15.0804970922714
"AC",47,0.0426553415784482,282.115,154.3047,0.396,"1200385",82.758,29.269,0,0.188,0,0.188,0.376,239.8178,0.567,1.14415817139971,0.394308112331289,2019-06-22,3479.5047,0.08754,0.391689360141754,34.4889641434264,15.0804970922714
"AC",37,0.109808521407404,60.209,37.2791,1.29,"1200385",22.1167,36.651,0,0,0,0,0,339.409,0.811,1.14415817139971,0.391674601474702,2019-06-22,7314.6369,0.19991,0.391689360141754,34.4889641434264,15.0804970922714
"AC",12,0.0456357922336736,59.776,34.3171,0.455,"1200385",19.2818,32.185,0,1.035,0,0,1.035,457.4534,1.096,1.14415817139971,0.477663457475849,2019-06-22,8259.6439,0.22553,0.391689360141754,34.4889641434264,15.0804970922714
"AC",5,0.0902902633738592,47.834,35.2797,0.184,"1200385",10.2329,21.344,0.49,0,0,0,0.49,281.4368,0.711,1.14415817139971,0.388924490280531,2019-06-22,3748.2771,0.10332,0.391689360141754,34.4889641434264,15.0804970922714
"AC",41,0.10505360545588,62.507,38.37,1.389,"1200385",23.0931,36.863,0,0,0,0,0,321.1388,0.785,1.14415817139971,0.364412272972725,2019-06-22,6205.5771,0.16906,0.391689360141754,34.4889641434264,15.0804970922714
"AC",22,0.113534247897255,34.3,29.3988,0.973,"1200385",4.1425,12.05,0,0,0,0,0,237.4065,0.638,1.14415817139971,0.414603591761562,2019-06-22,2749.0288,0.07905,0.391689360141754,34.4889641434264,15.0804970922714
"AC",11,0.0251229717208531,62.545,40.0484,0.357,"1200385",16.3807,26.132,0,0.989,0,0,0.989,449.7887,1.075,1.14415817139971,0.477436131694107,2019-06-22,8362.1705,0.22787,0.391689360141754,34.4889641434264,15.0804970922714
"AC",38,0.0899325078693633,61.666,34.1239,1.448,"1200385",20.3294,32.893,0,0.639,0,0,0.639,341.2131,0.823,1.14415817139971,0.389810331010495,2019-06-22,7301.3043,0.19905,0.391689360141754,34.4889641434264,15.0804970922714
"AC",20,0.107015994438555,58.662,42.1589,0.617,"1200385",16.2144,27.579,0,0,0,0,0,401.4676,0.971,1.14415817139971,0.461860144581679,2019-06-22,9143.6975,0.25405,0.391689360141754,34.4889641434264,15.0804970922714
"AC",27,0.248070938431512,52.233,51.31,0.684,"1200385",0.5473,1.045,1.442,0,0,0,1.442,254.7566,0.641,1.14415817139971,0.390536845649276,2019-06-22,3593.337,0.09936,0.391689360141754,34.4889641434264,15.0804970922714
"AC",56,0.137331658378707,62.127,30.0739,2.421,"1200385",33.34,53.544,0,0.505,0,0,0.505,455.9873,1.072,1.14415817139971,0.477526306902066,2019-06-22,10842.4872,0.29452,0.391689360141754,34.4889641434264,15.0804970922714
"AC",30,0.0934846922834954,60.677,49.8716,0.782,"1200385",12.2267,20.105,0,0,0,0,0,358.7586,0.855,1.14415817139971,0.455866154414626,2019-06-22,9545.3355,0.26395,0.391689360141754,34.4889641434264,15.0804970922714
"AC",95,0.225304704510187,48.678,46.4903,2.656,"1200385",2.8431,5.828,0,0,0,0,0,178.7679,0.474,1.14415817139971,0.375293920454231,2019-06-22,3656.5647,0.10415,0.391689360141754,34.4889641434264,15.0804970922714
"AC",64,0.196480314979624,57.335,47.3961,1.755,"1200385",9.0132,15.685,0,0,0,0,0,466.6506,1.114,1.14415817139971,0.482654806247281,2019-06-22,10432.3105,0.28417,0.391689360141754,34.4889641434264,15.0804970922714
"AC",45,0.191227916986336,59.745,58.0816,1.007,"1200385",0.5567,0.93,0,0,0,0,0,279.0083,0.666,1.14415817139971,0.368348770853202,2019-06-22,4872.0556,0.13237,0.391689360141754,34.4889641434264,15.0804970922714
"AC",20,0.142661201619364,58.878,51.0253,0.51,"1200385",6.4057,10.855,0,0,0,0,0,290.6133,0.732,1.14415817139971,0.389383644661615,2019-06-22,3858.2772,0.10591,0.391689360141754,34.4889641434264,15.0804970922714
"AC",22,0.081128926966497,61.607,34.8817,0.82,"1200385",23.8747,38.667,0,0,0,0,0,341.2073,0.824,1.14415817139971,0.388441016940453,2019-06-22,6768.4122,0.18451,0.391689360141754,34.4889641434264,15.0804970922714
"AC",44,0.205399184754423,43.791,42.9288,1.332,"1200385",0.4998,1.139,0,0,0,0,0,250.6361,0.66,1.14415817139971,0.407075056350567,2019-06-22,3127.2701,0.08777,0.391689360141754,34.4889641434264,15.0804970922714
"AC",20,0.0416324510333667,246.814,159.2994,0.163,"1200385",82.4597,33.335,0.501,0,0,0.19,0.691,375.3267,0.815,1.14415817139971,0.371267304267398,2019-06-22,7131.9874,0.17133,0.391689360141754,34.4889641434264,15.0804970922714
"AC",35,0.103753158197278,67.506,27.1615,1.675,"1200385",38.8959,57.49,0,1.941,0,0,1.941,483.8707,1.128,1.14415817139971,0.478953937538754,2019-06-22,10905.0522,0.29386,0.391689360141754,34.4889641434264,15.0804970922714
"AC",9,0.06958249595954,60.949,36.5754,0.32,"1200385",21.8081,35.701,0,0,0,0,0,328.6302,0.805,1.14415817139971,0.365166983951676,2019-06-22,6492.7636,0.17646,0.391689360141754,34.4889641434264,15.0804970922714
"AC",74,0.117020029759463,61.975,39.1734,2.456,"1200385",22.842,36.775,0,0,0,0,0,394.1287,0.933,1.14415817139971,0.459504275303656,2019-06-22,9512.4878,0.25855,0.391689360141754,34.4889641434264,15.0804970922714
"AC",131,0.170157894041911,67.202,43.245,3.938,"1200385",24.0419,35.696,0,0.119,0,0,0.119,354.2921,0.876,1.14415817139971,0.384968191715032,2019-06-22,6051.1835,0.16419,0.391689360141754,34.4889641434264,15.0804970922714
"AC",72,0.102593977287031,57.242,48.2943,1.938,"1200385",7.422,12.937,0,0,0,0,0,417.1123,1.001,1.14415817139971,0.463265247483371,2019-06-22,7747.1746,0.21235,0.391689360141754,34.4889641434264,15.0804970922714
"AC",8,0.0518999023122207,59.847,46.7296,0.223,"1200385",11.0542,18.43,0,0,0,0,0,323.5416,0.792,1.14415817139971,0.364133578841489,2019-06-22,5951.0479,0.16216,0.391689360141754,34.4889641434264,15.0804970922714
"AC",7,0.0779039102362461,35.124,23.338,0.39,"1200385",19.9479,56.665,0,0,0,0,0,301.4679,0.754,1.14415817139971,0.345966951718698,2019-06-22,6561.1098,0.18314,0.391689360141754,34.4889641434264,15.0804970922714
"AC",32,0.0481766549292181,122.152,53.4828,0.778,"1200385",64.4958,52.681,0,0,0,0,0,525.8071,1.19,1.14415817139971,0.497146777610222,2019-06-22,9723.9961,0.25648,0.391689360141754,34.4889641434264,15.0804970922714
"AC",47,0.0791385776883259,57.459,43.8908,1.392,"1200385",9.8957,17.184,0,0,0,0,0,413.4063,0.986,1.14415817139971,0.459264389116869,2019-06-22,7844.0235,0.21399,0.391689360141754,34.4889641434264,15.0804970922714
"AC",12,0.187481776527971,44.28,42.8743,0.364,"1200385",0.7083,1.596,0,0,0,0,0,271.0765,0.689,1.14415817139971,0.393702400698476,2019-06-22,3500.528,0.09761,0.391689360141754,34.4889641434264,15.0804970922714
"AC",67,0.110490681868493,61.121,47.6427,1.828,"1200385",12.8501,20.977,0.368,0,0,0,0.368,483.155,1.132,1.14415817139971,0.48581768283718,2019-06-22,10464.8005,0.28153,0.391689360141754,34.4889641434264,15.0804970922714
"AC",8,0.114285714285714,10.945,10.97,0.948,"1200385",0,0,0,0,0,0,0,257.1547,0.699,1.14415817139971,0.398732637502134,2019-06-22,3163.1995,0.09403,0.391689360141754,34.4889641434264,15.0804970922714
"AC",43,0.22700242164283,52.029,52.1455,1.072,"1200385",0,0,0,0,0,0,0,242.3968,0.633,1.14415817139971,0.404503999070894,2019-06-22,3168.7218,0.0885,0.391689360141754,34.4889641434264,15.0804970922714
"AC",100,0.17369188215036,61.683,58.7101,2.214,"1200385",3.4918,5.648,0,0,0,0,0,444.6602,1.061,1.14415817139971,0.474714574364266,2019-06-22,8447.7234,0.23002,0.391689360141754,34.4889641434264,15.0804970922714
"AC",42,0.117048631870421,65.546,60.8103,0.898,"1200385",3.612,5.498,0,0,0,0,0,285.2324,0.679,1.14415817139971,0.367609542169268,2019-06-22,4904.7532,0.13301,0.391689360141754,34.4889641434264,15.0804970922714
"AC",61,0.128104447838578,60.693,58.4805,1.356,"1200385",1.5896,2.613,0.764,0,0,0.366,1.13,376.3586,0.921,1.14415817139971,0.406275030517645,2019-06-22,5914.8594,0.16099,0.391689360141754,34.4889641434264,15.0804970922714
"AC",14,0.0816094213678617,60.336,50.1177,0.363,"1200385",8.3025,13.73,0.829,0,0,0.739,1.568,352.9821,0.86,1.14415817139971,0.38594135687841,2019-06-22,6391.45,0.17341,0.391689360141754,34.4889641434264,15.0804970922714
"AC",17,0.0634313950245963,39.371,39.0911,0.565,"1200385",0.3119,0.79,0,0,0,0,0,224.298,0.606,1.14415817139971,0.411864169511714,2019-06-22,2725.6912,0.0787,0.391689360141754,34.4889641434264,15.0804970922714
"AC",18,0.0475791688659749,46.033,34.4129,0.68,"1200385",12.9678,28.108,0,0,0,0,0,364.4519,0.864,1.14415817139971,0.455087830173394,2019-06-22,9605.2764,0.26323,0.391689360141754,34.4889641434264,15.0804970922714
"AC",66,0.150679432811029,58.995,35.624,2.408,"1200385",19.2549,32.566,0,0,0.899,0,0.899,342.6925,0.829,1.14415817139971,0.387866546260035,2019-06-22,6530.4797,0.17823,0.391689360141754,34.4889641434264,15.0804970922714
"AC",71,0.153324480010842,59.644,55.0861,1.676,"1200385",1.45,2.426,0,0,0,0,0,259.4798,0.629,1.14415817139971,0.369592452105187,2019-06-22,4648.2436,0.12627,0.391689360141754,34.4889641434264,15.0804970922714
"AC",56,0.0891547594742265,60.918,55.8215,1.304,"1200385",4.4426,7.277,0.466,0,0,0,0.466,462.6319,1.11,1.14415817139971,0.48476919976463,2019-06-22,10109.5912,0.27693,0.391689360141754,34.4889641434264,15.0804970922714
"AC",43,0.104524585944176,60.551,42.0097,1.331,"1200385",15.6123,25.726,0,0,0,0,0,471.9818,1.128,1.14415817139971,0.488382863823022,2019-06-22,7507.2007,0.20413,0.391689360141754,34.4889641434264,15.0804970922714
"AC",154,0.215958831870087,63.299,61.8293,3.238,"1200385",1.2398,1.954,0,0,0,0,0,270.368,0.651,1.14415817139971,0.369223785387491,2019-06-22,4719.8701,0.1281,0.391689360141754,34.4889641434264,15.0804970922714
"AC",34,0.102497165237684,57.154,32.7371,1.35,"1200385",31.031,54.172,0,9.992,8.227,0,18.219,417.7117,1,1.14415817139971,0.468087152170878,2019-06-22,7545.6337,0.20645,0.391689360141754,34.4889641434264,15.0804970922714
"AC",115,0.146197081796747,63.967,40.3057,3.709,"1200385",23.6382,36.871,0,0,0,0.512,0.512,319.8279,0.788,1.14415817139971,0.366855828074495,2019-06-22,6145.6357,0.16841,0.391689360141754,34.4889641434264,15.0804970922714
"AC",18,0.0807814169913133,58.793,42.2227,0.554,"1200385",16.2301,27.544,0,0,0,0,0,408.5127,0.97,1.14415817139971,0.462104017913311,2019-06-22,9444.1229,0.25682,0.391689360141754,34.4889641434264,15.0804970922714
"AC",100,0.0861117512292873,183.108,176.4932,0.737,"1200385",8.4981,4.631,0.338,0,0,0.579,0.917,389.641,0.917,1.14415817139971,0.406134036098076,2019-06-22,6135.4274,0.16129,0.391689360141754,34.4889641434264,15.0804970922714
"AC",5,0.0330743063732471,62.981,41.2356,0.158,"1200385",21.133,33.48,0,0,0,0,0,375.8882,0.89,1.14415817139971,0.45769177628333,2019-06-22,9544.1304,0.26059,0.391689360141754,34.4889641434264,15.0804970922714
"AC",60,0.140708270906519,67.058,60.7332,1.284,"1200385",9.4831,14.11,0,0,0,4.257,4.257,267.8637,0.664,1.14415817139971,0.349110789579712,2019-06-22,6337.2584,0.17499,0.391689360141754,34.4889641434264,15.0804970922714
"AC",52,0.130126549147336,66.076,60.5789,1.116,"1200385",3.6124,5.455,0,0,0,0,0,502.5019,1.18,1.14415817139971,0.512263369237658,2019-06-22,9663.4802,0.26669,0.391689360141754,34.4889641434264,15.0804970922714
"AC",50,0.139475213689236,60.132,57.9899,1.121,"1200385",0,0,0,0,0,0,0,301.1316,0.719,1.14415817139971,0.367710275169905,2019-06-22,4961.988,0.1339,0.391689360141754,34.4889641434264,15.0804970922714
"AC",8,0.0314609255745521,60.212,50.166,0.207,"1200385",11.8648,19.661,0,0,0,0.807,0.807,328.5054,0.788,1.14415817139971,0.390773381416092,2019-06-22,7361.6776,0.20084,0.391689360141754,34.4889641434264,15.0804970922714
"AC",42,0.218587004559314,55.371,46.7766,1.167,"1200385",8.2133,14.8,0,0,0,0,0,355.7672,0.883,1.14415817139971,0.384493364566927,2019-06-22,5944.7483,0.16187,0.391689360141754,34.4889641434264,15.0804970922714
"AC",115,0.196261829015862,58.913,51.6063,2.897,"1200385",4.8543,8.221,0,0,0,0,0,480.4086,1.147,1.14415817139971,0.482249789942893,2019-06-22,7821.4221,0.21374,0.391689360141754,34.4889641434264,15.0804970922714
"AC",22,0.0349379398056994,61.905,27.3512,1.046,"1200385",22.6594,36.522,0,0,0,0,0,517.6428,1.213,1.14415817139971,0.50276984195653,2019-06-22,8752.0556,0.2375,0.391689360141754,34.4889641434264,15.0804970922714
"AC",21,0.141917809871569,27.986,23.9158,1.142,"1200385",3.2174,11.471,0,0,0,0,0,233.0455,0.628,1.14415817139971,0.414823320465512,2019-06-22,2727.8066,0.07881,0.391689360141754,34.4889641434264,15.0804970922714
"AC",91,0.192698057907196,76.92,70.092,1.688,"1200385",2.9331,3.805,0,0,0,0,0,230.9356,0.564,1.14415817139971,0.370905340057309,2019-06-22,4495.2246,0.12167,0.391689360141754,34.4889641434264,15.0804970922714
"AC",5,0.0573287977136283,63.646,59.6839,0.109,"1200385",5.3917,8.452,0,0,0,0.206,0.206,384.1276,0.945,1.14415817139971,0.406044978836891,2019-06-22,5864.8561,0.15952,0.391689360141754,34.4889641434264,15.0804970922714
"AC",6,0.110494117543867,61.956,54.8027,0.142,"1200385",7.2261,11.637,0,0,0,0,0,379.9912,0.92,1.14415817139971,0.40659463060093,2019-06-22,6319.4536,0.1719,0.391689360141754,34.4889641434264,15.0804970922714
"AC",55,0.133051738223184,59.555,52.2489,1.368,"1200385",13.4956,22.61,0,19.641,0,0,19.641,343.4849,0.83,1.14415817139971,0.388757956794063,2019-06-22,7074.8994,0.19312,0.391689360141754,34.4889641434264,15.0804970922714
"AC",26,0.0875822993281068,60.473,40.5138,0.834,"1200385",17.15,28.296,0,0,0,0,0,465.4119,1.118,1.14415817139971,0.489128959259161,2019-06-22,7446.4191,0.20358,0.391689360141754,34.4889641434264,15.0804970922714
"AC",27,0.102511713552903,57.572,42.3183,0.829,"1200385",14.705,25.485,0,0,0,0.576,0.576,466.8864,1.111,1.14415817139971,0.481008182696801,2019-06-22,10603.7845,0.28887,0.391689360141754,34.4889641434264,15.0804970922714
"AC",9,0.06958249595954,61.419,36.9898,0.316,"1200385",21.8608,35.513,0,0,0,0,0,328.4902,0.804,1.14415817139971,0.36516056019801,2019-06-22,6491.6664,0.17645,0.391689360141754,34.4889641434264,15.0804970922714
"AC",14,0.0363223652472096,71.557,66.6095,0.273,"1200385",1.5999,2.231,0,0,0,0,0,267.0473,0.654,1.14415817139971,0.348934505924886,2019-06-22,6269.2182,0.17105,0.391689360141754,34.4889641434264,15.0804970922714
"AC",40,0.0730879487064263,61.763,57.8055,0.9,"1200385",3.6688,5.927,0,0,0,0,0,323.991,0.777,1.14415817139971,0.373194173992917,2019-06-22,7051.5112,0.1907,0.391689360141754,34.4889641434264,15.0804970922714
"AC",28,0.141724641469067,63.041,49.9592,0.729,"1200385",26.8581,42.509,1.402,0,6.869,2.728,10.999,327.875,0.806,1.14415817139971,0.366850985977261,2019-06-22,6188.8124,0.16855,0.391689360141754,34.4889641434264,15.0804970922714
"AC",5,0.0322474487139159,60.727,39.7457,0.164,"1200385",20.8159,34.201,0,0,0,0,0,376.1993,0.891,1.14415817139971,0.457820854333625,2019-06-22,9535.0988,0.26054,0.391689360141754,34.4889641434264,15.0804970922714
"AC",7,0.0363104183450861,56.5,52.2029,0.174,"1200385",2.7238,4.81,0,0,0,0,0,412.0211,0.989,1.14415817139971,0.460396799433331,2019-06-22,7738.9333,0.21281,0.391689360141754,34.4889641434264,15.0804970922714
"AC",24,0.138468331517098,58.683,58.814,0.53,"1200385",0,0,0,0,0,0,0,239.052,0.623,1.14415817139971,0.401383149663053,2019-06-22,3192.3056,0.08882,0.391689360141754,34.4889641434264,15.0804970922714
"AC",18,0.0945676957946069,59.719,54.3569,0.43,"1200385",3.268,5.46,0,0,0,0,0,391.2465,0.945,1.14415817139971,0.407553106908207,2019-06-22,6981.6156,0.19006,0.391689360141754,34.4889641434264,15.0804970922714
"AC",5,0.0620859033876723,60.939,57.3528,0.113,"1200385",5.1612,8.45,0,0,0,0.346,0.346,382.2409,0.94,1.14415817139971,0.405909034515833,2019-06-22,5866.32,0.15963,0.391689360141754,34.4889641434264,15.0804970922714
"AC",9,0.0513939355797787,68.244,46.6073,0.251,"1200385",21.8495,31.945,0,0,1.115,0.827,1.942,323.7553,0.79,1.14415817139971,0.364944321124567,2019-06-22,5799.5353,0.15754,0.391689360141754,34.4889641434264,15.0804970922714
"AC",16,0.110442131084587,59.218,53.0757,0.392,"1200385",7.034,11.852,0,0,0,0.256,0.256,380.5056,0.924,1.14415817139971,0.406681214595179,2019-06-22,6111.9797,0.16647,0.391689360141754,34.4889641434264,15.0804970922714
"AC",33,0.0699200698213742,60.265,45.1356,0.95,"1200385",14.9451,24.743,0,0,0,0,0,486.1292,1.145,1.14415817139971,0.512563320233373,2019-06-22,9284.2295,0.25599,0.391689360141754,34.4889641434264,15.0804970922714
"AC",6,0.032498037472243,77.975,75.5778,0.103,"1200385",1.9139,2.449,0,0,0,0.004,0.004,265.303,0.643,1.14415817139971,0.350187688102045,2019-06-22,6399.6271,0.17361,0.391689360141754,34.4889641434264,15.0804970922714
"AC",8,0.0559126542227331,60.374,31.7435,0.328,"1200385",21.4939,35.522,0,0.665,0,0,0.665,345.6882,0.837,1.14415817139971,0.389371392314036,2019-06-22,7217.1529,0.19709,0.391689360141754,34.4889641434264,15.0804970922714
"AC",5,0.106787753826796,45.749,45.851,0.142,"1200385",0,0,0,0,0,0,0,231.3845,0.608,1.14415817139971,0.400385336227918,2019-06-22,3175.7264,0.08929,0.391689360141754,34.4889641434264,15.0804970922714
"AC",20,0.0647781716763755,69.415,47.1414,0.552,"1200385",21.9792,31.593,0,0,0,0,0,311.6499,0.769,1.14415817139971,0.344774080290747,2019-06-22,6052.1477,0.16646,0.391689360141754,34.4889641434264,15.0804970922714
"AC",6,0.116106163138639,60.92,59.463,0.131,"1200385",2.8638,4.69,0.063,1.451,0.264,0,1.778,395.0801,0.958,1.14415817139971,0.407521841601845,2019-06-22,7072.849,0.19435,0.391689360141754,34.4889641434264,15.0804970922714
"AC",31,0.106117674029516,61.409,50.3117,0.801,"1200385",10.5475,17.137,0,0.733,0,0,0.733,352.7368,0.873,1.14415817139971,0.384955342865727,2019-06-22,6093.6582,0.16569,0.391689360141754,34.4889641434264,15.0804970922714
"AC",17,0.103745747856526,35.154,24.257,0.911,"1200385",18.5156,52.553,1.76,0,0,0,1.76,298.4087,0.745,1.14415817139971,0.346103152069076,2019-06-22,6661.494,0.18587,0.391689360141754,34.4889641434264,15.0804970922714
"AC",20,0.115487639406152,60.411,50.8246,0.512,"1200385",15.7253,25.972,0,0,0,3.306,3.306,350.425,0.87,1.14415817139971,0.385338609148427,2019-06-22,6280.2745,0.17133,0.391689360141754,34.4889641434264,15.0804970922714
"AC",36,0.0747704079217417,65.063,64.0429,0.731,"1200385",1.8181,2.788,0.238,0,0,0.854,1.092,380.594,0.925,1.14415817139971,0.406485968045749,2019-06-22,6000.5354,0.16307,0.391689360141754,34.4889641434264,15.0804970922714
"AC",24,0.0613430769099975,58.514,40.5508,0.769,"1200385",19.7081,33.606,0,0,0,0,0,368.8078,0.867,1.14415817139971,0.455305777949433,2019-06-22,9639.7328,0.26243,0.391689360141754,34.4889641434264,15.0804970922714
"AC",17,0.101960653883422,59.785,50.5757,0.437,"1200385",4.5968,7.672,1.035,0,0,0,1.035,379.3799,0.919,1.14415817139971,0.407217031302221,2019-06-22,6540.1277,0.17805,0.391689360141754,34.4889641434264,15.0804970922714
"AC",51,0.0658248290463863,67.386,36.4368,1.82,"1200385",25.9067,38.359,0,0,0,0.267,0.267,270.5098,0.67,1.14415817139971,0.348293804215495,2019-06-22,6480.4925,0.17888,0.391689360141754,34.4889641434264,15.0804970922714
"AC",8,0.0890619094766445,85.238,68.9884,0.151,"1200385",13.1168,15.354,0,0,0,0,0,246.5176,0.604,1.14415817139971,0.386595934560941,2019-06-22,3778.4526,0.10219,0.391689360141754,34.4889641434264,15.0804970922714
"AC",14,0.0433307166296573,60.661,44.2804,0.411,"1200385",11.7044,19.252,0.874,0,0,0,0.874,514.717,1.194,1.14415817139971,0.509829090657758,2019-06-22,8367.5762,0.22561,0.391689360141754,34.4889641434264,15.0804970922714
"AC",6,0.0324324324324324,55.742,38.9387,0.2,"1200385",14.7347,26.375,0,0,0,0,0,357.3919,0.863,1.14415817139971,0.400673439269939,2019-06-22,7447.2681,0.20921,0.391689360141754,34.4889641434264,15.0804970922714
"AC",32,0.101527994723757,61.528,57.8595,0.719,"1200385",3.1853,5.165,0,0,0,0,0,480.8894,1.147,1.14415817139971,0.485042650630826,2019-06-22,7616.1241,0.20785,0.391689360141754,34.4889641434264,15.0804970922714
"AC",10,0.118027948693401,67.041,63.1625,0.206,"1200385",3.7481,5.578,0,0,0,0,0,303.1456,0.76,1.14415817139971,0.347387701078061,2019-06-22,6427.2546,0.18007,0.391689360141754,34.4889641434264,15.0804970922714
"AC",116,0.21006217974561,58.663,40.2087,3.75,"1200385",15.9695,27.162,0,0,0,0,0,337.9657,0.813,1.14415817139971,0.390114652409025,2019-06-22,7330.9232,0.20014,0.391689360141754,34.4889641434264,15.0804970922714
"AC",36,0.0832031843617015,59.861,48.7033,0.961,"1200385",7.9189,13.199,0,0,0,0,0,476.8791,1.139,1.14415817139971,0.480008525619591,2019-06-22,8062.6939,0.22019,0.391689360141754,34.4889641434264,15.0804970922714
"AC",38,0.0605023536981165,60.066,54.8258,0.901,"1200385",4.8363,8.034,0.797,0,0,0,0.797,483.7265,1.139,1.14415817139971,0.489320591443722,2019-06-22,9907.6905,0.26948,0.391689360141754,34.4889641434264,15.0804970922714
"AC",19,0.0433307166296573,59.445,35.464,0.696,"1200385",23.5389,39.509,0,0,0,0,0,411.2218,0.981,1.14415817139971,0.465141383016972,2019-06-22,9191.8539,0.25119,0.391689360141754,34.4889641434264,15.0804970922714
"AC",21,0.114869115673664,61.48,61.3972,0.445,"1200385",0.2368,0.384,0.052,0,0.023,0,0.075,325.6158,0.807,1.14415817139971,0.366054899463801,2019-06-22,6207.6915,0.16974,0.391689360141754,34.4889641434264,15.0804970922714
"AC",15,0.0774091367215197,68.483,64.0972,0.304,"1200385",28.8496,42.032,3.097,0,12.731,6.485,22.313,288.5703,0.714,1.14415817139971,0.347104625893121,2019-06-22,6757.3561,0.1865,0.391689360141754,34.4889641434264,15.0804970922714
"AC",33,0.128711742086913,58.714,53.3126,0.805,"1200385",4.9827,8.468,0,0.087,0,0,0.087,351.6901,0.876,1.14415817139971,0.385282298126006,2019-06-22,6071.8315,0.16615,0.391689360141754,34.4889641434264,15.0804970922714
"AC",15,0.152393552531364,60.334,57.8998,0.337,"1200385",0,0,0,0,0,0,0,397.4585,0.953,1.14415817139971,0.407994042683195,2019-06-22,7067.1144,0.19233,0.391689360141754,34.4889641434264,15.0804970922714
"AC",66,0.137376659110596,62.411,61.8408,1.387,"1200385",0,0,0,0,0,0,0,303.8221,0.731,1.14415817139971,0.36707538715493,2019-06-22,5038.9102,0.13679,0.391689360141754,34.4889641434264,15.0804970922714
"AC",299,0.116884188680021,350.093,349.5856,1.112,"1200385",0.5446,0.155,0,0,0,0,0,326.2064,0.739,1.14415817139971,0.34525297467838,2019-06-22,6691.0238,0.16786,0.391689360141754,34.4889641434264,15.0804970922714
"AC",20,0.105345306149855,60.83,59.3293,0.438,"1200385",1.3667,2.242,0,0,0.004,0,0.004,328.9135,0.813,1.14415817139971,0.366998793843947,2019-06-22,6223.9007,0.16962,0.391689360141754,34.4889641434264,15.0804970922714
"AC",78,0.0949765138638609,99.324,81.5093,1.244,"1200385",38.6848,38.861,1.138,0,2.089,6.526,9.753,537.6241,1.178,1.14415817139971,0.491505391185057,2019-06-22,11248.9636,0.28274,0.391689360141754,34.4889641434264,15.0804970922714
"AC",33,0.141262021376459,58.108,57.1621,0.75,"1200385",0.6838,1.174,0,0,0,0,0,356.9553,0.866,1.14415817139971,0.406308739480591,2019-06-22,7497.86,0.21195,0.391689360141754,34.4889641434264,15.0804970922714
"AC",14,0.272341632094643,35.545,35.6242,0.511,"1200385",0,0,0,0,0,0,0,263.5203,0.685,1.14415817139971,0.396677789274454,2019-06-22,3371.1041,0.09615,0.391689360141754,34.4889641434264,15.0804970922714
"AC",93,0.166133740886934,61.896,56.961,2.123,"1200385",4.1193,6.64,0,0,0,0,0,322.792,0.776,1.14415817139971,0.371916415069544,2019-06-22,7068.1889,0.19176,0.391689360141754,34.4889641434264,15.0804970922714
"AC",10,0.0333333333333333,56.083,37.4505,0.347,"1200385",15.4378,27.465,0,0,0,0,0,483.2061,1.145,1.14415817139971,0.511848831641718,2019-06-22,9201.0713,0.25499,0.391689360141754,34.4889641434264,15.0804970922714
"AC",5,0.275959179422654,10.068,10.09,0.644,"1200385",0,0,0,0,0,0,0,238.4217,0.671,1.14415817139971,0.402087955793619,2019-06-22,3070.6814,0.09226,0.391689360141754,34.4889641434264,15.0804970922714
"AC",16,0.115697737061354,54.291,48.4507,0.429,"1200385",3.6858,6.774,0,0,0,0.651,0.651,331.895,0.819,1.14415817139971,0.379622104655884,2019-06-22,4354.046,0.11989,0.391689360141754,34.4889641434264,15.0804970922714
"AC",7,0.0302749430154621,111.192,79.8594,0.114,"1200385",20.1658,18.095,0.477,0,0,0,0.477,513.3586,1.179,1.14415817139971,0.508818632948974,2019-06-22,8405.6974,0.22481,0.391689360141754,34.4889641434264,15.0804970922714
"AC",8,0.057661488699264,61.324,43.5288,0.239,"1200385",18.4266,29.981,0,0,1.138,0.85,1.988,320.9032,0.785,1.14415817139971,0.364443061340381,2019-06-22,5802.7982,0.15803,0.391689360141754,34.4889641434264,15.0804970922714
"AC",8,0.161237243569579,10.579,10.6029,0.981,"1200385",0,0,0,0,0,0,0,254.3091,0.698,1.14415817139971,0.398928881402035,2019-06-22,3125.4669,0.09357,0.391689360141754,34.4889641434264,15.0804970922714
"AC",5,0.100969909464416,48.169,33.9401,0.192,"1200385",11.6959,24.226,0.025,0,0,0,0.025,281.0634,0.71,1.14415817139971,0.388281868445023,2019-06-22,3764.9018,0.10369,0.391689360141754,34.4889641434264,15.0804970922714
"AC",48,0.226956292660701,29.924,29.9908,2.081,"1200385",0,0,0,0,0,0,0,310.9811,0.791,1.14415817139971,0.360751523550123,2019-06-22,5569.8571,0.15851,0.391689360141754,34.4889641434264,15.0804970922714
"AC",17,0.0420058827156775,60.474,37.7239,0.586,"1200385",21.6302,35.688,0,0,0,0,0,457.3004,1.094,1.14415817139971,0.489911400690463,2019-06-22,7424.5874,0.20271,0.391689360141754,34.4889641434264,15.0804970922714
"AC",80,0.182322800331501,60.977,58.2547,1.785,"1200385",8.4509,13.828,0,0,0,4.231,4.231,354.7526,0.872,1.14415817139971,0.38619338235326,2019-06-22,6377.1667,0.17369,0.391689360141754,34.4889641434264,15.0804970922714
"AC",7,0.144035470066266,60.968,60.8248,0.15,"1200385",0.2361,0.386,0,0,0,0,0,353.7425,0.876,1.14415817139971,0.385165335313697,2019-06-22,6172.9598,0.16784,0.391689360141754,34.4889641434264,15.0804970922714
"AC",21,0.0899761288452356,94.891,57.4104,0.476,"1200401",39.6179,41.657,1.169,0.839,1.119,0,3.127,1773.5971,4.158,2.3055287975455,0.628767776665273,2017-08-25,15670.1271,0.42512,0.389481839897868,32.7446986230867,68.4554564640299
"AC",6,0.0481549345760519,74.194,32.9345,0.237,"1200401",47.8038,64.287,0,1.073,2.673,1.312,5.058,1484.4004,3.52,2.3055287975455,0.618678859475661,2017-08-25,16439.5225,0.44047,0.389481839897868,32.7446986230867,68.4554564640299
"AC",5,0.0478084201159103,80.136,39.4536,0.165,"1200401",53.4059,66.495,1.577,2.946,4.745,0.368,9.636,1501.5348,3.548,2.3055287975455,0.608194834943928,2017-08-25,15445.1322,0.41464,0.389481839897868,32.7446986230867,68.4554564640299
"AC",26,0.0761748771769003,88.202,80.3475,0.421,"1200401",29.3943,33.252,2.569,4.836,7.662,3.812,18.879,1342.3896,3.207,2.3055287975455,0.577930794483484,2017-08-25,16310.327,0.43749,0.389481839897868,32.7446986230867,68.4554564640299
"AC",46,0.108573346780842,90.479,61.6799,0.97,"1200401",50.4535,55.638,0,0,0.649,1.881,2.53,1456.911,3.423,2.3055287975455,0.588408641706613,2017-08-25,16456.6075,0.43775,0.389481839897868,32.7446986230867,68.4554564640299
"AC",12,0.0847301676015468,68.723,37.3585,0.418,"1200401",36.1145,52.433,0.772,1.673,0,0,2.445,1277.5327,3.142,2.3055287975455,0.592570090769983,2017-08-25,16855.0963,0.47035,0.389481839897868,32.7446986230867,68.4554564640299
"AC",23,0.0931959941762229,79.045,47.6441,0.628,"1200401",27.3623,34.538,0,0,0,0,0,1790.5552,4.128,2.3055287975455,0.62708558763547,2017-08-25,16211.2622,0.43343,0.389481839897868,32.7446986230867,68.4554564640299
"AC",23,0.0762769670191402,51.933,26.013,1.149,"1200401",5.0647,9.731,0,0,0,0,0,1722.1913,4.081,2.3055287975455,0.636643241058383,2017-08-25,15882.7296,0.43231,0.389481839897868,32.7446986230867,68.4554564640299
"AC",16,0.0971781828523498,51.046,26.8626,0.774,"1200401",28.4092,55.53,8.146,4.679,0,0,12.825,1578.2738,3.825,2.3055287975455,0.627644590713512,2017-08-25,15663.4007,0.42569,0.389481839897868,32.7446986230867,68.4554564640299
"AC",9,0.0412170231355277,65.389,63.305,0.185,"1200401",0.8689,1.326,0,0,0,0,0,1307.4324,3.135,2.3055287975455,0.598482503714329,2017-08-25,17228.1316,0.46759,0.389481839897868,32.7446986230867,68.4554564640299
"AC",60,0.172679286678278,60.886,46.4827,1.678,"1200401",12.3897,20.303,0,0,0,0,0,2121.1844,5.205,2.3055287975455,0.690978723514486,2017-08-25,16139.7172,0.45486,0.389481839897868,32.7446986230867,68.4554564640299
"AC",7,0.0830975042519959,69.737,44.1934,0.206,"1200401",21.8383,31.246,0.808,3.293,0.042,0,4.143,1273.3624,3.026,2.3055287975455,0.57924517070241,2017-08-25,17247.5118,0.46275,0.389481839897868,32.7446986230867,68.4554564640299
"AC",8,0.0490958882351025,53.633,39.7432,0.262,"1200401",17.1478,31.901,0.223,0.792,0,0.732,1.747,1730.3524,4.282,2.3055287975455,0.684192670337835,2017-08-25,17644.6315,0.49185,0.389481839897868,32.7446986230867,68.4554564640299
"AC",18,0.0942665629073549,69.936,29.1949,0.802,"1200401",40.8144,58.228,0,0,0,1.514,1.514,1671.3802,4.11,2.3055287975455,0.64887137347702,2017-08-25,16322.3012,0.45052,0.389481839897868,32.7446986230867,68.4554564640299
"AC",57,0.11607498896634,97.834,76.0315,0.975,"1200401",27.7862,28.338,0,0.824,0,0,0.824,1447.1461,3.371,2.3055287975455,0.600703168109695,2017-08-25,18663.1253,0.49156,0.389481839897868,32.7446986230867,68.4554564640299
"AC",40,0.0994317936842843,75.388,65.4771,0.794,"1200401",12.6438,16.734,0,2.737,0.046,0,2.783,1648.3933,3.922,2.3055287975455,0.652000833890158,2017-08-25,18886.8144,0.50482,0.389481839897868,32.7446986230867,68.4554564640299
"AC",7,0.024337697142578,82.028,20.382,0.446,"1200401",63.7282,77.516,0.647,0,0.863,0,1.51,1351.9588,3.123,2.3055287975455,0.587466072934559,2017-08-25,17676.9231,0.46345,0.389481839897868,32.7446986230867,68.4554564640299
"AC",12,0.0146731662226429,74.336,28.8486,0.541,"1200401",42.2061,56.651,0,0,0,0,0,1540.8458,3.749,2.3055287975455,0.669527375117294,2017-08-25,21003.9569,0.57894,0.389481839897868,32.7446986230867,68.4554564640299
"AC",10,0.0687235617656958,85.674,57.4758,0.226,"1200401",29.4886,34.344,6.718,0,4.86,0.149,11.727,1340.2287,3.128,2.3055287975455,0.582620160715452,2017-08-25,17428.9512,0.46091,0.389481839897868,32.7446986230867,68.4554564640299
"AC",22,0.127389339119464,48.337,42.8358,0.668,"1200401",14.4267,29.78,1.647,0,3.459,0,5.106,2009.9929,4.881,2.3055287975455,0.668191574979076,2017-08-25,15916.6084,0.44397,0.389481839897868,32.7446986230867,68.4554564640299
"AC",12,0.064996074944486,39.904,28.5015,0.547,"1200401",13.6908,34.233,0,0,3.585,0.222,3.807,1417.6095,3.436,2.3055287975455,0.612812231627267,2017-08-25,16194.0338,0.44326,0.389481839897868,32.7446986230867,68.4554564640299
"AC",29,0.170864091678288,64.712,54.5194,0.691,"1200401",19.9903,30.822,0.979,10.485,1.23,0,12.694,1280.7425,3.057,2.3055287975455,0.576588052397693,2017-08-25,16789.823,0.45184,0.389481839897868,32.7446986230867,68.4554564640299
"AC",25,0.100612571457347,60.509,41.6288,0.781,"1200401",23.5797,38.882,0.566,0.112,0.888,0.658,2.224,1930.1264,4.56,2.3055287975455,0.657237942935029,2017-08-25,16501.2183,0.45264,0.389481839897868,32.7446986230867,68.4554564640299
"AC",17,0.0909540723404242,28.228,24.2024,0.913,"1200401",5.6313,19.905,0.016,0,0,0,0.016,1978.1053,4.861,2.3055287975455,0.665833592389248,2017-08-25,15750.0291,0.4435,0.389481839897868,32.7446986230867,68.4554564640299
"AC",9,0.0469123562226876,119.873,64.7503,0.181,"1200401",65.4947,54.515,0.39,2.071,0.531,0.406,3.398,1700.2188,4.055,2.3055287975455,0.646040283049884,2017-08-25,17331.8638,0.46254,0.389481839897868,32.7446986230867,68.4554564640299
"AC",51,0.139302308797559,93.919,83.2248,0.797,"1200401",10.7802,11.452,0,0,0,0,0,1836.5192,4.09,2.3055287975455,0.62603294702923,2017-08-25,17002.2025,0.4408,0.389481839897868,32.7446986230867,68.4554564640299
"AC",17,0.124738579443629,44.93,35.8695,0.616,"1200401",13.5863,30.171,9.254,5.316,0,0,14.57,1557.8017,3.914,2.3055287975455,0.628778735829965,2017-08-25,15022.5293,0.42232,0.389481839897868,32.7446986230867,68.4554564640299
"AC",85,0.191824422925296,70.294,70.3066,1.572,"1200401",0.5026,0.713,0,0,0,0,0,1396.8504,3.364,2.3055287975455,0.622184755315554,2017-08-25,17534.8485,0.47758,0.389481839897868,32.7446986230867,68.4554564640299
"AC",36,0.122543974497947,115.642,88.8325,0.527,"1200401",51.4024,44.35,0.896,1.346,0.612,1.927,4.781,2257.8852,5.249,2.3055287975455,0.681611950776995,2017-08-25,16855.7571,0.45293,0.389481839897868,32.7446986230867,68.4554564640299
"AC",31,0.159953089637493,51.104,44.6544,0.902,"1200401",7.6516,14.939,0.912,0,0,0,0.912,1620.3357,3.895,2.3055287975455,0.630021331474939,2017-08-25,15707.7903,0.42603,0.389481839897868,32.7446986230867,68.4554564640299
"AC",26,0.175414169471443,45.138,43.6988,0.773,"1200401",11.1731,24.698,2.388,4.586,8.738,0.592,16.304,1465.0615,3.585,2.3055287975455,0.621495058493464,2017-08-25,15812.4655,0.43657,0.389481839897868,32.7446986230867,68.4554564640299
"AC",16,0.168247558507387,39.288,27.5087,0.756,"1200401",17.0534,43.309,3.349,4.217,0,0.344,7.91,1495.5652,3.625,2.3055287975455,0.613345135510339,2017-08-25,14972.6117,0.41066,0.389481839897868,32.7446986230867,68.4554564640299
"AC",53,0.104729265926041,89.632,80.7429,0.853,"1200401",4.8278,5.374,0,0,1.342,0,1.342,1422.8791,3.389,2.3055287975455,0.625696703741087,2017-08-25,17676.9334,0.47578,0.389481839897868,32.7446986230867,68.4554564640299
"AC",6,0.0454325640990573,69.823,28.4841,0.274,"1200401",37.058,52.955,0,0.024,0,0,0.024,2135.1253,4.999,2.3055287975455,0.674863794993991,2017-08-25,16604.3733,0.4489,0.389481839897868,32.7446986230867,68.4554564640299
"AC",5,0.0571428571428571,11.617,11.6435,0.558,"1200401",0,0,0,0,0,0,0,676.5068,1.679,2.3055287975455,0.138457695226597,2018-06-11,11623.1959,0.3478,0.389481839897868,32.7446986230867,68.4554564640299
"AC",36,0.153875323184864,105.884,101.5929,0.461,"1200401",5.0036,4.715,0,0,0,0.045,0.045,2405.12,5.251,2.3055287975455,0.687187429663789,2017-08-25,18646.1997,0.46955,0.389481839897868,32.7446986230867,68.4554564640299
"AC",65,0.107498142770971,276.536,202.753,0.417,"1200401",101.3912,36.583,0.768,5.499,1.023,0.333,7.623,1488.7897,3.366,2.3055287975455,0.610597391792335,2017-08-25,17506.2345,0.44826,0.389481839897868,32.7446986230867,68.4554564640299
"AC",69,0.117872941106617,101.242,83.2017,1.078,"1200401",37.7498,37.204,0.612,4.195,6.042,1.181,12.03,1858.9079,4.384,2.3055287975455,0.642923575941172,2017-08-25,16341.7755,0.45184,0.389481839897868,32.7446986230867,68.4554564640299
"AC",8,0.0741581623797196,92.684,40.0007,0.26,"1200401",64.3536,69.278,0,0,1.777,4.346,6.123,1907.0879,4.406,2.3055287975455,0.674498664494803,2017-08-25,18239.0453,0.47538,0.389481839897868,32.7446986230867,68.4554564640299
"AC",42,0.147290342388752,71.807,46.2159,1.181,"1200401",26.3491,36.612,0.798,3.524,0,0,4.322,1317.1185,3.165,2.3055287975455,0.588901855649149,2017-08-25,17072.0832,0.46414,0.389481839897868,32.7446986230867,68.4554564640299
"AC",13,0.0740740740740741,81.852,67.1222,0.252,"1200401",24.6261,30.019,0.648,0.516,0,0.486,1.65,1361.5156,3.241,2.3055287975455,0.59215769911951,2017-08-25,16126.3593,0.43478,0.389481839897868,32.7446986230867,68.4554564640299
"AC",34,0.0560931723894482,100.256,48.042,0.92,"1200401",59.443,59.159,0,0,0,4.082,4.082,1867.3533,4.305,2.3055287975455,0.670215832372571,2017-08-25,18273.7696,0.47497,0.389481839897868,32.7446986230867,68.4554564640299
"AC",49,0.191418751730766,103.297,81.6369,0.78,"1200401",22.5172,21.75,0.332,0.001,0.008,0,0.341,1790.0141,3.964,2.3055287975455,0.617649138998316,2017-08-25,17202.838,0.44433,0.389481839897868,32.7446986230867,68.4554564640299
"AC",32,0.125843280106979,81.566,76.0222,0.547,"1200401",7.2661,8.888,0,0.804,0,0,0.804,1355.6363,3.221,2.3055287975455,0.619985540320371,2017-08-25,19015.4832,0.51379,0.389481839897868,32.7446986230867,68.4554564640299
"AC",10,0.0337063660250114,93.634,52.8053,0.246,"1200401",60.5172,64.488,0,6.918,5.046,1.828,13.792,1401.2962,3.259,2.3055287975455,0.612024429939645,2017-08-25,18932.4147,0.4986,0.389481839897868,32.7446986230867,68.4554564640299
"AC",24,0.122229130557385,30.053,24.1376,1.293,"1200401",11.8973,39.499,0,2.375,9.958,0.207,12.54,1829.952,4.459,2.3055287975455,0.644794618379768,2017-08-25,15645.3927,0.44477,0.389481839897868,32.7446986230867,68.4554564640299
"AC",18,0.0695832670483853,42.62,19.3777,1.208,"1200401",23.561,55.157,1.658,0,0,0.231,1.889,2182.0279,5.061,2.3055287975455,0.677503346302158,2017-08-25,16834.3285,0.45148,0.389481839897868,32.7446986230867,68.4554564640299
"AC",19,0.0603127046990292,47.327,24.1974,1.021,"1200401",18.6007,39.215,0,0,0,1.122,1.122,1926.5264,4.762,2.3055287975455,0.66302925157978,2017-08-25,15567.0683,0.44075,0.389481839897868,32.7446986230867,68.4554564640299
"AC",11,0.0455363427566728,81.629,33.0233,0.433,"1200401",54.0566,66.074,0,1.221,8.968,1.354,11.543,1398.2716,3.293,2.3055287975455,0.634966954852383,2017-08-25,20108.9799,0.53562,0.389481839897868,32.7446986230867,68.4554564640299
"AC",12,0.0990166938891698,84.686,63.8251,0.244,"1200401",30.1515,35.524,5.358,2.017,6.555,0,13.93,1567.0354,3.504,2.3055287975455,0.593695054407154,2017-08-25,17291.807,0.45015,0.389481839897868,32.7446986230867,68.4554564640299
"AC",11,0.110695055481841,35.645,29.6203,0.483,"1200401",14.4677,40.498,12.187,14.557,0,0.745,27.489,1772.9371,4.378,2.3055287975455,0.691604053595476,2017-08-25,17744.7067,0.49408,0.389481839897868,32.7446986230867,68.4554564640299
"AC",18,0.168328208601,30.86,30.9289,0.757,"1200401",0.0135,0.044,0,0,0.044,0,0.044,1797.2066,4.419,2.3055287975455,0.656801669636372,2017-08-25,16011.562,0.46235,0.389481839897868,32.7446986230867,68.4554564640299
"AC",33,0.163933718542479,48.823,47.3544,0.906,"1200401",8.9442,18.279,0,4.893,5.627,0.142,10.662,1777.7107,4.301,2.3055287975455,0.640803895373712,2017-08-25,15910.5291,0.45225,0.389481839897868,32.7446986230867,68.4554564640299
"AC",21,0.0660179950456499,43.742,43.7329,0.624,"1200401",19.0298,43.407,4.329,8.316,13.69,7.363,33.698,1319.9814,3.212,2.3055287975455,0.576816094176968,2017-08-25,15976.4741,0.4358,0.389481839897868,32.7446986230867,68.4554564640299
"AC",19,0.0699978286926944,69.493,48.1156,0.513,"1200401",33.7659,48.48,0,0,6.871,1.362,8.233,1815.8711,4.225,2.3055287975455,0.637411664044356,2017-08-25,16352.8282,0.44735,0.389481839897868,32.7446986230867,68.4554564640299
"AC",16,0.0674963553055941,86.22,74.2371,0.28,"1200401",18.8955,21.867,0,0.043,1.949,3.181,5.173,1681.2233,3.973,2.3055287975455,0.655244099552282,2017-08-25,19058.7259,0.50787,0.389481839897868,32.7446986230867,68.4554564640299
"AC",27,0.100347936798506,71.881,37.2969,0.941,"1200401",37.9593,52.69,1.352,7.014,0,0.15,8.516,1313.9583,3.151,2.3055287975455,0.588829492761022,2017-08-25,17072.4185,0.46351,0.389481839897868,32.7446986230867,68.4554564640299
"AC",18,0.0483939498500676,80.87,32.1807,0.727,"1200401",43.37,53.509,0,0,0,0,0,1566.6461,3.78,2.3055287975455,0.660038882623973,2017-08-25,21369.1461,0.58329,0.389481839897868,32.7446986230867,68.4554564640299
"AC",29,0.138251995526664,70.749,62.7452,0.601,"1200401",7.4213,10.466,0,0,0,0,0,1944.5312,4.68,2.3055287975455,0.663060969031494,2017-08-25,15684.3666,0.43781,0.389481839897868,32.7446986230867,68.4554564640299
"AC",32,0.118646389804749,94.098,64.1537,0.648,"1200401",29.7233,31.517,0,0,0,0,0,1391.2816,3.297,2.3055287975455,0.596265675438271,2017-08-25,16378.1522,0.4392,0.389481839897868,32.7446986230867,68.4554564640299
"AC",37,0.0703743478966761,52.049,38.9926,1.234,"1200401",23.2235,44.519,0,2.025,5.543,1.675,9.243,1841.0607,4.318,2.3055287975455,0.642158284433176,2017-08-25,16368.8317,0.45047,0.389481839897868,32.7446986230867,68.4554564640299
"AC",102,0.201876620578426,90.898,77.1604,1.718,"1200401",10.5669,11.599,0,0.183,0.633,0,0.816,1841.9215,4.089,2.3055287975455,0.623018968531239,2017-08-25,17153.5364,0.44269,0.389481839897868,32.7446986230867,68.4554564640299
"AC",16,0.0840070527096763,73.943,60.4449,0.344,"1200401",22.019,29.712,0,0.627,8.224,1.598,10.449,1382.5222,3.289,2.3055287975455,0.63124536281709,2017-08-25,19832.8938,0.53313,0.389481839897868,32.7446986230867,68.4554564640299
"AC",7,0.0720654465019529,43.823,40.5247,0.225,"1200401",16.3636,37.257,0,1.718,15.523,2.738,19.979,1731.3113,4.212,2.3055287975455,0.636560152825452,2017-08-25,15693.4849,0.44915,0.389481839897868,32.7446986230867,68.4554564640299
"AC",29,0.183678898554159,63.414,51.2862,0.735,"1200401",22.9513,36.112,1.028,11.15,1.255,0,13.433,1285.3516,3.054,2.3055287975455,0.57715383987934,2017-08-25,16890.3585,0.45326,0.389481839897868,32.7446986230867,68.4554564640299
"AC",18,0.108427932677185,50.906,43.8595,0.534,"1200401",3.7242,7.299,0,0,0,0,0,1994.4583,4.93,2.3055287975455,0.670521145033951,2017-08-25,15472.3689,0.44188,0.389481839897868,32.7446986230867,68.4554564640299
"AC",5,0.0674160628566657,47.12,40.3333,0.161,"1200401",21.0805,44.638,3.099,3.336,3.755,3.431,13.621,1564.8455,3.688,2.3055287975455,0.596986676341136,2017-08-25,16286.5043,0.44587,0.389481839897868,32.7446986230867,68.4554564640299
"AC",84,0.21795583635959,78.828,75.3427,1.449,"1200401",9.5719,12.116,1.881,0.804,0.542,1.207,4.434,1327.5398,3.147,2.3055287975455,0.590197972968027,2017-08-25,17284.3307,0.46452,0.389481839897868,32.7446986230867,68.4554564640299
"AC",24,0.117930780194417,77.664,54.8232,0.569,"1200401",27.0376,34.735,0,0,0,0.911,0.911,1354.4068,3.229,2.3055287975455,0.616293049105548,2017-08-25,18690.0634,0.506,0.389481839897868,32.7446986230867,68.4554564640299
"AC",8,0.0515981740783654,84.883,41.9324,0.248,"1200401",43.2662,50.858,0,0,0.41,0,0.41,1750.7316,4.146,2.3055287975455,0.674229711636507,2017-08-25,19465.6597,0.5204,0.389481839897868,32.7446986230867,68.4554564640299
"AC",32,0.230964669410402,52.638,39.5335,1.052,"1200401",18.9202,35.864,0.591,9.402,1.033,0.4,11.426,1411.8132,3.43,2.3055287975455,0.604357128595378,2017-08-25,15941.8851,0.43747,0.389481839897868,32.7446986230867,68.4554564640299
"AC",90,0.0953171815867503,105.278,60.5002,1.934,"1200401",28.9553,27.442,0.231,0.924,0,0.42,1.575,1886.929,4.332,2.3055287975455,0.666816692813219,2017-08-25,18250.4111,0.4738,0.389481839897868,32.7446986230867,68.4554564640299
"AC",48,0.148924721066789,85.813,62.7601,0.994,"1200401",27.18,31.603,3.03,3.749,3.645,0,10.424,1600.8314,3.576,2.3055287975455,0.596403845971021,2017-08-25,17259.2601,0.44905,0.389481839897868,32.7446986230867,68.4554564640299
"AC",23,0.137205213648328,56.4,48.0022,0.623,"1200401",7.549,13.355,0,0,0,0,0,1686.1862,4.06,2.3055287975455,0.624470719926723,2017-08-25,15275.2209,0.42613,0.389481839897868,32.7446986230867,68.4554564640299
"AC",6,0.26320553318655,15.604,15.6382,0.499,"1200401",0,0,0,0,0,0,0,1728.7222,4.389,2.3055287975455,0.657712071394975,2017-08-25,15183.3111,0.43784,0.389481839897868,32.7446986230867,68.4554564640299
"AC",9,0.0463233960434414,67.031,28.9607,0.404,"1200401",34.2572,50.993,0,0,1.578,0.004,1.582,2249.2708,5.316,2.3055287975455,0.6880455125188,2017-08-25,16961.6114,0.46426,0.389481839897868,32.7446986230867,68.4554564640299
"AC",33,0.0952352904607378,70.816,52.9833,0.81,"1200401",20.2643,28.551,1.95,2.507,0,0,4.457,1297.5535,3.078,2.3055287975455,0.581148145172098,2017-08-25,17028.8047,0.45661,0.389481839897868,32.7446986230867,68.4554564640299
"AC",8,0.0525711188737864,100.996,60.7598,0.171,"1200401",55.7431,55.07,0,1.139,0,1.27,2.409,1872.3833,4.435,2.3055287975455,0.640079311498781,2017-08-25,15673.7713,0.43022,0.389481839897868,32.7446986230867,68.4554564640299
"AC",19,0.112659863237109,20.715,16.9367,1.458,"1200401",3.7841,18.227,0,0,0,0,0,1649.7645,4.22,2.3055287975455,0.652231512068674,2017-08-25,15143.274,0.43579,0.389481839897868,32.7446986230867,68.4554564640299
"AC",5,0.0649113364240951,44.992,26.769,0.243,"1200401",22.5458,49.999,0.304,1.821,9.142,0.45,11.717,1532.6332,3.651,2.3055287975455,0.622810438212695,2017-08-25,16333.4563,0.43845,0.389481839897868,32.7446986230867,68.4554564640299
"AC",28,0.0380022745440725,84.485,65.3361,0.557,"1200401",22.1385,26.146,0,1.89,1.361,0,3.251,1356.6054,3.225,2.3055287975455,0.623886674816067,2017-08-25,19269.8046,0.51965,0.389481839897868,32.7446986230867,68.4554564640299
"AC",5,0.0954301701895995,23.525,16.7054,0.389,"1200401",8.2953,35.183,0,0.416,0,0,0.416,2118.4691,5.386,2.3055287975455,0.695012926204348,2017-08-25,15505.9439,0.45242,0.389481839897868,32.7446986230867,68.4554564640299
"AC",30,0.0302749430154621,118.503,50.5978,0.771,"1200401",68.4094,57.599,0,0.004,0,0.087,0.091,1794.9242,4.169,2.3055287975455,0.657125181252981,2017-08-25,17813.8944,0.467,0.389481839897868,32.7446986230867,68.4554564640299
"AC",25,0.131986858374419,28.059,27.937,1.163,"1200401",0.4275,1.52,0,0,0,0.017,0.017,1790.2732,4.448,2.3055287975455,0.643915426623631,2017-08-25,15214.9744,0.43904,0.389481839897868,32.7446986230867,68.4554564640299
"AC",33,0.0982582669925234,45.566,34.313,1.25,"1200401",9.0544,19.827,0,0,0,0,0,1534.7086,3.712,2.3055287975455,0.637544317538239,2017-08-25,17243.1993,0.46677,0.389481839897868,32.7446986230867,68.4554564640299
"AC",78,0.0498930260622565,87.225,55.8939,1.814,"1200401",30.765,35.192,0,0,0,0.012,0.012,1466.0734,3.5,2.3055287975455,0.649037811339761,2017-08-25,20724.5313,0.55748,0.389481839897868,32.7446986230867,68.4554564640299
"AC",11,0.0445393001226743,83.555,51.8055,0.276,"1200401",37.9735,45.346,1.169,2.832,0.635,0,4.636,1352.1025,3.201,2.3055287975455,0.582577196733942,2017-08-25,16283.826,0.43457,0.389481839897868,32.7446986230867,68.4554564640299
"AC",49,0.26495824835138,75.699,75.2739,0.846,"1200401",0.9321,1.229,0.093,0,0,0,0.093,1679.3287,3.866,2.3055287975455,0.615857456681038,2017-08-25,16521.2255,0.44306,0.389481839897868,32.7446986230867,68.4554564640299
"AC",9,0.0612372435695795,10.242,5.7614,2.031,"1200401",3.7163,36.203,0,0,0.082,0,0.082,1620.7161,4.193,2.3055287975455,0.652387462134434,2017-08-25,14975.5211,0.43509,0.389481839897868,32.7446986230867,68.4554564640299
"AC",31,0.170272643807654,47.807,42.2013,0.955,"1200401",6.4847,13.534,0.804,0,0,0,0.804,1620.432,3.896,2.3055287975455,0.630066493660949,2017-08-25,15693.6563,0.42581,0.389481839897868,32.7446986230867,68.4554564640299
"AC",39,0.161335311665846,92.249,81.9197,0.619,"1200401",11.9149,12.887,0.863,0,0,0,0.863,1591.1567,3.783,2.3055287975455,0.640239346719093,2017-08-25,17583.225,0.46822,0.389481839897868,32.7446986230867,68.4554564640299
"AC",11,0.0544449394770669,91.203,84.2485,0.17,"1200401",17.5396,19.188,5.719,10.67,1.11,0.047,17.546,1425.4414,3.332,2.3055287975455,0.581067312021917,2017-08-25,16851.6221,0.44708,0.389481839897868,32.7446986230867,68.4554564640299
"AC",6,0.0273038237651904,91.856,51.8206,0.151,"1200401",58.5614,63.611,0,0.102,16.218,3.418,19.738,1906.7972,4.403,2.3055287975455,0.677640635014505,2017-08-25,18295.5227,0.47703,0.389481839897868,32.7446986230867,68.4554564640299
"AC",49,0.233464048572395,81.63,80.8751,0.788,"1200401",1.0014,1.224,0,0,0,0,0,1335.5638,3.192,2.3055287975455,0.587624938910741,2017-08-25,16057.0754,0.43323,0.389481839897868,32.7446986230867,68.4554564640299
"AC",8,0.0186046511627907,60.358,36.4239,0.286,"1200401",15.3864,25.435,0,0,0,0,0,1306.8288,3.129,2.3055287975455,0.594629767937373,2017-08-25,17198.3508,0.46622,0.389481839897868,32.7446986230867,68.4554564640299
"AC",62,0.121262021376459,60.818,57.5695,1.4,"1200401",1.2415,2.037,0,0,0,0,0,1311.6566,3.175,2.3055287975455,0.603215030955967,2017-08-25,17129.0068,0.46877,0.389481839897868,32.7446986230867,68.4554564640299
"AC",21,0.0810781471679577,97.745,65.2375,0.418,"1200401",44.1171,45.034,1.306,8.146,0.815,0.498,10.765,1685.3661,3.817,2.3055287975455,0.613981226870522,2017-08-25,16741.7982,0.44339,0.389481839897868,32.7446986230867,68.4554564640299
"AC",34,0.113814524872644,53.19,40.1551,1.101,"1200401",19.7109,36.974,0,7.073,0.266,0,7.339,2065.5701,4.936,2.3055287975455,0.671282156661137,2017-08-25,16215.5548,0.44622,0.389481839897868,32.7446986230867,68.4554564640299
"AC",66,0.0876683586687457,169.267,107.544,0.798,"1200401",87.0814,51.331,0.523,0.322,2.77,1.202,4.817,1516.8109,3.489,2.3055287975455,0.599876588315289,2017-08-25,16375.0374,0.42675,0.389481839897868,32.7446986230867,68.4554564640299
"AC",19,0.10317324649766,39.347,28.7218,0.86,"1200401",17.608,44.65,0.802,6.541,1.244,0.619,9.206,1523.3811,3.705,2.3055287975455,0.614950069845841,2017-08-25,14900.8439,0.40951,0.389481839897868,32.7446986230867,68.4554564640299
"AC",24,0.119178032332267,90.495,73.7063,0.423,"1200401",18.5262,20.426,2.372,0.007,0,0,2.379,1406.1995,3.285,2.3055287975455,0.578371353581626,2017-08-25,17096.6577,0.45172,0.389481839897868,32.7446986230867,68.4554564640299
"AC",28,0.10210327494095,88.091,50.7487,0.717,"1200401",29.0491,32.903,0,0,0.03,0,0.03,1540.9209,3.661,2.3055287975455,0.636346648651391,2017-08-25,17772.3966,0.47202,0.389481839897868,32.7446986230867,68.4554564640299
"AC",51,0.195029411260642,70.076,61.145,1.084,"1200401",14.1729,20.18,3.301,1.157,0,0.231,4.689,1310.4381,3.112,2.3055287975455,0.585229205620562,2017-08-25,17085.3837,0.45907,0.389481839897868,32.7446986230867,68.4554564640299
"AC",37,0.129000602929159,63.162,44.5763,1.079,"1200401",16.7622,26.479,0,0,0,0.377,0.377,1448.2559,3.468,2.3055287975455,0.631721309070335,2017-08-25,17648.9694,0.47604,0.389481839897868,32.7446986230867,68.4554564640299
"AC",10,0.130925646098046,52.263,29.7752,0.437,"1200401",24.9879,47.705,0,0.114,2.203,0,2.317,1577.4522,3.806,2.3055287975455,0.626619685966895,2017-08-25,15902.6043,0.42967,0.389481839897868,32.7446986230867,68.4554564640299
"AC",27,0.113484692283495,30.254,22.1406,1.585,"1200401",5.0503,16.656,0,0,1.462,0,1.462,1643.1128,4.201,2.3055287975455,0.650837742438678,2017-08-25,15181.9603,0.43663,0.389481839897868,32.7446986230867,68.4554564640299
"AC",5,0.122474487139159,7.284,7.3005,0.89,"1200401",0,0,0,0,0,0,0,674.0978,1.694,2.3055287975455,0.136758440807401,2018-06-11,11387.6118,0.34424,0.389481839897868,32.7446986230867,68.4554564640299
"AC",85,0.103333580501689,94.719,24.0225,4.6,"1200401",62.023,65.336,0.654,1.079,0,0,1.733,1878.9688,4.327,2.3055287975455,0.664399482688719,2017-08-25,17933.8428,0.46875,0.389481839897868,32.7446986230867,68.4554564640299
"AC",24,0.103192380981895,60.904,49.8861,0.625,"1200401",11.5543,18.929,1.307,0,0,0,1.307,1847.0462,4.451,2.3055287975455,0.653282732633196,2017-08-25,15958.6749,0.44817,0.389481839897868,32.7446986230867,68.4554564640299
"AC",22,0.104558274990399,73.855,57.4491,0.498,"1200401",34.67,46.838,1.917,3.631,20.3,0.359,26.207,1525.0185,3.607,2.3055287975455,0.620971759932357,2017-08-25,16471.4693,0.43938,0.389481839897868,32.7446986230867,68.4554564640299
"AC",27,0.109267753402818,68.634,36.7201,0.956,"1200401",34.3434,49.927,1.277,7.274,0,0.022,8.573,1311.3707,3.139,2.3055287975455,0.588933477928234,2017-08-25,17101.6065,0.46382,0.389481839897868,32.7446986230867,68.4554564640299
"AC",26,0.137488403245072,70.278,58.875,0.574,"1200401",42.9856,61.028,0,5.654,15.67,4.817,26.141,1895.3604,4.454,2.3055287975455,0.651984941067849,2017-08-25,16286.3532,0.44398,0.389481839897868,32.7446986230867,68.4554564640299
"AC",73,0.135553629095835,87.681,79.0691,1.2,"1200401",5.6376,6.415,0,0,0.706,0,0.706,1419.706,3.387,2.3055287975455,0.625254989446972,2017-08-25,17739.0655,0.47837,0.389481839897868,32.7446986230867,68.4554564640299
"AC",16,0.0730418856178587,51.089,16.7138,1.244,"1200401",33.5485,65.519,0,0,0,1.09,1.09,1660.0292,4.116,2.3055287975455,0.64839456443673,2017-08-25,16181.0059,0.45007,0.389481839897868,32.7446986230867,68.4554564640299
"AC",17,0.0552116581300347,78.136,45.2037,0.489,"1200401",37.1964,47.498,1.698,0.679,0,0.617,2.994,1298.0092,3.141,2.3055287975455,0.590894115694998,2017-08-25,17011.6231,0.46795,0.389481839897868,32.7446986230867,68.4554564640299
"AC",29,0.0726521104620362,91.131,66.2856,0.569,"1200401",40.2483,44.067,0.329,0.183,0.928,1.494,2.934,1640.7952,3.732,2.3055287975455,0.603982038932037,2017-08-25,16682.4137,0.44273,0.389481839897868,32.7446986230867,68.4554564640299
"AC",46,0.110504612536194,95.034,53.3754,1.12,"1200401",41.4179,43.485,6.441,0,0,0,6.441,1695.192,3.783,2.3055287975455,0.611438449438435,2017-08-25,17062.4709,0.44596,0.389481839897868,32.7446986230867,68.4554564640299
"AC",103,0.188791786328901,93.662,75.9312,1.763,"1200401",14.6711,15.629,0,0.116,0.487,0,0.603,1841.6047,4.084,2.3055287975455,0.624394274270306,2017-08-25,17145.9677,0.44237,0.389481839897868,32.7446986230867,68.4554564640299
"AC",12,0.089298221281347,36.27,28.5184,0.547,"1200401",14.4793,39.832,3.345,11.07,0.004,0.12,14.539,1484.7059,3.589,2.3055287975455,0.611381896900134,2017-08-25,15046.969,0.41198,0.389481839897868,32.7446986230867,68.4554564640299
"AC",14,0.0898036187589913,81.267,53.0918,0.343,"1200401",36.3102,44.58,0,1.415,4.421,0.435,6.271,1860.9752,4.445,2.3055287975455,0.643495617039473,2017-08-25,15901.7134,0.44303,0.389481839897868,32.7446986230867,68.4554564640299
"AC",12,0.189445905331963,76.562,65.5345,0.238,"1200401",10.0012,13.034,0,0,0,0.277,0.277,1507.4675,3.56,2.3055287975455,0.605201247678534,2017-08-25,15630.1037,0.41856,0.389481839897868,32.7446986230867,68.4554564640299
"AC",14,0.100970785674199,79.596,53.1275,0.343,"1200401",34.9909,43.862,0.704,3.521,2.065,0.889,7.179,1428.5475,3.387,2.3055287975455,0.610938966758649,2017-08-25,16661.1959,0.44572,0.389481839897868,32.7446986230867,68.4554564640299
"AC",8,0.0608941392236125,38.911,35.882,0.29,"1200401",3.0569,7.838,0,0,0,0,0,1750.1078,4.349,2.3055287975455,0.656387516840706,2017-08-25,15569.0504,0.43954,0.389481839897868,32.7446986230867,68.4554564640299
"AC",99,0.101712607550871,96.792,76.6255,1.68,"1200401",38.4814,39.668,0,6.142,6.671,1.679,14.492,1332.4268,3.159,2.3055287975455,0.607511906915636,2017-08-25,17832.034,0.47873,0.389481839897868,32.7446986230867,68.4554564640299
"AC",19,0.159504541553865,69.626,65.8822,0.375,"1200401",4.255,6.097,1.267,0.49,0,0,1.757,1909.348,4.568,2.3055287975455,0.659164529981551,2017-08-25,15823.2122,0.43905,0.389481839897868,32.7446986230867,68.4554564640299
"AC",73,0.149300905941037,91.837,81.7833,1.16,"1200401",12.3328,13.399,1.237,2.447,0.282,0.055,4.021,1428.6099,3.343,2.3055287975455,0.584992967564541,2017-08-25,16647.1693,0.44246,0.389481839897868,32.7446986230867,68.4554564640299
"AC",8,0.103445413607063,86.624,70.8982,0.147,"1200401",24.3115,28.003,0.923,2.819,1.532,1.488,6.762,1653.4241,3.714,2.3055287975455,0.607625656367328,2017-08-25,16919.8115,0.44643,0.389481839897868,32.7446986230867,68.4554564640299
"AC",31,0.118596541742751,84.394,75.4036,0.534,"1200401",9.3984,11.111,0,0.729,0.734,0,1.463,1422.8565,3.362,2.3055287975455,0.6080788426598,2017-08-25,18463.1445,0.49341,0.389481839897868,32.7446986230867,68.4554564640299
"AC",33,0.158810789838027,50.509,49.0245,0.875,"1200401",9.1386,18.052,0,4.73,5.579,0.153,10.462,1779.6121,4.305,2.3055287975455,0.64090398782597,2017-08-25,15914.414,0.4523,0.389481839897868,32.7446986230867,68.4554564640299
"AC",6,0.089652504209974,90.148,56.2499,0.139,"1200401",38.2319,42.315,0.219,1.744,0.589,0.452,3.004,1653.8288,3.708,2.3055287975455,0.606575059826892,2017-08-25,16945.5621,0.44576,0.389481839897868,32.7446986230867,68.4554564640299
"AC",45,0.151875921087513,97.576,92.1526,0.635,"1200401",15.6768,16.03,0,0,6.062,0.236,6.298,1372.9951,3.266,2.3055287975455,0.613469262155095,2017-08-25,17857.4096,0.48097,0.389481839897868,32.7446986230867,68.4554564640299
"AC",8,0.0864112433417599,82.558,35.4248,0.294,"1200401",45.9514,55.535,0.038,0,0,0.321,0.359,2230.2478,5.101,2.3055287975455,0.678676048603186,2017-08-25,17129.1609,0.45327,0.389481839897868,32.7446986230867,68.4554564640299
"AC",7,0.0971490721139174,60.871,52.44,0.174,"1200401",10.8571,17.796,0,0.917,2.326,0.436,3.679,2306.776,5.549,2.3055287975455,0.699977263562667,2017-08-25,16985.5364,0.47303,0.389481839897868,32.7446986230867,68.4554564640299
"AC",17,0.186787753826796,36.252,35.4902,0.623,"1200401",7.2827,20.044,3.767,10.567,0,0.231,14.565,1461.2241,3.65,2.3055287975455,0.614512310575586,2017-08-25,14395.8218,0.40729,0.389481839897868,32.7446986230867,68.4554564640299
"AC",13,0.0367609712708451,81.258,53.3293,0.317,"1200401",17.6329,21.651,0,0,1.688,0.469,2.157,1375.7282,3.231,2.3055287975455,0.628909217980898,2017-08-25,19753.2212,0.52464,0.389481839897868,32.7446986230867,68.4554564640299
"AC",10,0.047491495713053,90.65,46.1422,0.282,"1200401",50.5473,55.637,0.653,2.703,1.326,0,4.682,1847.5338,4.057,2.3055287975455,0.622125425132379,2017-08-25,17334.8489,0.44362,0.389481839897868,32.7446986230867,68.4554564640299
"AC",39,0.116137095279512,52.627,42.4359,1.195,"1200401",12.2658,23.255,2.943,1.556,0,0,4.499,1615.162,3.874,2.3055287975455,0.629235927500135,2017-08-25,15821.018,0.42739,0.389481839897868,32.7446986230867,68.4554564640299
"AC",5,0.10733793361127,50.297,44.7357,0.145,"1200401",11.998,23.801,1.231,3.693,4.796,1.207,10.927,1824.5231,4.477,2.3055287975455,0.646111254124786,2017-08-25,15747.7988,0.45167,0.389481839897868,32.7446986230867,68.4554564640299
"AC",41,0.0509018145423969,84.623,37.3695,1.426,"1200401",50.4625,59.499,0,0,0,0.523,0.523,1694.0878,4.002,2.3055287975455,0.663575768022997,2017-08-25,19236.0208,0.51439,0.389481839897868,32.7446986230867,68.4554564640299
"AC",58,0.195623526872039,76.473,61.8102,1.22,"1200401",16.1893,21.122,0.034,0.109,0,0,0.143,1321.0342,3.176,2.3055287975455,0.589423596952142,2017-08-25,17070.3572,0.46497,0.389481839897868,32.7446986230867,68.4554564640299
"AC",27,0.103170756577954,81.097,77.5888,0.452,"1200401",3.5634,4.384,0,0,0,0.004,0.004,1535.6508,3.68,2.3055287975455,0.656262753207773,2017-08-25,21174.1752,0.5745,0.389481839897868,32.7446986230867,68.4554564640299
"AC",7,0.0352062072615966,69.577,47.4861,0.192,"1200401",37.3476,53.558,0.652,3.345,9.496,2.458,15.951,1787.0207,4.192,2.3055287975455,0.634556156046801,2017-08-25,16159.3217,0.44569,0.389481839897868,32.7446986230867,68.4554564640299
"AC",5,0.0653093108923949,46.846,40.1196,0.162,"1200401",22.3749,47.657,2.797,2.874,3.776,3.885,13.332,1566.6879,3.699,2.3055287975455,0.597081074878735,2017-08-25,16232.8861,0.44482,0.389481839897868,32.7446986230867,68.4554564640299
"AC",24,0.132468104209404,90.52,76.9654,0.405,"1200401",15.3791,16.952,2.378,0,0,0,2.378,1406.1465,3.292,2.3055287975455,0.578816418147919,2017-08-25,17017.0478,0.45087,0.389481839897868,32.7446986230867,68.4554564640299
"AC",26,0.156831363005962,59.117,41.2222,0.82,"1200401",18.1532,30.639,0,0,0,0,0,1952.4749,4.586,2.3055287975455,0.660354949398206,2017-08-25,16069.0703,0.43899,0.389481839897868,32.7446986230867,68.4554564640299
"AC",43,0.142102547501887,79.768,63.657,0.878,"1200401",12.7669,15.97,0,0.998,0,0,0.998,1286.4607,3.124,2.3055287975455,0.575692608448676,2017-08-25,16345.6435,0.44841,0.389481839897868,32.7446986230867,68.4554564640299
"AC",17,0.0581972780941002,61.037,26.4205,0.836,"1200401",29.5618,48.325,0,0,0.87,0.301,1.171,1679.9642,4.13,2.3055287975455,0.652464322677044,2017-08-25,16170.5638,0.44697,0.389481839897868,32.7446986230867,68.4554564640299
"AC",24,0.0655561516152438,75.37,46.5342,0.67,"1200401",15.3858,20.368,5.586,1.174,0,0,6.76,1264.9074,3.015,2.3055287975455,0.573245725966057,2017-08-25,16788.9978,0.45154,0.389481839897868,32.7446986230867,68.4554564640299
"AC",64,0.133927124524976,91.755,74.84,1.112,"1200401",21.599,23.487,1.253,3.085,0.599,0.266,5.203,1438.4042,3.369,2.3055287975455,0.584610864490549,2017-08-25,16632.0489,0.44188,0.389481839897868,32.7446986230867,68.4554564640299
"AC",36,0.0828658855180621,89.071,70.9593,0.66,"1200401",37.5771,42.094,2.98,1.093,0.784,1.217,6.074,1635.2622,3.709,2.3055287975455,0.601206031135914,2017-08-25,16874.6396,0.44573,0.389481839897868,32.7446986230867,68.4554564640299
"AC",19,0.0592697373497196,71.076,59.9129,0.412,"1200401",21.2524,29.834,0.024,5.85,2.366,0.569,8.809,1557.5287,3.774,2.3055287975455,0.616891695264493,2017-08-25,14907.5111,0.4076,0.389481839897868,32.7446986230867,68.4554564640299
"AC",11,0.0422672532609832,73.979,15.4287,0.927,"1200401",52.9337,71.392,0,0.028,0,0.639,0.667,1510.6654,3.723,2.3055287975455,0.675943751213055,2017-08-25,20982.6089,0.58519,0.389481839897868,32.7446986230867,68.4554564640299
"AC",7,0.0373196062242256,86.945,52.772,0.172,"1200401",32.8262,37.671,0,0,0,0,0,1442.2361,3.367,2.3055287975455,0.640729587390012,2017-08-25,20588.0219,0.54227,0.389481839897868,32.7446986230867,68.4554564640299
"AC",19,0.128458860711174,76.747,76.9192,0.321,"1200401",6.0212,7.828,1.038,1.383,2.421,0.508,5.35,1857.7842,4.422,2.3055287975455,0.658107573225972,2017-08-25,16538.0993,0.46063,0.389481839897868,32.7446986230867,68.4554564640299
"AC",15,0.274664332088337,28.101,27.111,0.719,"1200401",0.325,1.154,0,0,0,0,0,1805.6232,4.489,2.3055287975455,0.646612026905645,2017-08-25,15230.0614,0.44056,0.389481839897868,32.7446986230867,68.4554564640299
"AC",8,0.0515981740783654,87.663,37.86,0.275,"1200401",50.1903,57.126,0,0,0.416,0,0.416,1740.9535,4.115,2.3055287975455,0.67339624460862,2017-08-25,19638.2267,0.52397,0.389481839897868,32.7446986230867,68.4554564640299
"AC",29,0.103192168053237,100.503,87.1822,0.432,"1200401",22.9505,22.785,1.084,1.585,1.937,0.396,5.002,1929.7213,4.537,2.3055287975455,0.657852396536532,2017-08-25,16664.2479,0.4561,0.389481839897868,32.7446986230867,68.4554564640299
"AC",25,0.145341751191445,70.728,70.3121,0.462,"1200401",10.38,14.643,0,3.627,7.32,1.335,12.282,1428.7665,3.369,2.3055287975455,0.603887215784387,2017-08-25,18472.2069,0.49356,0.389481839897868,32.7446986230867,68.4554564640299
"AC",10,0.0431328052023378,101.984,46.3783,0.28,"1200401",55.9489,54.738,0,0,0,0,0,1891.0402,4.414,2.3055287975455,0.646431655240884,2017-08-25,16369.7112,0.44134,0.389481839897868,32.7446986230867,68.4554564640299
"AC",24,0.113774205619396,77.797,54.9596,0.568,"1200401",27.2368,34.932,0,0,0,0.91,0.91,1352.2557,3.231,2.3055287975455,0.616359873379017,2017-08-25,18649.0176,0.50564,0.389481839897868,32.7446986230867,68.4554564640299
"AC",10,0.118065147910381,45.253,27.869,0.466,"1200401",18.042,39.78,0,0.263,2.313,0,2.576,1560.1772,3.731,2.3055287975455,0.624227459205128,2017-08-25,16171.9894,0.43522,0.389481839897868,32.7446986230867,68.4554564640299
"AC",9,0.173917251087465,40.084,36.8949,0.317,"1200401",2.1705,5.403,0,0,0,0,0,1775.3168,4.425,2.3055287975455,0.658619913139196,2017-08-25,15387.9909,0.43811,0.389481839897868,32.7446986230867,68.4554564640299
"AC",7,0.0492784248969026,83.822,55.204,0.165,"1200401",37.474,44.608,0.791,1.009,10.011,0,11.811,1630.2109,3.861,2.3055287975455,0.644624838242449,2017-08-25,18520.2615,0.492,0.389481839897868,32.7446986230867,68.4554564640299
"AC",16,0.139210233266546,29.941,30.0078,0.693,"1200401",0.0043,0.014,0,0,0.014,0,0.014,1793.4834,4.407,2.3055287975455,0.6567570810763,2017-08-25,16026.0535,0.46239,0.389481839897868,32.7446986230867,68.4554564640299
"AC",6,0.064064337239208,94.87,68.7105,0.114,"1200401",27.0674,28.467,0,0.235,0,0,0.235,1375.4215,3.28,2.3055287975455,0.618228087510671,2017-08-25,17819.2736,0.4805,0.389481839897868,32.7446986230867,68.4554564640299
"AC",36,0.144031624206187,70.302,61.6936,0.759,"1200401",7.3048,10.368,0,0,0,0,0,2334.8735,5.534,2.3055287975455,0.696003358787224,2017-08-25,17242.2619,0.47213,0.389481839897868,32.7446986230867,68.4554564640299
"AC",5,0.193937616527823,36.592,25.9829,0.25,"1200401",6.3705,17.371,0,0,0,0,0,691.8794,1.655,2.3055287975455,0.124631966720777,2018-06-11,11272.8247,0.32446,0.389481839897868,32.7446986230867,68.4554564640299
"AC",12,0.0697642353760524,48.745,11.9779,1.302,"1200401",27.5082,56.309,0,0,0,0,0,1830.2655,4.3,2.3055287975455,0.638220152597736,2017-08-25,16079.7677,0.43467,0.389481839897868,32.7446986230867,68.4554564640299
"AC",21,0.19620747218996,63.036,55.7418,0.49,"1200401",6.5392,10.35,0,0.009,1.544,0.421,1.974,1503.729,3.733,2.3055287975455,0.683538871293141,2017-08-25,21493.1634,0.60295,0.389481839897868,32.7446986230867,68.4554564640299
"AC",34,0.0879022301654249,65.622,62.1976,0.711,"1200427",12.8002,19.462,0,0,0,0.052,0.052,1401.863,3.284,0.257169640285841,2.36039010140079,2018-06-19,23461.6261,0.66186,0.433102769236411,31.4223140033563,9.0916419565835
"AC",5,0.0292540968912754,89.004,38.7056,0.168,"1200427",58.2434,65.292,0.276,4.556,0.6,2.35,7.782,1697.138,3.813,0.257169640285841,2.38384699817897,2018-06-19,24577.9039,0.66685,0.433102769236411,31.4223140033563,9.0916419565835
"AC",7,0.00677966101694915,87.57,21.2903,0.427,"1200427",65.6961,74.854,0,0,0,0.965,0.965,1758.0113,3.879,0.257169640285841,2.40551382820666,2018-06-19,26033.7076,0.68841,0.433102769236411,31.4223140033563,9.0916419565835
"AC",15,0.0208123245452767,76.804,33.9108,0.575,"1200427",36.8176,47.83,0,0,0,1.969,1.969,1604.3325,3.695,0.257169640285841,2.35940002169684,2018-06-19,25764.8754,0.70558,0.433102769236411,31.4223140033563,9.0916419565835
"AC",9,0.0914618191551527,52.714,26.9992,0.433,"1200427",27.3089,51.69,4.51,2.7,0,0,7.21,1750.8003,4.184,0.257169640285841,2.40417044240822,2018-06-19,25281.2377,0.72023,0.433102769236411,31.4223140033563,9.0916419565835
"AC",9,0.0351579983405366,95.824,30.8474,0.379,"1200427",62.902,65.497,0,0.557,0,0,0.557,1382.1782,3.095,0.257169640285841,2.32122311802562,2018-06-19,25687.2318,0.68999,0.433102769236411,31.4223140033563,9.0916419565835
"AC",16,0.112405477375376,93.642,43.0894,0.483,"1200427",58.7641,62.614,0,0,0,0,0,1507.8634,3.391,0.257169640285841,2.33064489638428,2018-06-19,26146.0123,0.70227,0.433102769236411,31.4223140033563,9.0916419565835
"AC",11,0.0442476608178234,73.796,31.8578,0.449,"1200427",50.738,68.6,0,1.929,1.792,0.422,4.143,1505.2903,3.491,0.257169640285841,2.35925464625785,2018-06-19,25180.4876,0.69811,0.433102769236411,31.4223140033563,9.0916419565835
"AC",52,0.079455173978271,84.958,80.0628,0.844,"1200427",12.6342,14.838,0,0.629,0,0,0.629,1615.8792,3.708,0.257169640285841,2.34734372285488,2018-06-19,25822.4339,0.70648,0.433102769236411,31.4223140033563,9.0916419565835
"AC",17,0.0889419972924545,86.248,36.4364,0.607,"1200427",50.9044,58.889,0,0,0,0,0,1696.359,3.808,0.257169640285841,2.37127373319187,2018-06-19,26117.817,0.70005,0.433102769236411,31.4223140033563,9.0916419565835
"AC",10,0.0291769819198897,93.831,57.1421,0.228,"1200427",32.7076,34.78,0,0,0,0,0,1686.1633,3.75,0.257169640285841,2.36697408700367,2018-06-19,26497.821,0.70432,0.433102769236411,31.4223140033563,9.0916419565835
"AC",17,0.0261602993325369,104.14,53.2325,0.415,"1200427",54.0846,51.818,0,0.002,0.94,0,0.942,1621.25,3.723,0.257169640285841,2.3532702682905,2018-06-19,25897.8349,0.70726,0.433102769236411,31.4223140033563,9.0916419565835
"AC",25,0.103909521407746,120.909,110.4293,0.294,"1200427",9.9099,8.178,0,0.073,0.085,0,0.158,1592.8616,3.568,0.257169640285841,2.33991858697084,2018-06-19,26272.357,0.70001,0.433102769236411,31.4223140033563,9.0916419565835
"AC",6,0,94.368,39.7787,0.196,"1200427",58.3904,61.737,0,0.37,1.162,1.746,3.278,1744.3769,3.846,0.257169640285841,2.41080029442792,2018-06-19,26324.2602,0.69438,0.433102769236411,31.4223140033563,9.0916419565835
"AC",8,0.020846721215176,72.812,34.1564,0.304,"1200427",42.8181,58.675,0.855,2.709,0.733,1.052,5.349,1690.7399,3.845,0.257169640285841,2.38609433290471,2018-06-19,24367.4363,0.66882,0.433102769236411,31.4223140033563,9.0916419565835
"AC",15,0.0647378710273042,81.909,45.3078,0.43,"1200427",43.8941,53.469,1.195,0.158,0.652,0.597,2.602,1502.4599,3.495,0.257169640285841,2.36583559350534,2018-06-19,24070.1674,0.67177,0.433102769236411,31.4223140033563,9.0916419565835
"AC",53,0.048019601878726,112.184,98.9264,0.696,"1200427",18.3292,16.302,0,0.385,0,0,0.385,1631.181,3.658,0.257169640285841,2.34550661252533,2018-06-19,26227.9409,0.70055,0.433102769236411,31.4223140033563,9.0916419565835
"AC",8,0.00942111439531992,78.046,26.606,0.391,"1200427",50.9739,65.167,0.199,0.062,0.038,0.911,1.21,1685.1222,3.825,0.257169640285841,2.3892740500249,2018-06-19,24439.3269,0.67071,0.433102769236411,31.4223140033563,9.0916419565835
"AC",5,0.024337697142578,77.443,34.3228,0.189,"1200427",46.3794,59.755,0.244,1.494,0,2.141,3.879,1735.5893,3.891,0.257169640285841,2.40189466508118,2018-06-19,25463.8387,0.68606,0.433102769236411,31.4223140033563,9.0916419565835
"AC",8,0.0193456075773182,67.344,28.9176,0.36,"1200427",35.1672,52.103,0,0,0,0,0,1644.551,3.798,0.257169640285841,2.36539377774154,2018-06-19,25782.8693,0.7124,0.433102769236411,31.4223140033563,9.0916419565835
"AC",7,0.00677966101694915,87.97,21.2926,0.427,"1200427",67.0992,76.105,0,0,0,1.573,1.573,1739.9286,3.881,0.257169640285841,2.40472808748765,2018-06-19,25718.7496,0.6869,0.433102769236411,31.4223140033563,9.0916419565835
"AC",9,0.0294567013123415,111.972,53.6441,0.218,"1200427",78.5277,69.974,0,0.398,5.198,3.774,9.37,1558.8325,3.482,0.257169640285841,2.33426288207325,2018-06-19,26468.6567,0.70444,0.433102769236411,31.4223140033563,9.0916419565835
"AC",5,0.0544449394770669,85.653,26.1677,0.248,"1200427",60.1232,70.037,0,0,0,0,0,1718.5323,3.878,0.257169640285841,2.37385975562722,2018-06-19,25947.6337,0.69956,0.433102769236411,31.4223140033563,9.0916419565835
"AC",36,0.166257719014198,84.812,77.0842,0.607,"1200450",6.4186,7.551,0,0.003,2.81,0.572,3.385,934.8846,2.279,1.32122841256323,0.760403979652444,2019-07-11,7846.1758,0.21205,0.406534651915232,34.3954992127132,14.7928879318705
"AC",12,0.117263449868785,18.363,18.1067,0.862,"1200450",0.204,1.108,0,0,0,0,0,348.5022,0.925,1.32122841256323,0.776909053030809,2018-07-07,10274.2025,0.2985,0.406534651915232,34.3954992127132,14.7928879318705
"AC",35,0.122995004257164,63.146,58.0953,0.783,"1200450",5.1947,8.208,0,0,0,0,0,98.8397,0.25,1.32122841256323,0.703514920043086,2018-07-07,7820.558,0.2171,0.406534651915232,34.3954992127132,14.7928879318705
"AC",10,0.0296632649518878,86.154,81.1683,0.16,"1200450",2.7493,3.184,0,0,0,0,0,614.309,1.498,1.32122841256323,0.630212070974839,2020-05-26,9156.2213,0.24305,0.406534651915232,34.3954992127132,14.7928879318705
"AC",24,0.0914701424322188,84.954,84.7066,0.368,"1200450",0,0,0,0,0,0,0,559.6392,1.373,1.32122841256323,0.626868177214266,2020-05-26,9050.6937,0.2408,0.406534651915232,34.3954992127132,14.7928879318705
"AC",33,0.0790009859637545,71.593,66.8307,0.642,"1200450",7.4608,10.398,0,1.36,5.733,0,7.093,419.8073,1.068,1.32122841256323,0.611432729569757,2020-05-26,7505.3345,0.20373,0.406534651915232,34.3954992127132,14.7928879318705
"AC",7,0.0586317249343925,62.618,33.6906,0.27,"1200450",21.2256,33.821,0,0,0,0,0,122.6889,0.309,1.32122841256323,0.693439031815974,2018-07-07,7485.6757,0.20777,0.406534651915232,34.3954992127132,14.7928879318705
"AC",59,0.113124390486635,63.596,63.7387,1.203,"1200450",0,0,0,0,0,0,0,138.7739,0.356,1.32122841256323,0.683215375886876,2018-07-07,5913.2915,0.16404,0.406534651915232,34.3954992127132,14.7928879318705
"AC",110,0.125768819297055,62.867,60.4068,2.367,"1200450",2.6292,4.173,0,0,0,0,0,132.1581,0.339,1.32122841256323,0.685169734096765,2018-07-07,5972.2582,0.16593,0.406534651915232,34.3954992127132,14.7928879318705
"AC",55,0.0761272961196954,74.578,53.59,1.334,"1200450",22.8372,30.553,0,0,7.761,0.475,8.236,452.165,1.147,1.32122841256323,0.618162638737391,2020-05-26,7379.6527,0.20007,0.406534651915232,34.3954992127132,14.7928879318705
"AC",96,0.104044674901543,71.664,57.8714,2.157,"1200450",2.706,3.768,0,0,0,0,0,526.7317,1.342,1.32122841256323,0.628213856007081,2020-05-26,7478.9285,0.20298,0.406534651915232,34.3954992127132,14.7928879318705
"AC",9,0.0490617525039918,66.54,35.5471,0.329,"1200450",29.4794,44.204,0,0,0,0,0,394.1776,1.008,1.32122841256323,0.608201020680058,2020-05-26,7551.8492,0.20557,0.406534651915232,34.3954992127132,14.7928879318705
"AC",37,0.0671288544365307,63.564,63.7063,0.755,"1200450",0,0,0,0,0,0,0,181.9472,0.466,1.32122841256323,0.675200910021098,2018-07-07,6113.8862,0.16962,0.406534651915232,34.3954992127132,14.7928879318705
"AC",9,0.0833202498149533,71.162,63.3226,0.185,"1200450",1.5026,2.107,2.238,0.871,0,0,3.109,318.329,0.804,1.32122841256323,0.591391762725008,2020-05-26,7606.4399,0.20638,0.406534651915232,34.3954992127132,14.7928879318705
"AC",13,0.148929947810129,18.465,18.5068,0.913,"1200450",0,0,0,0,0,0,0,345.5533,0.924,1.32122841256323,0.773469944643536,2018-07-07,9977.0409,0.2914,0.406534651915232,34.3954992127132,14.7928879318705
"AC",6,0.168989794855664,19.076,19.1192,0.408,"1200450",0,0,0,0,0,0,0,311.7171,0.831,1.32122841256323,0.778611699882004,2018-07-07,10450.1916,0.30378,0.406534651915232,34.3954992127132,14.7928879318705
"AC",9,0.0555582342977615,55.337,52.2411,0.224,"1200450",1.883,3.395,0,0,0,0,0,580.7627,1.463,1.32122841256323,0.637698581910868,2020-05-26,7694.246,0.20992,0.406534651915232,34.3954992127132,14.7928879318705
"AC",18,0.0614237118360303,64.242,40.9411,0.572,"1200450",21.3046,33.089,0,0,0,0,0,159.3572,0.413,1.32122841256323,0.712639567105371,2018-07-07,7577.3555,0.21016,0.406534651915232,34.3954992127132,14.7928879318705
"AC",39,0.0348621067177469,71.924,25.1516,2.016,"1200450",47.4142,65.775,0,0,0,0,0,218.9275,0.551,1.32122841256323,0.735786079407244,2018-07-07,8603.3908,0.2368,0.406534651915232,34.3954992127132,14.7928879318705
"AC",13,0.158602162371957,66.325,65.4083,0.258,"1200450",0.077,0.116,0,0,0,0,0,497.7071,1.268,1.32122841256323,0.624708316144184,2020-05-26,7437.3211,0.20223,0.406534651915232,34.3954992127132,14.7928879318705
"AC",57,0.160515668466482,72.584,62.2427,1.191,"1200450",10.2589,14.102,0,0,0,0,0,164.9736,0.424,1.32122841256323,0.716325354733725,2018-07-07,7751.7743,0.21426,0.406534651915232,34.3954992127132,14.7928879318705
"AC",56,0.166327625434733,68.995,68.5283,1.062,"1200450",0,0,0,0,0,0,0,548.9454,1.397,1.32122841256323,0.631316306644452,2020-05-26,7538.8822,0.20489,0.406534651915232,34.3954992127132,14.7928879318705
"AC",30,0.150262187760486,66.202,66.2409,0.589,"1200450",0.0523,0.079,0,0,0,0,0,380.0617,0.967,1.32122841256323,0.601617563986712,2020-05-26,7702.5867,0.20955,0.406534651915232,34.3954992127132,14.7928879318705
"AC",37,0.102799824492728,71.341,43.4071,1.108,"1200450",22.6392,31.663,2.605,0,0,0,2.605,316.6704,0.784,1.32122841256323,0.582269584756609,2020-05-26,7653.6744,0.20522,0.406534651915232,34.3954992127132,14.7928879318705
"AC",8,0.0631918358845309,63.097,54.528,0.191,"1200450",7.5769,11.982,0,0,0,0,0,178.3202,0.462,1.32122841256323,0.683547821281151,2018-07-07,7681.8815,0.21353,0.406534651915232,34.3954992127132,14.7928879318705
"AC",39,0.0826262354737807,64.22,59.9729,0.845,"1200450",3.2816,5.099,0,0,0,0,0,193.2122,0.495,1.32122841256323,0.671740737900261,2018-07-07,6265.9083,0.17347,0.406534651915232,34.3954992127132,14.7928879318705
"AC",10,0.162231743193258,69.891,69.8601,0.186,"1200450",0,0,0,0,0,0,0,459.5059,1.166,1.32122841256323,0.621206702189331,2020-05-26,7388.6094,0.2003,0.406534651915232,34.3954992127132,14.7928879318705
"AC",50,0.103833070327774,63.928,64.0716,1.014,"1200450",0,0,0,0,0,0,0,159.0002,0.417,1.32122841256323,0.705581093154393,2018-07-07,7224.8322,0.20037,0.406534651915232,34.3954992127132,14.7928879318705
"AC",21,0.0526512531947314,61.078,41.7835,0.653,"1200450",18.8857,30.852,0,0,0,0,0,138.6424,0.354,1.32122841256323,0.690490163513329,2018-07-07,7379.9118,0.20561,0.406534651915232,34.3954992127132,14.7928879318705
"AC",101,0.180471149643446,143.114,139.7517,0.94,"1200450",3.0232,2.108,2.447,0,0,0,2.447,376.4916,0.938,1.32122841256323,0.596618079607431,2020-05-26,7887.4725,0.20957,0.406534651915232,34.3954992127132,14.7928879318705
"AC",13,0.158602162371957,73.774,71.8109,0.235,"1200450",0.5627,0.761,0,0,0.01,0,0.01,500.042,1.265,1.32122841256323,0.624880444968298,2020-05-26,7483.1752,0.20209,0.406534651915232,34.3954992127132,14.7928879318705
"AC",9,0.0580530815693196,63.648,62.1604,0.188,"1200450",1.1187,1.754,0,0,0,0,0,157.3504,0.414,1.32122841256323,0.709021569322903,2018-07-07,7399.795,0.20529,0.406534651915232,34.3954992127132,14.7928879318705
"AC",5,0.0434812522248816,74.035,64.2351,0.101,"1200450",10.1592,13.692,0,0,2.505,0,2.505,350.1292,0.899,1.32122841256323,0.768333077558537,2018-07-07,10292.7711,0.28868,0.406534651915232,34.3954992127132,14.7928879318705
"AC",54,0.0884224942936697,68.985,49.7212,1.412,"1200450",21.2825,30.782,0,0,8.004,0.513,8.517,449.2998,1.143,1.32122841256323,0.618059632735391,2020-05-26,7371.8547,0.20027,0.406534651915232,34.3954992127132,14.7928879318705
"AC",38,0.0348621067177469,69.576,20.5116,2.408,"1200450",49.2146,70.577,0,0,0,0,0,223.9932,0.565,1.32122841256323,0.736999904698071,2018-07-07,8643.6151,0.23797,0.406534651915232,34.3954992127132,14.7928879318705
"AC",6,0.0690657545213787,74.037,71.1758,0.11,"1200450",4.2684,5.752,0,0,0,0,0,386.9874,0.986,1.32122841256323,0.60486796995137,2020-05-26,7662.0844,0.20809,0.406534651915232,34.3954992127132,14.7928879318705
"AC",6,0.0330743063732471,69.321,22.6308,0.345,"1200450",46.7083,67.23,0,0,0,0,0,209.1825,0.532,1.32122841256323,0.732391663066729,2018-07-07,8423.18,0.23244,0.406534651915232,34.3954992127132,14.7928879318705
"AC",57,0.263449332408223,68.881,69.0352,1.073,"1200450",0,0,0,0,0,0,0,165.7648,0.427,1.32122841256323,0.720296309836172,2018-07-07,7910.641,0.21894,0.406534651915232,34.3954992127132,14.7928879318705
"AC",15,0.10264378051667,71.487,66.7883,0.292,"1200450",0.6209,0.867,2.228,0.867,0,0,3.095,324.2452,0.817,1.32122841256323,0.591685803938984,2020-05-26,7661.5664,0.20781,0.406534651915232,34.3954992127132,14.7928879318705
"AC",50,0.0855880527977812,84.952,83.6241,0.777,"1200450",0,0,0,0,0,0,0,619.8434,1.509,1.32122841256323,0.633648389234716,2020-05-26,9160.8544,0.24302,0.406534651915232,34.3954992127132,14.7928879318705
"AC",47,0.132030224991985,63.841,63.9836,0.955,"1200450",0,0,0,0,0,0,0,130.7355,0.337,1.32122841256323,0.695665225400786,2018-07-07,6592.0098,0.1826,0.406534651915232,34.3954992127132,14.7928879318705
"AC",39,0.141912946403519,63.673,62.8269,0.807,"1200450",0.243,0.381,0,0,0,0,0,148.1563,0.388,1.32122841256323,0.698459629330221,2018-07-07,6740.9791,0.18713,0.406534651915232,34.3954992127132,14.7928879318705
"AC",41,0.238941223551443,61,60.8248,0.876,"1200450",0,0,0,0,0,0,0,623.0691,1.56,1.32122841256323,0.643904963394968,2020-05-26,7853.2978,0.2139,0.406534651915232,34.3954992127132,14.7928879318705
"AC",14,0.0251818422447238,69.066,20.7922,0.875,"1200450",37.7453,54.528,0,0,0,0,0,247.2174,0.606,1.32122841256323,0.747158171321427,2018-07-07,9497.6126,0.25284,0.406534651915232,34.3954992127132,14.7928879318705
"AC",45,0.196378094362351,76.538,76.7096,0.763,"1200450",0,0,0,0,0,0.347,0.347,904.4652,2.206,1.32122841256323,0.759637635616908,2019-07-11,7853.3725,0.21284,0.406534651915232,34.3954992127132,14.7928879318705
"AC",7,0.0540403296588073,62.734,62.8744,0.145,"1200450",0,0,0,0,0,0,0,129.4635,0.332,1.32122841256323,0.692257680952687,2018-07-07,6390.8484,0.17716,0.406534651915232,34.3954992127132,14.7928879318705
"AC",45,0.0938595938212433,18.844,18.0239,3.246,"1200450",0.1265,0.67,0,0,0,0,0,306.387,0.819,1.32122841256323,0.772883791325494,2018-07-07,10222.264,0.29769,0.406534651915232,34.3954992127132,14.7928879318705
"AC",79,0.205297820920289,83.811,79.8686,1.286,"1200450",2.8911,3.442,3.691,0,0,0,3.691,371.7594,0.942,1.32122841256323,0.598059490100334,2020-05-26,7789.3136,0.21066,0.406534651915232,34.3954992127132,14.7928879318705
"AC",7,0.0641765533541056,70.692,53.8164,0.169,"1200450",16.4182,23.173,2.881,1.127,0,0,4.008,199.8607,0.511,1.32122841256323,0.728271018788551,2018-07-07,8273.5701,0.22827,0.406534651915232,34.3954992127132,14.7928879318705
"AC",41,0.081015174210937,63.235,63.3765,0.841,"1200450",0,0,0,0,0,0,0,153.8282,0.404,1.32122841256323,0.703621679256494,2018-07-07,7097.3805,0.19694,0.406534651915232,34.3954992127132,14.7928879318705
"AC",25,0.051103551744936,79.633,79.0129,0.411,"1200450",1.5077,1.889,0,0,0,0,0,909.6801,2.205,1.32122841256323,0.76209795044842,2019-07-11,7789.6401,0.21072,0.406534651915232,34.3954992127132,14.7928879318705
"AC",104,0.207384600357365,83.753,82.7429,1.634,"1200450",0,0,0,0,0.05,0.001,0.051,894.0387,2.169,1.32122841256323,0.759048241565471,2019-07-11,7887.0073,0.21287,0.406534651915232,34.3954992127132,14.7928879318705
"AC",7,0.0645078029128752,71.075,71.2344,0.128,"1200450",0.1998,0.28,0,0,0.45,0,0.45,434.7168,1.105,1.32122841256323,0.614776533119183,2020-05-26,7449.5237,0.2022,0.406534651915232,34.3954992127132,14.7928879318705
"AC",14,0.0553310655234808,64.154,64.2981,0.283,"1200450",0,0,0,0,0,0,0,156.4537,0.401,1.32122841256323,0.679783676910076,2018-07-07,5917.1217,0.16421,0.406534651915232,34.3954992127132,14.7928879318705
"AC",53,0.12297625503291,62.556,62.6955,1.099,"1200450",0,0,0,0,0,0,0,215.5658,0.556,1.32122841256323,0.668389739050353,2018-07-07,6412.1465,0.17796,0.406534651915232,34.3954992127132,14.7928879318705
"AC",42,0.0656293794506255,142.937,102.4213,0.533,"1200450",41.2769,28.813,0,0.681,3.088,0,3.769,416.2208,1.039,1.32122841256323,0.609865536784286,2020-05-26,7725.84,0.20537,0.406534651915232,34.3954992127132,14.7928879318705
"AC",40,0.167072196737109,99.919,97.926,0.531,"1200450",0.0649,0.065,0,0,0,0,0,627.1531,1.524,1.32122841256323,0.637173457848648,2020-05-26,9135.806,0.24149,0.406534651915232,34.3954992127132,14.7928879318705
"AC",10,0.0750801890889246,61.797,38.2179,0.34,"1200500",26.8276,43.316,6.418,3.789,0,0.444,10.651,1683.2575,4.212,1.75080400490743,1.43416338364261,2019-06-06,17110.3105,0.47959,0.383949608440191,30.8993160516522,2.86626257306968
"AC",36,0.0943132913445217,44.134,43.5846,1.074,"1200500",0.6753,1.527,0,0,0,0,0,1192.3667,3.142,1.75080400490743,1.41966872495647,2019-06-06,15287.6647,0.43413,0.383949608440191,30.8993160516522,2.86626257306968
"AC",21,0.0687786013839366,50.957,46.6118,0.586,"1200500",3.3399,6.54,0,0,0,0,0,794.603,2.056,1.75080400490743,1.14808939739444,2018-07-04,16188.1581,0.46188,0.383949608440191,30.8993160516522,2.86626257306968
"AC",6,0.111237243569579,25.667,17.4637,0.447,"1200500",10.4637,40.675,9.769,2.763,0,0.593,13.125,1745.2634,4.529,1.75080400490743,1.44083165987393,2019-06-06,17366.859,0.5086,0.383949608440191,30.8993160516522,2.86626257306968
"AC",73,0.124537697880177,63.667,61.3028,1.548,"1200500",2.851,4.468,0.187,0,0.108,0,0.295,363.7062,0.931,1.75080400490743,1.11988800788586,2018-07-04,20206.2271,0.56781,0.383949608440191,30.8993160516522,2.86626257306968
"AC",30,0.082238648691589,65.987,46.7035,0.835,"1200500",45.04,68.104,3.336,8.892,3.284,3.456,18.968,1749.3634,4.31,1.75080400490743,1.43818123320833,2019-06-06,23039.4085,0.6513,0.383949608440191,30.8993160516522,2.86626257306968
"AC",5,0.0166666666666667,42.868,17.5972,0.369,"1200500",28.0298,65.24,2.689,0.451,0,0,3.14,1795.1569,4.574,1.75080400490743,1.46847153609961,2019-06-06,18682.8555,0.53431,0.383949608440191,30.8993160516522,2.86626257306968
"AC",41,0.207212015789626,50.025,49.9343,1.067,"1200500",0.084,0.168,0,0,0,0,0,387.885,1.016,1.75080400490743,1.12303044449438,2018-07-04,22013.0561,0.62129,0.383949608440191,30.8993160516522,2.86626257306968
"AC",27,0.0787935403976933,69.434,40.537,0.866,"1200500",32.0378,46.037,1.416,1.788,0,0,3.204,1809.8081,4.386,1.75080400490743,1.46613897539246,2019-06-06,20164.8359,0.54899,0.383949608440191,30.8993160516522,2.86626257306968
"AC",13,0.0599911259614466,70.921,47.3509,0.357,"1200500",34.0241,47.868,1.625,10.821,0.745,0,13.191,1837.8798,4.381,1.75080400490743,1.42768541292021,2019-06-06,20674.6178,0.55974,0.383949608440191,30.8993160516522,2.86626257306968
"AC",24,0.177979589711327,23.21,22.5414,1.384,"1200500",0.3001,1.29,0,0,0,0,0,630.0845,1.638,1.75080400490743,1.20719629545592,2018-07-04,14953.3224,0.43222,0.383949608440191,30.8993160516522,2.86626257306968
"AC",7,0.035601914897713,42.759,29.7159,0.306,"1200500",14.1139,32.934,1.993,0.045,0,0,2.038,1598.5154,4.141,1.75080400490743,1.46610737323819,2019-06-06,16903.4007,0.48729,0.383949608440191,30.8993160516522,2.86626257306968
"AC",18,0.0212428770675148,96.885,62.1464,0.377,"1200500",37.1209,38.229,0,0,0.549,2.061,2.61,587.3025,1.498,1.75080400490743,1.12354645404727,2018-07-04,18929.1936,0.52466,0.383949608440191,30.8993160516522,2.86626257306968
"AC",37,0.0884731426644528,70.96,41.3967,1.162,"1200500",32.41,45.572,1.445,1.752,0.007,0,3.204,1811.505,4.38,1.75080400490743,1.46628841275181,2019-06-06,20207.7018,0.54895,0.383949608440191,30.8993160516522,2.86626257306968
"AC",9,0.0718577457863022,64.476,46.0393,0.254,"1200500",26.5578,41.098,9.254,4.18,1.238,1.82,16.492,1735.4496,4.341,1.75080400490743,1.45811471022623,2019-06-06,18190.0166,0.51105,0.383949608440191,30.8993160516522,2.86626257306968
"AC",13,0.0661916708956531,98.432,61.0996,0.277,"1200500",41.6782,42.247,0.796,0.996,0.631,0.315,2.738,1705.1622,4.133,1.75080400490743,1.47555410797112,2019-06-06,18613.1565,0.50271,0.383949608440191,30.8993160516522,2.86626257306968
"AC",11,0.1323444380533,53.196,37.1777,0.385,"1200500",16.3486,30.664,0,0,0,0,0,291.5225,0.758,1.75080400490743,1.11598948265918,2018-07-04,20987.2486,0.59788,0.383949608440191,30.8993160516522,2.86626257306968
"AC",74,0.0602411412497482,270.689,176.4557,0.545,"1200500",87.7003,32.327,0.172,0.118,0,0,0.29,1762.3885,3.991,1.75080400490743,1.45392394549007,2019-06-06,18635.7842,0.47199,0.383949608440191,30.8993160516522,2.86626257306968
"AC",6,0.0264732187700943,60.726,46.0418,0.169,"1200500",11.3411,18.634,0,0,0,0.107,0.107,477.5914,1.241,1.75080400490743,1.1421636595588,2018-07-04,19469.7916,0.55155,0.383949608440191,30.8993160516522,2.86626257306968
"AC",5,0.0807331813745656,42.666,39.355,0.165,"1200500",7.1767,16.783,2.077,1.246,0,0.707,4.03,649.7501,1.706,1.75080400490743,1.10808339246639,2018-07-04,17621.9202,0.50579,0.383949608440191,30.8993160516522,2.86626257306968
"AC",102,0.137688527429677,96.944,93.7486,1.414,"1200500",7.0334,7.239,0,0,2.561,0,2.561,1254.2575,3.254,1.75080400490743,1.39364290776329,2019-06-06,15642.4278,0.43294,0.383949608440191,30.8993160516522,2.86626257306968
"AC",11,0.0672675323144027,75.884,55.8695,0.256,"1200500",22.0861,29.04,1.381,1.489,0,0,2.87,1609.562,3.944,1.75080400490743,1.3462540104548,2019-06-06,19270.0071,0.52414,0.383949608440191,30.8993160516522,2.86626257306968
"AC",8,0.0181818181818182,34.39,7.9446,1.309,"1200500",27.8139,80.697,0,0,0,0,0,1754.126,4.495,1.75080400490743,1.42716136469375,2019-06-06,17164.6997,0.49644,0.383949608440191,30.8993160516522,2.86626257306968
"AC",12,0.0653126350142533,72.008,36.3787,0.429,"1200500",44.6589,61.882,3.142,6.496,0.489,0.338,10.465,1763.0575,4.181,1.75080400490743,1.45542074149456,2019-06-06,19980.8448,0.53322,0.383949608440191,30.8993160516522,2.86626257306968
"AC",34,0.290912339865448,41.871,32.6486,1.354,"1200500",8.5064,20.27,0,0,0,0,0,283.1118,0.744,1.75080400490743,1.1148828643715,2018-07-04,21159.2142,0.60666,0.383949608440191,30.8993160516522,2.86626257306968
"AC",12,0.0464421766345919,68.707,37.1077,0.42,"1200500",38.6659,56.151,3.18,4.129,0.498,0.839,8.646,1864.7534,4.591,1.75080400490743,1.48014863479969,2019-06-06,20549.5105,0.56761,0.383949608440191,30.8993160516522,2.86626257306968
"AC",48,0.0978855680987802,46.789,27.9967,2.229,"1200500",18.7468,39.977,0,0,0,0,0,807.1126,2.099,1.75080400490743,1.14364261173673,2018-07-04,16302.5987,0.46652,0.383949608440191,30.8993160516522,2.86626257306968
"AC",24,0.0757570831170582,71.574,60.9404,0.512,"1200500",10.2607,14.304,0,0,0,0,0,1985.7933,4.864,1.75080400490743,1.3831245821417,2019-06-06,22803.3124,0.62623,0.383949608440191,30.8993160516522,2.86626257306968
"AC",8,0.0307692307692308,42.312,29.6167,0.351,"1200500",17.0026,40.094,2.26,3.081,0,0.324,5.665,1619.0841,4.161,1.75080400490743,1.32474811023348,2019-06-06,20782.7075,0.59799,0.383949608440191,30.8993160516522,2.86626257306968
"AC",17,0.0309557356477856,61.734,35.9393,0.615,"1200500",24.2953,39.267,0,0,0,0,0,1732.7083,4.362,1.75080400490743,1.39165946613989,2019-06-06,17974.1495,0.50635,0.383949608440191,30.8993160516522,2.86626257306968
"AC",21,0.0824358114404395,68.784,50.474,0.541,"1200500",19.6179,28.458,2.854,3.274,0,0,6.128,1843.9876,4.462,1.75080400490743,1.44497744088877,2019-06-06,20204.9177,0.5537,0.383949608440191,30.8993160516522,2.86626257306968
"AC",8,0.0399568152661323,63.606,54.998,0.189,"1200500",6.7455,10.581,0,0,0,0,0,1536.925,3.95,1.75080400490743,1.37217649520556,2019-06-06,16843.7355,0.47301,0.383949608440191,30.8993160516522,2.86626257306968
"AC",6,0.0281590999410872,78.359,26.3283,0.296,"1200500",55.341,70.467,0,0,1.81,1.297,3.107,805.1583,2.034,1.75080400490743,1.13547921991223,2018-07-04,17639.9227,0.48874,0.383949608440191,30.8993160516522,2.86626257306968
"AC",14,0.0678687234086547,40.723,38.1489,0.477,"1200500",0,0,0,0,0,0,0,576.8845,1.509,1.75080400490743,1.18890507248569,2018-07-04,16315.4312,0.47048,0.383949608440191,30.8993160516522,2.86626257306968
"AC",70,0.0977425462818798,59.359,56.1276,1.621,"1200500",2.9104,4.892,0,0,0,0,0,1484.1978,3.771,1.75080400490743,1.44528243067297,2019-06-06,16600.5913,0.46798,0.383949608440191,30.8993160516522,2.86626257306968
"AC",5,0.0217048280135765,61.796,41.53,0.157,"1200500",21.2957,34.385,1.435,0,0,0,1.435,1401.6168,3.592,1.75080400490743,1.43027545478535,2019-06-06,15994.7805,0.45029,0.383949608440191,30.8993160516522,2.86626257306968
"AC",10,0.146594040671266,45.368,36.5825,0.355,"1200500",14.432,31.74,2.149,0,0,0,2.149,500.5549,1.333,1.75080400490743,1.10573659126662,2018-07-04,18125.5914,0.52113,0.383949608440191,30.8993160516522,2.86626257306968
"AC",46,0.16978230472478,57.634,49.4855,1.208,"1200500",8.159,14.125,0,0,0,0.004,0.004,562.1071,1.461,1.75080400490743,1.1163702345219,2018-07-04,18465.1819,0.5228,0.383949608440191,30.8993160516522,2.86626257306968
"AC",31,0.038327663808702,56.513,55.8568,0.721,"1200500",0.1675,0.296,0,0,0,0,0,1677.0612,4.277,1.75080400490743,1.3825477941773,2019-06-06,17019.3338,0.48146,0.383949608440191,30.8993160516522,2.86626257306968
"AC",44,0.146627453246671,56.863,54.3025,1.053,"1200500",1.0446,1.833,0,0,0,0,0,322.4425,0.837,1.75080400490743,1.12801555306069,2018-07-04,21458.0792,0.60947,0.383949608440191,30.8993160516522,2.86626257306968
"AC",41,0.204036231137552,59.994,55.3369,0.963,"1200500",5.7718,9.599,0.127,0,0,0,0.127,1165.5292,3.003,1.75080400490743,1.16554206246302,2018-07-04,14745.3042,0.41909,0.383949608440191,30.8993160516522,2.86626257306968
"AC",45,0.0960393786517202,96.075,68.7462,0.851,"1200500",26.8394,27.873,0,0,0,0,0,469.6729,1.192,1.75080400490743,1.13040205268947,2018-07-04,19827.9518,0.55014,0.383949608440191,30.8993160516522,2.86626257306968
"AC",6,0.132108842249289,52.538,31.4777,0.248,"1200500",18.1771,34.521,1.181,1.221,0,0,2.402,686.1378,1.784,1.75080400490743,1.11686719565473,2018-07-04,17824.9717,0.50543,0.383949608440191,30.8993160516522,2.86626257306968
"AC",16,0.0521739130434783,33.307,29.9629,0.694,"1200500",3.6153,10.83,0,0,0,0,0,1104.8545,2.93,1.75080400490743,1.4096778132637,2019-06-06,15096.3142,0.4308,0.383949608440191,30.8993160516522,2.86626257306968
"AC",27,0.0345999348748138,102.012,64.2952,0.546,"1200500",49.8399,48.748,3.356,3.041,0.956,1.275,8.628,1910.0934,4.594,1.75080400490743,1.41378207088988,2019-06-06,24013.4758,0.65821,0.383949608440191,30.8993160516522,2.86626257306968
"AC",13,0.0491838892626637,58.455,41.5525,0.407,"1200500",17.0686,29.135,3.939,0,0,0,3.939,1810.5257,4.553,1.75080400490743,1.4033084600894,2019-06-06,17843.6465,0.50482,0.383949608440191,30.8993160516522,2.86626257306968
"AC",23,0.0744948974278318,69.606,55.1655,0.542,"1200500",16.2949,23.358,15.175,0,0.764,1.019,16.958,1786.9103,4.261,1.75080400490743,1.43769811983743,2019-06-06,22207.5279,0.60606,0.383949608440191,30.8993160516522,2.86626257306968
"AC",194,0.187996475709325,79.849,64.9976,3.88,"1200500",14.6855,18.351,0,0,0,0,0,324.7284,0.831,1.75080400490743,1.13388837669903,2018-07-04,22005.4693,0.61634,0.383949608440191,30.8993160516522,2.86626257306968
"AC",6,0.0251818422447238,60.853,47.4402,0.164,"1200500",10.0146,16.42,0,0.074,0,0.107,0.181,477.9413,1.242,1.75080400490743,1.14238117297406,2018-07-04,19448.6287,0.5512,0.383949608440191,30.8993160516522,2.86626257306968
"AC",39,0.0460043287907816,80.364,35.0693,1.446,"1200500",47.5713,59.063,0,0,0,0,0,364.9561,0.919,1.75080400490743,1.14149340745951,2018-07-04,21295.9572,0.5864,0.383949608440191,30.8993160516522,2.86626257306968
"AC",5,0.0613722723142507,45.412,29.6085,0.22,"1200500",18.4106,40.45,1.846,1.367,0.335,0,3.548,1485.7138,3.697,1.75080400490743,1.44921090232204,2019-06-06,16747.236,0.46273,0.383949608440191,30.8993160516522,2.86626257306968
"AC",26,0.0543825625409408,72.45,40.9557,0.825,"1200500",47.2926,65.131,1.674,5.603,7.102,2.016,16.395,1802.7712,4.357,1.75080400490743,1.46045055149123,2019-06-06,21607.632,0.59159,0.383949608440191,30.8993160516522,2.86626257306968
"AC",74,0.165966514224298,54.491,42.4565,2.266,"1200500",11.4882,21.036,0,0,0,0,0,336.6997,0.884,1.75080400490743,1.13288691014697,2018-07-04,21967.4592,0.6272,0.383949608440191,30.8993160516522,2.86626257306968
"AC",7,0.18744475901566,26.471,23.9575,0.38,"1200500",4.0257,15.174,8.707,0,0,0,8.707,1236.5936,3.301,1.75080400490743,1.1688415608561,2018-07-04,14552.0067,0.426,0.383949608440191,30.8993160516522,2.86626257306968
"AC",29,0.0910796107804351,101.943,69.5516,0.542,"1200500",52.5647,51.448,1.056,0.648,2.089,3.366,7.159,2044.4572,4.96,1.75080400490743,1.3667532309128,2019-06-06,21853.4979,0.5929,0.383949608440191,30.8993160516522,2.86626257306968
"AC",101,0.241062798715529,61.494,58.8748,2.23,"1200500",0.3824,0.62,0,0,0,0,0,1744.6363,4.423,1.75080400490743,1.37930572374886,2019-06-06,17489.2701,0.49324,0.383949608440191,30.8993160516522,2.86626257306968
"AC",15,0.0547722557505166,32.026,32.0622,0.608,"1200500",0.0063,0.02,0,0,0,0,0,1108.3669,2.967,1.75080400490743,1.4100365550346,2019-06-06,15000.4183,0.42823,0.383949608440191,30.8993160516522,2.86626257306968
"AC",10,0.0159219463266976,76.951,43.9452,0.296,"1200500",32.9828,42.766,0.661,0,0.444,0,1.105,1842.3256,4.519,1.75080400490743,1.36170416176831,2019-06-06,19166.4325,0.52544,0.383949608440191,30.8993160516522,2.86626257306968
"AC",6,0.0132820589336811,200.307,199.6758,0.039,"1200500",0.7571,0.377,0,0,0,0,0,1309.3407,3.14,1.75080400490743,1.42079855126679,2019-06-06,16793.3801,0.43911,0.383949608440191,30.8993160516522,2.86626257306968
"AC",6,0.00714285714285715,81.735,51.492,0.151,"1200500",33.4479,40.832,0,1.485,0.759,0,2.244,1612.5618,3.991,1.75080400490743,1.47330293748841,2019-06-06,17747.263,0.4879,0.383949608440191,30.8993160516522,2.86626257306968
"AC",7,0.0341060840960399,64.969,57.4484,0.158,"1200500",8.9584,13.758,8.121,0.897,0,0,9.018,1704.3526,4.255,1.75080400490743,1.33431443054298,2019-06-06,20837.956,0.57914,0.383949608440191,30.8993160516522,2.86626257306968
"AC",14,0.0773523076668372,31.605,23.8221,0.764,"1200500",5.4643,17.251,0,0,0,0,0,1189.325,3.109,1.75080400490743,1.35787921069576,2019-06-06,16318.1015,0.46662,0.383949608440191,30.8993160516522,2.86626257306968
"AC",12,0.0912372435695795,58.017,47.3616,0.329,"1200500",14.0801,24.215,0.024,0.153,0,0,0.177,1438.8986,3.69,1.75080400490743,1.41619366485864,2019-06-06,15714.6868,0.4442,0.383949608440191,30.8993160516522,2.86626257306968
"AC",89,0.16704399602974,80.68,64.2394,1.801,"1200500",10.7172,13.254,0,0,0,0,0,371.7789,0.929,1.75080400490743,1.12390962674614,2018-07-04,21143.3177,0.57948,0.383949608440191,30.8993160516522,2.86626257306968
"AC",36,0.0598558059062219,68.624,56.0786,0.835,"1200500",16.6041,24.142,1.421,0.775,0,1.354,3.55,1921.1959,4.725,1.75080400490743,1.39779895169517,2019-06-06,20470.6729,0.56806,0.383949608440191,30.8993160516522,2.86626257306968
"AC",6,0.0288175263856844,50.956,23.97,0.325,"1200500",29.8548,58.459,0,1.218,0,0,1.218,1262.4417,3.349,1.75080400490743,1.41860787572588,2019-06-06,15342.7666,0.4375,0.383949608440191,30.8993160516522,2.86626257306968
"AC",5,0.190763211281793,19.968,11.8305,0.549,"1200500",8.6792,43.368,0,0.031,0,0,0.031,1281.5001,3.448,1.75080400490743,1.15335647816552,2018-07-04,15091.2351,0.44647,0.383949608440191,30.8993160516522,2.86626257306968
"AC",7,0.0219671389794399,68.91,43.7662,0.208,"1200500",43.7513,63.349,2.362,11.456,3.588,0.901,18.307,1861.6889,4.552,1.75080400490743,1.47279186452261,2019-06-06,20340.8332,0.55814,0.383949608440191,30.8993160516522,2.86626257306968
"AC",15,0.0798014613693073,57.056,43.5258,0.448,"1200500",12.5975,22.03,0,0,0,0.007,0.007,798.4137,2.003,1.75080400490743,1.14005136165246,2018-07-04,17771.7687,0.48972,0.383949608440191,30.8993160516522,2.86626257306968
"AC",24,0.0425685128159039,100.744,57.4795,0.543,"1200500",41.7163,41.316,0,0,0,0,0,1145.9948,2.894,1.75080400490743,1.40878363151341,2019-06-06,15911.0162,0.43215,0.383949608440191,30.8993160516522,2.86626257306968
"AC",38,0.0692896441944421,53.408,29.3793,1.681,"1200500",24.8021,46.335,0,0,0,0.531,0.531,658.4217,1.684,1.75080400490743,1.17231917720377,2018-07-04,16304.0247,0.46347,0.383949608440191,30.8993160516522,2.86626257306968
"AC",9,0.100721080019042,45.847,42.0075,0.279,"1200500",5.8605,12.754,3.047,3.037,0,0,6.084,1428.2362,3.739,1.75080400490743,1.15944775515153,2018-07-04,15466.5638,0.44482,0.383949608440191,30.8993160516522,2.86626257306968
"AC",8,0.212387726388722,41.963,26.0562,0.399,"1200500",16.1319,38.358,0.228,1.131,0,0,1.359,669.9778,1.761,1.75080400490743,1.11258918347834,2018-07-04,17631.3649,0.50523,0.383949608440191,30.8993160516522,2.86626257306968
"AC",5,0.113484692283495,29.364,21.03,0.309,"1200500",7.8073,26.529,0,0.191,0,0,0.191,653.7476,1.659,1.75080400490743,1.16493830909838,2018-07-04,17032.2134,0.48119,0.383949608440191,30.8993160516522,2.86626257306968
"AC",5,0.0280588370147578,62.969,46.9558,0.138,"1200500",25.9224,41.075,0,4.763,0.985,1.267,7.015,1618.8283,4.117,1.75080400490743,1.35441891505311,2019-06-06,18082.5332,0.50904,0.383949608440191,30.8993160516522,2.86626257306968
"AC",24,0.158810789838027,52.188,50.3212,0.62,"1200500",1.423,2.721,0,0,0,0.02,0.02,1904.9593,4.821,1.75080400490743,1.3781792977105,2019-06-06,18998.9275,0.53594,0.383949608440191,30.8993160516522,2.86626257306968
"AC",5,0.0842105263157895,28.463,23.7914,0.273,"1200500",6.5688,23.027,2.18,4.359,0,0,6.539,287.6954,0.771,1.75080400490743,1.12090053067879,2018-07-04,20542.8687,0.60225,0.383949608440191,30.8993160516522,2.86626257306968
"AC",31,0.194552130572525,65.515,60.745,0.663,"1200500",4.1844,6.373,0,0,0,0,0,670.2456,1.685,1.75080400490743,1.09552322355239,2018-07-04,18672.9986,0.51453,0.383949608440191,30.8993160516522,2.86626257306968
"AC",33,0.0738520396087086,67.289,44.1098,0.973,"1200500",23.8405,35.351,0,0,0,0,0,565.6473,1.44,1.75080400490743,1.16205415057527,2018-07-04,18596.8375,0.5179,0.383949608440191,30.8993160516522,2.86626257306968
"AC",6,0.0275959179422654,77.87,26.1317,0.298,"1200500",54.4698,69.794,0,0,1.766,1.179,2.945,808.5855,2.045,1.75080400490743,1.13542780962108,2018-07-04,17621.2263,0.48855,0.383949608440191,30.8993160516522,2.86626257306968
"AC",10,0.0523469381503904,100.924,63.3975,0.205,"1200500",45.8424,45.321,4.75,4.017,0.461,0,9.228,1312.5893,3.357,1.75080400490743,1.42658699091606,2019-06-06,16081.6019,0.4447,0.383949608440191,30.8993160516522,2.86626257306968
"AC",69,0.238626582689043,24.563,13.3361,6.726,"1200500",10.0339,40.758,0,0,0,0,0,379.2517,1.003,1.75080400490743,1.12602486064043,2018-07-04,21841.9228,0.62443,0.383949608440191,30.8993160516522,2.86626257306968
"AC",11,0.0571428571428571,31.055,25.5642,0.559,"1200500",7.6224,24.49,14.478,6.767,0,0,21.245,1593.2819,4.061,1.75080400490743,1.43080181313077,2019-06-06,16667.6996,0.47558,0.383949608440191,30.8993160516522,2.86626257306968
"AC",33,0.10053015655955,53.543,50.0276,0.858,"1200500",2.139,3.986,0,0,0,0,0,767.0894,1.976,1.75080400490743,1.15354083414785,2018-07-04,16112.5009,0.45917,0.383949608440191,30.8993160516522,2.86626257306968
"AC",19,0.0844948974278318,64.57,50.5879,0.488,"1200500",13.2272,20.439,0,1.373,0,0,1.373,1853.6874,4.544,1.75080400490743,1.39815129854585,2019-06-06,23620.7853,0.6565,0.383949608440191,30.8993160516522,2.86626257306968
"AC",11,0.0387150143792886,59.968,30.2984,0.472,"1200500",29.9015,49.751,0,0,0,0,0,2043.987,5.03,1.75080400490743,1.37105059641827,2019-06-06,22137.7051,0.61076,0.383949608440191,30.8993160516522,2.86626257306968
"AC",29,0.105555845239282,67.014,66.5718,0.566,"1200500",0,0,0,0,0,0,0,622.6774,1.585,1.75080400490743,1.18869064822775,2018-07-04,15998.162,0.44911,0.383949608440191,30.8993160516522,2.86626257306968
"AC",40,0.161978450055394,66.445,39.3346,1.322,"1200500",30.7196,46.13,0,0.082,0,0.4,0.482,263.5668,0.678,1.75080400490743,1.10901838218187,2018-07-04,21011.5676,0.59269,0.383949608440191,30.8993160516522,2.86626257306968
"AC",62,0.0836543042012574,53.138,28.6774,2.811,"1200500",25.0365,47.011,3.505,0.064,0.142,0,3.711,1711.8666,4.311,1.75080400490743,1.45394240073864,2019-06-06,17756.5478,0.5017,0.383949608440191,30.8993160516522,2.86626257306968
"AC",13,0.0808661439529789,57.425,41.5364,0.407,"1200500",12.438,21.611,0,0.831,0,0,0.831,745.6666,1.911,1.75080400490743,1.1634483720897,2018-07-04,15761.3038,0.44786,0.383949608440191,30.8993160516522,2.86626257306968
"AC",7,0.0206953011292241,68.915,53.0895,0.171,"1200500",17.2104,24.917,0.282,1.633,0,0.403,2.318,1606.8521,3.919,1.75080400490743,1.33420214606725,2019-06-06,20592.599,0.56009,0.383949608440191,30.8993160516522,2.86626257306968
"AC",47,0.129539680886588,68.828,68.7129,0.889,"1200500",0.048,0.07,0,0,0,0,0,615.1641,1.574,1.75080400490743,1.18212340403072,2018-07-04,16507.9597,0.46568,0.383949608440191,30.8993160516522,2.86626257306968
"AC",21,0.0806186217847897,76.046,71.2617,0.383,"1200500",3.837,5.034,0,0,0,0,0,1901.4738,4.635,1.75080400490743,1.39769126579321,2019-06-06,23297.0276,0.6434,0.383949608440191,30.8993160516522,2.86626257306968
"AC",39,0.184669342029398,64.607,56.4607,0.898,"1200500",7.421,11.461,0,0,0,0,0,649.5655,1.65,1.75080400490743,1.20102942807145,2018-07-04,15113.472,0.42676,0.383949608440191,30.8993160516522,2.86626257306968
"AC",19,0.0417979589711327,74.546,46.4713,0.532,"1200500",28.5779,38.25,2.141,0,0.119,0,2.26,1683.1787,4.155,1.75080400490743,1.46911511004692,2019-06-06,17609.5884,0.48464,0.383949608440191,30.8993160516522,2.86626257306968
"AC",16,0.0938832193642575,30.953,30.9824,0.671,"1200500",0.0814,0.262,0,0,0,0,0,1168.8772,3.104,1.75080400490743,1.41687167697191,2019-06-06,15153.8792,0.43336,0.383949608440191,30.8993160516522,2.86626257306968
"AC",54,0.0780767803093427,63.451,56.378,1.245,"1200500",5.5085,8.662,0,0,0,0,0,1564.0657,4.008,1.75080400490743,1.37061739757108,2019-06-06,17032.6749,0.4785,0.383949608440191,30.8993160516522,2.86626257306968
"AC",24,0.17596233398571,74.684,72.4474,0.431,"1200500",0.7841,1.048,0,0,0,0,0,691.2861,1.728,1.75080400490743,1.0995127694089,2018-07-04,18637.5254,0.51095,0.383949608440191,30.8993160516522,2.86626257306968
"AC",34,0.111000666395387,59.695,55.3626,0.798,"1200500",1.6758,2.801,0,0,0,0,0,663.104,1.703,1.75080400490743,1.19396402404689,2018-07-04,14910.5489,0.42383,0.383949608440191,30.8993160516522,2.86626257306968
"AC",14,0.0363104183450861,60.104,35.703,0.51,"1200500",23.7352,39.402,0,0,0,0,0,1872.5224,4.742,1.75080400490743,1.37660229786489,2019-06-06,18473.2724,0.52146,0.383949608440191,30.8993160516522,2.86626257306968
"AC",17,0.132265303997041,62.303,59.1265,0.374,"1200500",15.0051,24.03,0,0,0,2.371,2.371,1641.7572,4.179,1.75080400490743,1.38308616198721,2019-06-06,16995.4254,0.47863,0.383949608440191,30.8993160516522,2.86626257306968
"AC",12,0.0477739980946902,40.948,25.92,0.602,"1200500",19.4555,47.406,4.764,4.547,3.031,0,12.342,1788.4789,4.562,1.75080400490743,1.4715663526813,2019-06-06,18685.4436,0.53419,0.383949608440191,30.8993160516522,2.86626257306968
"AC",13,0.0206953011292241,64.758,24.8169,0.681,"1200500",39.9092,61.491,2.054,0,0,0,2.054,1500.0385,3.886,1.75080400490743,1.38789626646279,2019-06-06,16060.6221,0.45138,0.383949608440191,30.8993160516522,2.86626257306968
"AC",10,0.161237243569579,13.744,13.1167,0.991,"1200500",0.7911,5.743,0,0,0,0,0,334.027,0.903,1.75080400490743,1.14699017694597,2018-07-04,19176.6202,0.56911,0.383949608440191,30.8993160516522,2.86626257306968
"AC",8,0.00952380952380952,61.854,42.1868,0.247,"1200500",24.0421,38.782,0,0,0,0,0,1121.1818,2.941,1.75080400490743,1.40120859188548,2019-06-06,15256.5873,0.42935,0.383949608440191,30.8993160516522,2.86626257306968
"AC",10,0.0333924258521338,103.233,64.0828,0.203,"1200500",45.4617,43.94,0,0,0,0,0,1414.7986,3.503,1.75080400490743,1.44754708941512,2019-06-06,16800.0921,0.45821,0.383949608440191,30.8993160516522,2.86626257306968
"AC",5,0.0408480464331408,62.605,23.6464,0.275,"1200500",38.4705,61.312,0,0,0.85,0,0.85,1324.5088,3.449,1.75080400490743,1.4046602069869,2019-06-06,15610.586,0.439,0.383949608440191,30.8993160516522,2.86626257306968
"AC",5,0.0309557356477856,63.041,35.7264,0.182,"1200500",28.7978,45.579,0,0,0,0.588,0.588,1740.0949,4.113,1.75080400490743,1.41265630308898,2019-06-06,26102.7745,0.7044,0.383949608440191,30.8993160516522,2.86626257306968
"AC",5,0.0217048280135765,62.226,41.636,0.156,"1200500",21.622,34.67,1.425,0,0,0,1.425,1401.8638,3.592,1.75080400490743,1.43027103856286,2019-06-06,15998.6373,0.45028,0.383949608440191,30.8993160516522,2.86626257306968
"AC",104,0.203314233918861,58.92,53.8497,2.511,"1200500",4.1113,6.962,0,0,0,0.032,0.032,791.0261,2.048,1.75080400490743,1.11783469087509,2018-07-04,17303.4932,0.49154,0.383949608440191,30.8993160516522,2.86626257306968
"AC",13,0.0266666666666667,45.279,18.7921,0.899,"1200500",29.3072,64.581,0,1.883,0,0,1.883,1543.9865,3.979,1.75080400490743,1.46262840810133,2019-06-06,16672.0995,0.47684,0.383949608440191,30.8993160516522,2.86626257306968
"AC",5,0.125647736893767,33.98,27.3052,0.238,"1200500",7.2562,21.307,1.718,0,0,0,1.718,1692.1077,4.367,1.75080400490743,1.45676767589874,2019-06-06,17657.3179,0.51279,0.383949608440191,30.8993160516522,2.86626257306968
"AC",9,0.0390878166229283,51.016,48.5221,0.241,"1200500",5.9671,11.67,0.478,0.005,0.62,0.508,1.611,1404.0513,3.586,1.75080400490743,1.44406134274865,2019-06-06,16269.3775,0.45624,0.383949608440191,30.8993160516522,2.86626257306968
"AC",5,0.0762769670191402,53.68,39.6328,0.164,"1200500",12.5902,23.402,0,0,0,0,0,811.1691,2.09,1.75080400490743,1.12338285009133,2018-07-04,17360.053,0.49228,0.383949608440191,30.8993160516522,2.86626257306968
"AC",7,0.022254772534085,94.275,79.9037,0.114,"1200500",16.3232,17.276,0,0.564,0,0,0.564,1589.948,3.994,1.75080400490743,1.39993863847803,2019-06-06,16312.5388,0.45228,0.383949608440191,30.8993160516522,2.86626257306968
"AC",11,0.0280080848135314,63.296,17.7658,0.805,"1200500",47.017,74.116,0,0,0,0.161,0.161,1600.0978,4.083,1.75080400490743,1.38441425401053,2019-06-06,16880.1762,0.47505,0.383949608440191,30.8993160516522,2.86626257306968
"AC",7,0.0219671389794399,69.266,45.2749,0.201,"1200500",42.4034,61.082,2.318,11.292,3.509,0.896,18.015,1864.1796,4.557,1.75080400490743,1.4730467717353,2019-06-06,20387.7727,0.55915,0.383949608440191,30.8993160516522,2.86626257306968
"AC",10,0.160490057165878,36.377,36.3893,0.357,"1200500",0.0892,0.245,0.077,0,0,0,0.077,324.6212,0.839,1.75080400490743,1.10980655434372,2018-07-04,20148.5716,0.57045,0.383949608440191,30.8993160516522,2.86626257306968
"AC",10,0.126383671769062,38.338,34.3069,0.379,"1200500",3.1404,8.173,0,0,0,0,0,738.565,1.951,1.75080400490743,1.10775550034776,2018-07-04,17181.5394,0.49518,0.383949608440191,30.8993160516522,2.86626257306968
"AC",11,0.0580588370147578,62.144,45.3663,0.315,"1200500",19.0323,30.558,1.182,0,0.519,0.708,2.409,1428.7964,3.651,1.75080400490743,1.44029911551227,2019-06-06,16354.9656,0.46064,0.383949608440191,30.8993160516522,2.86626257306968
"AC",23,0.0220097493339644,54.256,38.5028,0.777,"1200500",18.3238,33.697,0,3.094,0,1.389,4.483,1711.403,4.375,1.75080400490743,1.47837662599408,2019-06-06,17896.3323,0.50964,0.383949608440191,30.8993160516522,2.86626257306968
"AC",45,0.180214421352628,51.717,50.2876,1.163,"1200500",0,0,0,0,0,0,0,750.7646,1.938,1.75080400490743,1.16920464195356,2018-07-04,15437.7618,0.44133,0.383949608440191,30.8993160516522,2.86626257306968
"AC",29,0.199040064519015,22.656,16.6257,2.268,"1200500",5.5866,24.603,0.962,0.023,0,0,0.985,636.2319,1.656,1.75080400490743,1.20506368186176,2018-07-04,14838.7149,0.42972,0.383949608440191,30.8993160516522,2.86626257306968
"AC",28,0.0954449648900161,61.734,46.4144,0.784,"1200500",18.1859,29.393,0.179,2.179,0,0,2.358,1575.4206,3.967,1.75080400490743,1.42508783194766,2019-06-06,16803.6834,0.4722,0.383949608440191,30.8993160516522,2.86626257306968
"AC",20,0.0370247665790427,78.787,60.5969,0.429,"1200500",23.4633,29.714,1.579,1.953,0.408,0.447,4.387,1579.9538,3.847,1.75080400490743,1.34231547060213,2019-06-06,19641.5926,0.53263,0.383949608440191,30.8993160516522,2.86626257306968
"AC",6,0.0268728739282632,71.659,33.0491,0.236,"1200500",41.2675,57.461,0.088,1.674,0,0.48,2.242,1777.3853,4.269,1.75080400490743,1.46091041062206,2019-06-06,20022.5181,0.54038,0.383949608440191,30.8993160516522,2.86626257306968
"AC",21,0.0867006366155363,63.777,52.9458,0.516,"1200500",10.7624,16.837,0.834,0,0,0,0.834,1160.7071,3.059,1.75080400490743,1.40873900796093,2019-06-06,15266.8928,0.42933,0.383949608440191,30.8993160516522,2.86626257306968
"AC",259,0.262733239871828,199.772,156.6139,2.15,"1200500",48.2134,24.08,0,0,0,0,0,516.576,1.196,1.75080400490743,1.10276493110492,2018-07-04,22872.2325,0.57558,0.383949608440191,30.8993160516522,2.86626257306968
"AC",32,0.0680526462342176,77.251,74.7175,0.557,"1200500",0.0352,0.045,0,0,0,0,0,680.6315,1.739,1.75080400490743,1.18645981465156,2018-07-04,15218.4869,0.42788,0.383949608440191,30.8993160516522,2.86626257306968
"AC",6,0.02,63.948,36.0877,0.216,"1200500",25.5369,39.845,0.683,0,0,0.416,1.099,1458.659,3.717,1.75080400490743,1.35820793215026,2019-06-06,17036.7654,0.47792,0.383949608440191,30.8993160516522,2.86626257306968
"AC",50,0.104186720499858,68.963,65.7822,0.988,"1200500",3.0014,4.343,1.027,0.884,0,0.109,2.02,1931.4004,4.732,1.75080400490743,1.39766234405939,2019-06-06,22697.0333,0.62887,0.383949608440191,30.8993160516522,2.86626257306968
"AC",36,0.135272017012018,62.078,49.686,0.942,"1200500",12.3387,19.832,0,0,0,0,0,675.0939,1.742,1.75080400490743,1.13724874504949,2018-07-04,17925.1878,0.50718,0.383949608440191,30.8993160516522,2.86626257306968
"AC",49,0.179958274425234,93.646,73.2853,0.869,"1200500",20.1917,21.514,0,0,0,0,0,533.1525,1.311,1.75080400490743,1.09541385536522,2018-07-04,20407.7355,0.55046,0.383949608440191,30.8993160516522,2.86626257306968
"AC",11,0.00952380952380952,69.29,38.3423,0.373,"1200500",34.3661,49.486,3.454,0.768,2.687,0,6.909,1860.284,4.541,1.75080400490743,1.41760807546689,2019-06-06,21593.9671,0.59988,0.383949608440191,30.8993160516522,2.86626257306968
"AC",45,0.225403712941195,60.649,46.1802,1.267,"1200500",12.3762,20.361,0,0,0,0,0,434.4027,1.117,1.75080400490743,1.16576457644558,2018-07-04,19369.5868,0.54308,0.383949608440191,30.8993160516522,2.86626257306968
"AC",20,0.0761904761904762,30.901,23.2507,1.118,"1200500",10.1281,32.703,5.91,5.515,0,0.082,11.507,1768.7791,4.562,1.75080400490743,1.46478982757158,2019-06-06,18227.6385,0.52858,0.383949608440191,30.8993160516522,2.86626257306968
"AC",32,0.0635497241523272,78.1,44.4332,0.936,"1200500",31.5335,40.286,0,0,0,0,0,708.4096,1.825,1.75080400490743,1.12968219794777,2018-07-04,18113.2279,0.50915,0.383949608440191,30.8993160516522,2.86626257306968
"AC",6,0.0136060268609962,88.351,29.3516,0.266,"1200500",68.7533,77.644,0,2.367,1.806,2.257,6.43,1916.1037,4.674,1.75080400490743,1.40933948205262,2019-06-06,22900.0534,0.6351,0.383949608440191,30.8993160516522,2.86626257306968
"AC",10,0.124270912482269,45.839,43.8298,0.297,"1200500",1.6923,3.684,0,0,0.467,0.742,1.209,763.2961,2.001,1.75080400490743,1.11256206917095,2018-07-04,17212.3694,0.49342,0.383949608440191,30.8993160516522,2.86626257306968
"AC",13,0.0242424242424242,101.255,62.0715,0.272,"1200500",32.9628,32.481,0,0,0,0,0,1282.0226,3.173,1.75080400490743,1.42697952869282,2019-06-06,16258.4486,0.43826,0.383949608440191,30.8993160516522,2.86626257306968
"AC",12,0.0827874569969448,31.444,23.5841,0.661,"1200500",10.2157,32.416,12.525,3.351,0,0.207,16.083,1667.635,4.236,1.75080400490743,1.43772355380086,2019-06-06,16918.1441,0.48249,0.383949608440191,30.8993160516522,2.86626257306968
"AC",35,0.114982991426106,56.762,43.9923,1.034,"1200500",13.7898,24.24,1.249,0.937,2.55,0,4.736,484.1028,1.253,1.75080400490743,1.1474528902763,2018-07-04,19248.1889,0.54485,0.383949608440191,30.8993160516522,2.86626257306968
"AC",21,0.0549592907493056,69.124,41.7927,0.653,"1200500",33.9253,48.969,1.034,5.992,0,0.577,7.603,393.6107,1.016,1.75080400490743,1.16242487165719,2018-07-04,20071.8775,0.56575,0.383949608440191,30.8993160516522,2.86626257306968
"AC",20,0.0742611453946493,68.444,60.2573,0.431,"1200500",10.7401,15.657,4.144,2.659,0,0,6.803,1993.8705,4.932,1.75080400490743,1.36526225940786,2019-06-06,20556.1687,0.56855,0.383949608440191,30.8993160516522,2.86626257306968
"AC",58,0.0967867130529235,68.731,28.3749,2.657,"1200500",44.5871,64.727,0,0,0.113,0.073,0.186,1894.2068,4.517,1.75080400490743,1.42183994622824,2019-06-06,20618.1853,0.55765,0.383949608440191,30.8993160516522,2.86626257306968
"AC",16,0.0378679978109207,74.945,36.129,0.576,"1200500",41.5151,55.27,0.71,0,3.075,0,3.785,639.9937,1.608,1.75080400490743,1.16164423519859,2018-07-04,17418.301,0.48728,0.383949608440191,30.8993160516522,2.86626257306968
"AC",44,0.0918338164237647,114.566,98.8117,0.579,"1200500",16.0997,14.021,0,0,0,0,0,1993.3219,4.758,1.75080400490743,1.39842438533231,2019-06-06,22360.2077,0.602,0.383949608440191,30.8993160516522,2.86626257306968
"AC",14,0.0779039102362461,74.535,61.7346,0.295,"1200500",30.9833,41.476,0.832,8.794,6.897,0.898,17.421,1816.7368,4.417,1.75080400490743,1.39851501560314,2019-06-06,24244.9269,0.66972,0.383949608440191,30.8993160516522,2.86626257306968
"AC",35,0.212245903643796,48.748,39.6419,1.148,"1200500",8.4389,17.272,0,0,0,0,0,310.1997,0.802,1.75080400490743,1.14400500542036,2018-07-04,21575.8563,0.61294,0.383949608440191,30.8993160516522,2.86626257306968
"AC",20,0.0612431982784397,68.772,47.5441,0.547,"1200500",24.1306,35.01,2.062,2.073,2.05,0,6.185,1711.2254,4.203,1.75080400490743,1.45272066937066,2019-06-06,22666.2911,0.63762,0.383949608440191,30.8993160516522,2.86626257306968
"AC",9,0.0330743063732471,61.871,42.6655,0.274,"1200500",17.343,27.968,0,0,0,0,0,1789.9828,4.532,1.75080400490743,1.37817031170016,2019-06-06,17841.0123,0.50293,0.383949608440191,30.8993160516522,2.86626257306968
"AC",8,0.0117647058823529,49.691,39.3829,0.264,"1200500",10.5435,21.171,3.568,0,1.345,0,4.913,601.389,1.556,1.75080400490743,1.1994464818123,2018-07-04,15532.0381,0.44486,0.383949608440191,30.8993160516522,2.86626257306968
"AC",51,0.0745491146352929,83.431,53.1576,1.247,"1200500",31.331,37.469,0,0,0,0,0,374.0085,0.942,1.75080400490743,1.13647388702136,2018-07-04,21179.8833,0.58271,0.383949608440191,30.8993160516522,2.86626257306968
"AC",48,0.191528207530726,48.021,37.2506,1.675,"1200500",9.2447,19.208,0,0,0,0,0,668.5121,1.722,1.75080400490743,1.15536755570625,2018-07-04,16684.9467,0.47737,0.383949608440191,30.8993160516522,2.86626257306968
"AC",58,0.104433842382051,62.507,34.1817,2.206,"1200500",30.431,48.575,0,0,0,0,0,1467.8692,3.713,1.75080400490743,1.42993722094113,2019-06-06,16466.0121,0.46319,0.383949608440191,30.8993160516522,2.86626257306968
"AC",9,0.0584279326771846,49.798,45.8365,0.255,"1200500",6.9514,13.928,0.994,1.617,0,0.614,3.225,1376.23,3.519,1.75080400490743,1.44015127460316,2019-06-06,16158.1102,0.45269,0.383949608440191,30.8993160516522,2.86626257306968
"AC",63,0.147285449784967,67.274,54.1551,1.512,"1200500",17.6596,26.192,3.281,6.5,0.013,0,9.794,647.6795,1.585,1.75080400490743,1.20668062775475,2018-07-04,16250.1703,0.44238,0.383949608440191,30.8993160516522,2.86626257306968
"AC",48,0.0917677200926065,47.255,26.7704,2.331,"1200500",20.7714,43.858,0,0,0,0,0,802.9484,2.086,1.75080400490743,1.14332116953839,2018-07-04,16374.8439,0.46825,0.383949608440191,30.8993160516522,2.86626257306968
"AC",32,0.0868870940178784,94.876,92.54,0.45,"1200500",0,0,0,0,0,0,0,727.2939,1.825,1.75080400490743,1.17694912784677,2018-07-04,15691.7082,0.43576,0.383949608440191,30.8993160516522,2.86626257306968
"AC",29,0.0824340462710554,61.828,38.6941,0.974,"1200500",25.2099,40.683,0.046,0,0,0,0.046,1406.5661,3.603,1.75080400490743,1.42575979243869,2019-06-06,15831.6991,0.44562,0.383949608440191,30.8993160516522,2.86626257306968
"AC",12,0.0641116440327433,50.781,40.0382,0.39,"1200500",23.662,46.492,7.541,8.556,3.172,1.397,20.666,1414.7686,3.61,1.75080400490743,1.44664805384485,2019-06-06,16318.8879,0.45807,0.383949608440191,30.8993160516522,2.86626257306968
"AC",10,0.0743048983266238,70.687,37.8024,0.344,"1200500",44.0074,62.118,0.752,1.855,9.154,1.317,13.078,1935.0562,4.752,1.75080400490743,1.38138584127343,2019-06-06,23259.3399,0.64222,0.383949608440191,30.8993160516522,2.86626257306968
"AC",64,0.114159624264925,71.657,70.7364,1.176,"1200500",2.699,3.758,0.002,1.732,0,0.272,2.006,1956.3313,4.8,1.75080400490743,1.39690361846299,2019-06-06,22240.0316,0.61589,0.383949608440191,30.8993160516522,2.86626257306968
"AC",12,0.130306285728674,61.642,44.0132,0.354,"1200500",18.2778,29.585,0,0,0,0,0,458.7847,1.192,1.75080400490743,1.10901593658253,2018-07-04,18978.5262,0.53544,0.383949608440191,30.8993160516522,2.86626257306968
"AC",6,0.0299955629807233,69.518,34.9237,0.223,"1200500",39.8494,57.194,0,1.148,1.658,1.569,4.375,1865.2899,4.688,1.75080400490743,1.4974145887258,2019-06-06,21368.3994,0.60082,0.383949608440191,30.8993160516522,2.86626257306968
"AC",19,0.111111111111111,30.642,13.1759,1.875,"1200500",20.5624,66.955,0.786,4.447,0,0,5.233,1261.5599,3.306,1.75080400490743,1.15597266957312,2018-07-04,15136.336,0.43555,0.383949608440191,30.8993160516522,2.86626257306968
"AC",5,0.0778498534683311,43.074,39.5224,0.164,"1200500",7.6315,17.678,2.058,1.235,0,0.724,4.017,645.2213,1.696,1.75080400490743,1.10810467034795,2018-07-04,17610.6915,0.50587,0.383949608440191,30.8993160516522,2.86626257306968
"AC",89,0.175456011907095,81.141,78.998,1.465,"1200500",0.8801,1.082,0,0,0,0.053,0.053,721.8846,1.799,1.75080400490743,1.10365314153531,2018-07-04,18583.188,0.50675,0.383949608440191,30.8993160516522,2.86626257306968
"AC",15,0.0592832844894437,61.477,53.2992,0.366,"1200500",7.8553,12.749,0,0,0,0,0,1153.4467,3.021,1.75080400490743,1.41321861075651,2019-06-06,15361.6256,0.43294,0.383949608440191,30.8993160516522,2.86626257306968
"AC",11,0.0287082869338697,62.104,18.2267,0.785,"1200500",44.7406,71.881,0,0,0,0.016,0.016,1599.0867,4.083,1.75080400490743,1.38412679513208,2019-06-06,16856.5314,0.4746,0.383949608440191,30.8993160516522,2.86626257306968
"AC",16,0.192921371828895,62.132,46.8809,0.444,"1200500",15.3044,24.577,0,0,0,0,0,360.9368,0.929,1.75080400490743,1.12983334975177,2018-07-04,20367.3912,0.57521,0.383949608440191,30.8993160516522,2.86626257306968
"AC",14,0.0287819798982611,36.09,20.6532,0.881,"1200500",21.9148,60.587,1.474,6.142,3.685,1.106,12.407,1789.766,4.611,1.75080400490743,1.47415834064733,2019-06-06,18348.2163,0.52845,0.383949608440191,30.8993160516522,2.86626257306968
"AC",85,0.159693151491385,58.189,39.3609,2.807,"1200500",18.0977,31.032,0,0,0,0,0,260.2153,0.672,1.75080400490743,1.10621517662315,2018-07-04,21835.7193,0.61019,0.383949608440191,30.8993160516522,2.86626257306968
"AC",7,0.0657312562120134,80.323,64.1671,0.142,"1200500",17.3418,21.542,0,0,0,0,0,809.1233,2.052,1.75080400490743,1.12935317460423,2018-07-04,17710.0742,0.49429,0.383949608440191,30.8993160516522,2.86626257306968
"AC",26,0.097692413603932,61.82,48.0221,0.704,"1200500",17.107,27.611,0.724,2.976,0,0,3.7,1572.798,3.967,1.75080400490743,1.42531825176404,2019-06-06,16761.3641,0.47188,0.383949608440191,30.8993160516522,2.86626257306968
"AC",10,0.0328522832646017,62.652,33.1601,0.392,"1200500",30.4032,48.419,0,0,0,0,0,1106.4917,2.901,1.75080400490743,1.40553599913606,2019-06-06,15242.4859,0.4294,0.383949608440191,30.8993160516522,2.86626257306968
"AC",59,0.109761852186998,63.454,57.8487,1.326,"1200500",3.4891,5.486,0,0,0,0,0,1482.1349,3.783,1.75080400490743,1.36302087203173,2019-06-06,16892.5195,0.47367,0.383949608440191,30.8993160516522,2.86626257306968
"AC",13,0.110075069564679,30.897,9.43,1.792,"1200500",21.1716,68.37,0,0,0,0,0,1787.5768,4.571,1.75080400490743,1.4345667899519,2019-06-06,17492.5785,0.50528,0.383949608440191,30.8993160516522,2.86626257306968
"AC",27,0.0456357922336736,61.216,54.9003,0.639,"1200500",6.4695,10.545,0,0,0,0,0,1553.3017,3.953,1.75080400490743,1.35266880042756,2019-06-06,17650.4623,0.49687,0.383949608440191,30.8993160516522,2.86626257306968
"AC",18,0.0613242620939232,71.846,37.4608,0.625,"1200500",34.4665,47.866,2.002,0.064,0,0,2.066,1847.0903,4.386,1.75080400490743,1.43023830471908,2019-06-06,20730.9707,0.55881,0.383949608440191,30.8993160516522,2.86626257306968
"AC",28,0.179009222699506,54.829,44.2119,0.823,"1200500",10.2124,18.584,0,0,0,0,0,654.2841,1.702,1.75080400490743,1.09023416357592,2018-07-04,18291.0919,0.52018,0.383949608440191,30.8993160516522,2.86626257306968
"AC",131,0.0916145647958961,101.157,43.0678,3.954,"1200500",62.2794,61.429,0,0.526,0,0,0.526,1410.9857,3.481,1.75080400490743,1.43960704937646,2019-06-06,16774.7141,0.45149,0.383949608440191,30.8993160516522,2.86626257306968
"AC",35,0.0860993424341866,73.713,48.5512,0.937,"1200500",30.3038,41.019,0.148,1.204,1.323,0,2.675,1545.1799,3.763,1.75080400490743,1.33953192451601,2019-06-06,19800.3961,0.53779,0.383949608440191,30.8993160516522,2.86626257306968
"AC",6,0.0387188619550547,65.941,28.4354,0.274,"1200500",25.2412,38.193,0,0,0,0,0,751.2058,1.889,1.75080400490743,1.15891325852827,2018-07-04,16643.2655,0.46362,0.383949608440191,30.8993160516522,2.86626257306968
"AC",5,0.0379381749575481,53.62,41.0508,0.158,"1200500",19.4696,36.229,1.953,1.641,2.461,1.501,7.556,2048.4452,5.014,1.75080400490743,1.36761453296918,2019-06-06,21904.7245,0.59978,0.383949608440191,30.8993160516522,2.86626257306968
"AC",19,0.0386912151546363,69.984,34.9185,0.707,"1200500",30.9293,44.096,0,2.026,0.905,0,2.931,1803.1301,4.08,1.75080400490743,1.41383532536448,2019-06-06,26816.1113,0.69224,0.383949608440191,30.8993160516522,2.86626257306968
"AC",49,0.135840710029291,90.67,90.4608,0.704,"1200500",0.0425,0.047,0,0,0,0,0,680.8554,1.725,1.75080400490743,1.18005859683054,2018-07-04,16072.0444,0.44771,0.383949608440191,30.8993160516522,2.86626257306968
"AC",20,0.0522474487139159,63.609,49.1573,0.529,"1200500",12.7581,20.012,0,0,0,0.407,0.407,1391.8248,3.468,1.75080400490743,1.36103302085992,2019-06-06,17196.6725,0.46972,0.383949608440191,30.8993160516522,2.86626257306968
"AC",14,0.0701988732869278,42.688,17.6788,1.029,"1200609",30.2554,70.718,0,0,0.662,0.248,0.91,1045.4406,2.473,1.7034677154177,0.17935420575541,2019-07-28,28720.0942,0.82411,0.433165846065887,31.3740559545026,3.13639639286774
"AC",77,0.165693466038242,92.04,59.0592,1.695,"1200609",40.4507,43.851,0,1.739,0.676,0.338,2.753,672.5982,1.615,1.7034677154177,0.106938548114551,2019-07-28,24206.9282,0.66295,0.433165846065887,31.3740559545026,3.13639639286774
"AC",15,0.065692168053237,53.025,25.3483,0.769,"1200609",32.278,60.737,0,0,1.006,0.503,1.509,668.6523,1.627,1.7034677154177,0.109738741977275,2019-07-28,23995.1291,0.6657,0.433165846065887,31.3740559545026,3.13639639286774
"AC",9,0.039344262295082,98.262,34.0741,0.343,"1200609",76.4068,77.585,0,0,0,0.566,0.566,585.8321,1.447,1.7034677154177,0.120231710830507,2019-07-28,24639.3273,0.68256,0.433165846065887,31.3740559545026,3.13639639286774
"AC",60,0.090538644514165,136.881,63.7473,1.224,"1200609",90.5617,66.013,0,0.455,4.937,1.508,6.9,682.2913,1.625,1.7034677154177,0.113939124550685,2019-07-28,24893.4002,0.67311,0.433165846065887,31.3740559545026,3.13639639286774
"AC",40,0.106659446751266,45.488,21.2437,2.448,"1200609",30.451,66.793,0,0,6.334,4.742,11.076,1104.9729,2.636,1.7034677154177,0.150546744476478,2019-07-28,27070.4266,0.77268,0.433165846065887,31.3740559545026,3.13639639286774
"AC",5,0.0181443684650606,44.237,10.91,0.596,"1200609",38.0123,85.738,0,0,11.852,0,11.852,960.3919,2.287,1.7034677154177,0.137571999196052,2019-07-28,26619.3725,0.76134,0.433165846065887,31.3740559545026,3.13639639286774
"AC",12,0.0469416096821288,44.914,23.7383,0.657,"1200609",20.8988,46.427,0,0,0.131,0.165,0.296,1034.7246,2.457,1.7034677154177,0.155193921539288,2019-07-28,28242.3412,0.80806,0.433165846065887,31.3740559545026,3.13639639286774
"AC",9,0.0614434493427831,44.481,21.8387,0.536,"1200609",28.745,64.479,0,1.489,8.152,0.999,10.64,1106.3796,2.649,1.7034677154177,0.1544828183467,2019-07-28,27279.8471,0.78026,0.433165846065887,31.3740559545026,3.13639639286774
"AC",94,0.176610575418617,100.588,68.6596,1.78,"1200609",42.7011,42.357,2.829,5.657,0,0.354,8.84,598.3114,1.434,1.7034677154177,0.149027740328526,2019-07-28,29197.468,0.79753,0.433165846065887,31.3740559545026,3.13639639286774
"AC",15,0.0415401420836203,53.501,26.9767,0.723,"1200609",32.878,61.316,0,3.522,4.131,1.942,9.595,1042.173,2.438,1.7034677154177,0.127345036898193,2019-07-28,25910.8938,0.72707,0.433165846065887,31.3740559545026,3.13639639286774
"AC",23,0.153192168053237,41.491,35.4134,0.844,"1200609",6.9568,16.73,3.855,0,0,0,3.855,937.9349,2.217,1.7034677154177,0.14301012095573,2019-07-28,27319.2428,0.78407,0.433165846065887,31.3740559545026,3.13639639286774
"AC",5,0.0687786013839366,50.396,18.8331,0.345,"1200609",34.9505,69.197,0.072,0,4.898,1.028,5.998,1129.9548,2.676,1.7034677154177,0.158560730690442,2019-07-28,28058.5796,0.79707,0.433165846065887,31.3740559545026,3.13639639286774
"AC",56,0.133366169176078,48.892,23.3102,3.123,"1200609",25.7733,52.598,0,0.002,0,0,0.002,956.9332,2.253,1.7034677154177,0.146275112102203,2019-07-28,27850.0506,0.79495,0.433165846065887,31.3740559545026,3.13639639286774
"AC",15,0.0574822405146461,47.749,21.5199,0.906,"1200609",31.5118,65.848,0,0,1.117,1.811,2.928,1044.7865,2.479,1.7034677154177,0.133317938319894,2019-07-28,26065.0778,0.74131,0.433165846065887,31.3740559545026,3.13639639286774
"AC",17,0.0257841025556124,51.294,21.4035,1.033,"1200609",34.0667,66.266,0,1.039,0,2.822,3.861,1041.4329,2.463,1.7034677154177,0.145830787842937,2019-07-28,27134.3301,0.77162,0.433165846065887,31.3740559545026,3.13639639286774
"AC",34,0.166865191313608,40.729,25.9192,1.705,"1200609",33.8807,83,0,4.145,14.426,3.291,21.862,1040.8394,2.464,1.7034677154177,0.175170142487735,2019-07-28,28601.5088,0.82192,0.433165846065887,31.3740559545026,3.13639639286774
"AC",26,0.102716528146129,86.933,54.9959,0.615,"1200609",36.8687,42.316,0.613,0.613,0,0.358,1.584,1053.4088,2.422,1.7034677154177,0.170586280972996,2019-07-28,29447.0982,0.82139,0.433165846065887,31.3740559545026,3.13639639286774
"AC",6,0.0733620351004254,44.535,10.7427,0.726,"1200609",36.3674,81.478,1.197,0,0,0,1.197,1078.9253,2.554,1.7034677154177,0.170730329156396,2019-07-28,28622.4853,0.81637,0.433165846065887,31.3740559545026,3.13639639286774
"AC",5,0.0403093108923949,49.865,36.9819,0.176,"1200609",17.9975,36.012,0,1.514,0,0.004,1.518,1093.3415,2.601,1.7034677154177,0.15015912048084,2019-07-28,27377.6683,0.77906,0.433165846065887,31.3740559545026,3.13639639286774
"AC",65,0.191715868898158,46.414,30.2481,2.794,"1200609",28.0922,60.39,1.34,9.918,3.196,0.662,15.116,1081.3239,2.576,1.7034677154177,0.150304615439756,2019-07-28,27665.8618,0.7899,0.433165846065887,31.3740559545026,3.13639639286774
"AC",31,0.0244791373888135,324.132,76.9258,0.524,"1200609",245.6502,75.618,0.411,0.164,0,0.24,0.815,1156.7361,2.409,1.7034677154177,0.165345998129536,2019-07-28,32569.7539,0.81886,0.433165846065887,31.3740559545026,3.13639639286774
"AC",48,0.0765270199865622,100.848,47.3639,1.317,"1200609",54.8963,54.313,1.587,0,0,0,1.587,558.2804,1.351,1.7034677154177,0.130242934063067,2019-07-28,25511.5213,0.70533,0.433165846065887,31.3740559545026,3.13639639286774
"AC",9,0.0492784248969026,43.048,15.9235,0.735,"1200609",33.2842,77.146,1.239,1.239,2.683,3.861,9.022,1240.8395,2.869,1.7034677154177,0.159917292359399,2019-07-28,27986.0825,0.77172,0.433165846065887,31.3740559545026,3.13639639286774
"AC",26,0.0820429875540716,70.902,37.787,0.894,"1200609",48.4515,68.183,0.877,7.883,4.504,1.094,14.358,1090.2775,2.525,1.7034677154177,0.149384703782432,2019-07-28,28529.1654,0.79118,0.433165846065887,31.3740559545026,3.13639639286774
"AC",121,0.163661183687832,100.944,54.4115,2.891,"1200609",55.4997,54.858,0.93,4.38,0.938,0.108,6.356,1084.2944,2.411,1.7034677154177,0.148206142674178,2019-07-28,29854.1695,0.79759,0.433165846065887,31.3740559545026,3.13639639286774
"AC",12,0.0710531503923878,84.04,60.9883,0.256,"1200609",23.2246,27.574,0,0,0,0,0,949.4115,2.215,1.7034677154177,0.116126942078366,2019-07-28,25864.0098,0.72255,0.433165846065887,31.3740559545026,3.13639639286774
"AC",105,0.0325326331580235,753.101,243.8419,0.56,"1200609",506.5645,67.113,0,0.034,0.236,0.025,0.295,1054.0976,1.786,1.7034677154177,0.143286582322241,2019-07-28,39628.3905,0.76706,0.433165846065887,31.3740559545026,3.13639639286774
"AC",58,0.0868392792143653,85.477,56.5241,1.334,"1200609",34.8867,40.723,4.574,2.287,2.391,1.092,10.344,1026.8113,2.377,1.7034677154177,0.14929588447528,2019-07-28,28491.4465,0.79581,0.433165846065887,31.3740559545026,3.13639639286774
"AC",14,0.0630853426485437,82.915,66.0432,0.276,"1200708",5.0012,6.018,1.299,0,0,0,1.299,1821.7097,4.327,2.07852374537938,0.475224306584815,2019-08-22,15241.4095,0.41444,0.366720603341642,32.0365237703729,5.36567396543108
"AC",19,0.0397807201206363,67.765,38.3393,0.644,"1200708",30.0804,44.29,5.598,0,0,0,5.598,1083.6129,2.644,2.07852374537938,0.467779130770309,2019-08-22,22343.8986,0.62571,0.366720603341642,32.0365237703729,5.36567396543108
"AC",78,0.0951211051599745,261.202,185.3879,0.547,"1200708",101.5168,38.778,0.541,1.588,0.765,1.563,4.457,1983.0166,4.4,2.07852374537938,0.501951541039916,2019-08-22,19588.5067,0.49705,0.366720603341642,32.0365237703729,5.36567396543108
"AC",30,0.210920920483528,25.105,19.2657,2.024,"1200708",1.3332,5.299,0,0,0,0,0,1222.7781,3.098,2.07852374537938,0.495108649206141,2019-08-22,20872.0708,0.61392,0.366720603341642,32.0365237703729,5.36567396543108
"AC",42,0.0593265299037757,153.648,105.1346,0.519,"1200708",48.9016,31.756,0.804,0.394,0.724,0,1.922,1470.1517,3.381,2.07852374537938,0.460519913875717,2019-08-22,20405.2038,0.54193,0.366720603341642,32.0365237703729,5.36567396543108
"AC",45,0.156137348820301,114.159,101.7745,0.575,"1200708",54.6021,47.723,8.278,9.378,2.706,4.125,24.487,2081.2022,4.966,2.07852374537938,0.513578290704993,2019-08-22,18527.5112,0.50839,0.366720603341642,32.0365237703729,5.36567396543108
"AC",31,0.0772224712530597,68.847,43.4489,0.928,"1200708",19.331,28.015,1.676,0,0,0,1.676,1302.5052,3.109,2.07852374537938,0.491584324762293,2019-08-22,22019.5479,0.61004,0.366720603341642,32.0365237703729,5.36567396543108
"AC",11,0.127128278365234,26.561,26.6207,0.537,"1200708",0,0,0,0,0,0,0,1603.6127,4.053,2.07852374537938,0.469039581702865,2019-08-22,15868.4837,0.46148,0.366720603341642,32.0365237703729,5.36567396543108
"AC",22,0.0560908153700972,143.798,73.7683,0.388,"1200708",82.102,56.968,0.491,1.048,1.105,0.767,3.411,1382.8898,3.244,2.07852374537938,0.466575617218543,2019-08-22,21144.0041,0.57175,0.366720603341642,32.0365237703729,5.36567396543108
"AC",14,0.101546554461974,44.866,39.6405,0.459,"1200708",13.3968,29.793,0,0,9.985,0.531,10.516,1045.3228,2.617,2.07852374537938,0.436774013972516,2019-08-22,21661.4777,0.62556,0.366720603341642,32.0365237703729,5.36567396543108
"AC",29,0.164157324708292,39.958,37.2215,1.013,"1200708",5.2945,13.221,6.281,0.231,1.701,0.688,8.901,1434.9322,3.592,2.07852374537938,0.453266326867764,2019-08-22,15278.4941,0.44067,0.366720603341642,32.0365237703729,5.36567396543108
"AC",30,0.0880325380024054,38.87,34.1294,1.143,"1200708",5.4539,14,3.14,1.155,0,0,4.295,1094.3687,2.74,2.07852374537938,0.45509190422507,2019-08-22,21141.4289,0.60709,0.366720603341642,32.0365237703729,5.36567396543108
"AC",36,0.116464502116658,98.176,96.151,0.487,"1200708",3.4227,3.479,4.675,0.719,0,0,5.394,1569.267,3.755,2.07852374537938,0.461103408514397,2019-08-22,16838.2308,0.46374,0.366720603341642,32.0365237703729,5.36567396543108
"AC",18,0.109654325663128,67.309,42.8024,0.547,"1200708",31.9832,47.411,0.918,2.754,2.229,0.656,6.557,1689.4059,4.153,2.07852374537938,0.492231390439404,2019-08-22,17872.8931,0.50608,0.366720603341642,32.0365237703729,5.36567396543108
"AC",53,0.159639109790518,72.424,60.2098,1.144,"1200708",8.4076,11.583,0,0,0,0,0,1897.9612,4.642,2.07852374537938,0.526656409271794,2019-08-22,20638.9821,0.58348,0.366720603341642,32.0365237703729,5.36567396543108
"AC",85,0.127566014442952,92.456,69.2792,1.595,"1200708",26.4138,28.505,0,2.605,0.058,0.039,2.702,1837.6069,4.449,2.07852374537938,0.497747850619697,2019-08-22,17464.3984,0.48594,0.366720603341642,32.0365237703729,5.36567396543108
"AC",24,0.135758369027902,28.959,22.4748,1.388,"1200708",9.8831,34.052,8.839,2.438,0,1.101,12.378,1097.2264,2.78,2.07852374537938,0.448099845111438,2019-08-22,20598.9589,0.59874,0.366720603341642,32.0365237703729,5.36567396543108
"AC",77,0.270567294004832,118.809,102.9206,0.973,"1200708",2.5162,2.113,0,0,0,0,0,1650.4495,3.856,2.07852374537938,0.490573366308948,2019-08-22,20094.5528,0.54177,0.366720603341642,32.0365237703729,5.36567396543108
"AC",196,0.0963216686106303,216.581,190.3301,1.339,"1200708",27.7871,12.801,0,0,0,0,0,1817.0668,4.13,2.07852374537938,0.485602434737132,2019-08-22,18776.299,0.49088,0.366720603341642,32.0365237703729,5.36567396543108
"AC",35,0.1767833489453,89.285,75.9519,0.599,"1200708",10.7719,12.038,0,0,0,0,0,1691.6315,3.998,2.07852374537938,0.489420123856065,2019-08-22,19327.9878,0.52727,0.366720603341642,32.0365237703729,5.36567396543108
"AC",5,0.113529177036457,34.684,34.7619,0.187,"1200708",1.2448,3.581,3.221,3.552,0,0,6.773,1398.1822,3.515,2.07852374537938,0.511476679783244,2019-08-22,20632.9506,0.60005,0.366720603341642,32.0365237703729,5.36567396543108
"AC",13,0.0590160216070654,82.66,33.8511,0.499,"1200708",51.0768,61.653,1.708,1.708,0,0,3.416,1914.5942,4.626,2.07852374537938,0.501855692788664,2019-08-22,17215.0447,0.47629,0.366720603341642,32.0365237703729,5.36567396543108
"AC",6,0.0741581623797196,49.286,40.6815,0.192,"1200708",10.3847,21.023,1.433,4.119,0,0,5.552,1161.3324,2.902,2.07852374537938,0.461394009712327,2019-08-22,20744.8671,0.59221,0.366720603341642,32.0365237703729,5.36567396543108
"AC",41,0.0921511168848517,131.149,85.8142,0.621,"1200708",39.3749,29.956,0,0,0,0.112,0.112,2101.2821,4.886,2.07852374537938,0.526145560033186,2019-08-22,21076.2077,0.5648,0.366720603341642,32.0365237703729,5.36567396543108
"AC",28,0.171505289028512,35.732,32.3133,1.126,"1200708",11.3048,31.567,2.47,17.846,1.482,0.927,22.725,1194.417,2.951,2.07852374537938,0.435412440214514,2019-08-22,19648.6431,0.56576,0.366720603341642,32.0365237703729,5.36567396543108
"AC",40,0.14477364524941,49.406,49.2444,1.056,"1200708",6.5115,13.15,1.072,5.481,2.467,0.788,9.808,1785.0935,4.419,2.07852374537938,0.500508693885497,2019-08-22,17793.481,0.50671,0.366720603341642,32.0365237703729,5.36567396543108
"AC",49,0.0754207960805055,153.213,107.147,0.595,"1200708",47.2034,30.74,0.806,0.299,0.691,0,1.796,1482.8671,3.41,2.07852374537938,0.460880103942414,2019-08-22,20379.8272,0.54084,0.366720603341642,32.0365237703729,5.36567396543108
"AC",8,0.0486753942851561,77.653,64.7899,0.161,"1200708",10.498,13.489,0,0.255,0,0.341,0.596,1922.6577,4.597,2.07852374537938,0.486362327730581,2019-08-22,15275.7204,0.41826,0.366720603341642,32.0365237703729,5.36567396543108
"AC",32,0.0944734489645962,69.22,52.0594,0.799,"1200708",18.2661,26.329,2.425,0,3.423,0.446,6.294,1645.0641,4.037,2.07852374537938,0.473567679973194,2019-08-22,16774.5894,0.47453,0.366720603341642,32.0365237703729,5.36567396543108
"AC",83,0.174211723812832,109.953,110.1989,0.979,"1200708",0,0,0,0,0,0,0,1920.7588,4.638,2.07852374537938,0.492147935043995,2019-08-22,15927.533,0.44027,0.366720603341642,32.0365237703729,5.36567396543108
"AC",15,0.0981281644215583,48.97,49.0483,0.398,"1200708",0,0,0,0,0,0,0,1202.1595,2.973,2.07852374537938,0.444569145582272,2019-08-22,19759.5891,0.56339,0.366720603341642,32.0365237703729,5.36567396543108
"AC",19,0.119231480375539,37.566,29.9221,0.825,"1200708",14.29,37.955,0,9.708,0.125,0,9.833,1119.1713,2.768,2.07852374537938,0.43081133033194,2019-08-22,21584.2576,0.6209,0.366720603341642,32.0365237703729,5.36567396543108
"AC",33,0.168721012920988,36.958,37.0411,1.158,"1200708",0,0,0,0,0,0,0,1695.3073,4.268,2.07852374537938,0.500578182065511,2019-08-22,17753.9643,0.51457,0.366720603341642,32.0365237703729,5.36567396543108
"AC",57,0.206809287846463,56.303,52.4217,1.414,"1200708",7.3574,13.038,4.952,1.254,0,0.47,6.676,1326.8926,3.262,2.07852374537938,0.497907175767934,2019-08-22,21580.6251,0.61462,0.366720603341642,32.0365237703729,5.36567396543108
"AC",5,0.0541335963557964,85.958,55.3843,0.117,"1200708",38.8996,45.153,0.646,0.84,0.919,2.778,5.183,1780.737,4.318,2.07852374537938,0.509764975680485,2019-08-22,19161.8968,0.53378,0.366720603341642,32.0365237703729,5.36567396543108
"AC",52,0.116151728299092,110.797,86.214,0.784,"1200708",26.5411,23.901,0,0.558,0,0,0.558,1845.3814,4.14,2.07852374537938,0.479146451783163,2019-08-22,18714.7577,0.48254,0.366720603341642,32.0365237703729,5.36567396543108
"AC",17,0.0786441874690089,77.815,67.8636,0.326,"1200708",8.1981,10.512,0,0.051,0,0.34,0.391,1924.8114,4.6,2.07852374537938,0.485724232242454,2019-08-22,15288.0102,0.41857,0.366720603341642,32.0365237703729,5.36567396543108
"AC",12,0.113867219920813,39.567,20.5973,0.757,"1200708",20.0421,50.54,0,1.338,2.454,0,3.792,1823.7888,4.575,2.07852374537938,0.488899304087836,2019-08-22,14812.991,0.42464,0.366720603341642,32.0365237703729,5.36567396543108
"AC",11,0.0754514529865647,45.887,33.9979,0.421,"1200708",10.4218,22.661,2.696,1.498,0,0.769,4.963,1235.9035,3.068,2.07852374537938,0.496828262126062,2019-08-22,21847.5441,0.62843,0.366720603341642,32.0365237703729,5.36567396543108
"AC",23,0.173292413503582,56.06,45.065,0.663,"1200708",23.003,40.941,0,2.992,2.992,4.954,10.938,1980.8882,4.867,2.07852374537938,0.530678203895124,2019-08-22,20489.5796,0.58129,0.366720603341642,32.0365237703729,5.36567396543108
"AC",29,0.206926000719729,49.142,45.8389,0.822,"1200708",3.6373,7.385,0,0,0,0,0,1168.819,2.882,2.07852374537938,0.440095594492945,2019-08-22,20446.5917,0.58138,0.366720603341642,32.0365237703729,5.36567396543108
"AC",17,0.0907877538267963,35.586,30.8341,0.717,"1200708",5.9414,16.659,5.091,1.141,0,0,6.232,1075.4136,2.719,2.07852374537938,0.463835635408281,2019-08-22,20836.1352,0.6036,0.366720603341642,32.0365237703729,5.36567396543108
"AC",29,0.131813291344522,49.606,43.9815,0.857,"1200708",4.9923,10.042,0,0,0,0,0,920.0462,2.291,2.07852374537938,0.452431413991009,2019-08-22,23314.8591,0.66262,0.366720603341642,32.0365237703729,5.36567396543108
"AC",11,0.0437253541883605,84.383,49.1792,0.291,"1200708",44.0427,52.077,2.484,2.6,2.51,0.314,7.908,1060.4299,2.588,2.07852374537938,0.460432758240872,2019-08-22,22239.1322,0.6235,0.366720603341642,32.0365237703729,5.36567396543108
"AC",22,0.053382444535124,63.372,41.3643,0.691,"1200708",24.5573,38.664,0,1.153,0,0,1.153,1262.2584,3.129,2.07852374537938,0.456432386772238,2019-08-22,20084.661,0.56798,0.366720603341642,32.0365237703729,5.36567396543108
"AC",21,0.0784080849492776,70.878,43.104,0.633,"1200708",27.6608,38.939,0,0,0,0,0,2050.3212,4.995,2.07852374537938,0.521673949365379,2019-08-22,19262.5193,0.53977,0.366720603341642,32.0365237703729,5.36567396543108
"AC",84,0.153701185314931,148.932,105.8338,1.032,"1200708",64.5533,43.247,1.126,3.085,1.544,1.95,7.705,1850.9546,4.205,2.07852374537938,0.514009578015763,2019-08-22,21510.2405,0.56273,0.366720603341642,32.0365237703729,5.36567396543108
"AC",18,0.0499274555371647,33.149,26.4028,0.886,"1200708",5.5027,16.563,0,0,0,0,0,1249.3793,3.134,2.07852374537938,0.50537179326805,2019-08-22,21686.1849,0.63038,0.366720603341642,32.0365237703729,5.36567396543108
"AC",62,0.148019253214917,45.645,33.6461,2.396,"1200708",11.762,25.711,0,0,0,0,0,1254.9446,3.142,2.07852374537938,0.451323596842303,2019-08-22,19244.9078,0.55149,0.366720603341642,32.0365237703729,5.36567396543108
"AC",14,0.0984049392457846,51.438,48.4118,0.376,"1200708",3.4993,6.788,0,0,1.062,0.046,1.108,1842.035,4.586,2.07852374537938,0.513464819066359,2019-08-22,18228.7545,0.52046,0.366720603341642,32.0365237703729,5.36567396543108
"AC",32,0.163006405844655,36.324,30.7466,1.353,"1200708",29.3568,80.64,0,1.944,6.566,11.557,20.067,1102.402,2.766,2.07852374537938,0.442431427941686,2019-08-22,20698.5296,0.59929,0.366720603341642,32.0365237703729,5.36567396543108
"AC",7,0.0523469381503903,22.341,16.8547,0.54,"1200708",3.2088,14.331,1.69,0,0,0,1.69,1552.3948,3.997,2.07852374537938,0.468471143456455,2019-08-22,14379.0203,0.42485,0.366720603341642,32.0365237703729,5.36567396543108
"AC",114,0.154411482719263,175.72,173.1808,0.856,"1200708",7.5655,4.296,0.835,0.4,0.517,0.079,1.831,1867.5684,4.147,2.07852374537938,0.47923788367188,2019-08-22,17783.597,0.45193,0.366720603341642,32.0365237703729,5.36567396543108
"AC",9,0.0240512959069361,53.018,41.6809,0.281,"1200807",12.0521,22.681,0,1.53,0,0,1.53,1319.0394,3.14,1.52712895489817,0.510497717588124,2018-06-28,22561.7597,0.62371,0.41943790073748,34.2186344842597,10.5328754957443
"AC",14,0.0756103984337625,49.09,49.0346,0.371,"1200807",0.0569,0.116,0,0,0,0,0,892.2384,2.142,1.52712895489817,0.32968755423024,2019-09-11,14478.242,0.41,0.41943790073748,34.2186344842597,10.5328754957443
"AC",34,0.108679218544284,67.897,50.5596,0.874,"1200807",20.772,30.525,0,0,0.913,1.306,2.219,894.713,1.937,1.52712895489817,0.291638434866822,2018-06-28,15497.896,0.42774,0.41943790073748,34.2186344842597,10.5328754957443
"AC",8,0.043409656027153,52.597,30.6805,0.339,"1200807",20.1686,38.26,0,0,0,0,0,1227.5967,2.828,1.52712895489817,0.517972262607555,2018-06-28,23962.1142,0.64107,0.41943790073748,34.2186344842597,10.5328754957443
"AC",15,0.037964364671416,67.975,57.0738,0.342,"1200807",13.4468,19.738,0.912,1,0,2.539,4.451,1619.8959,3.846,1.52712895489817,0.52152837743393,2018-06-28,20852.8047,0.57372,0.41943790073748,34.2186344842597,10.5328754957443
"AC",11,0.0641818270051911,54.711,53.9292,0.265,"1200807",1.5239,2.779,0,0,0,0,0,881.8364,2.096,1.52712895489817,0.328327378957117,2019-09-11,14656.1023,0.41219,0.41943790073748,34.2186344842597,10.5328754957443
"AC",11,0.080416971634316,54.297,42.7107,0.335,"1200807",11.049,20.304,0,0,0,0,0,847.9353,2.003,1.52712895489817,0.31793547720401,2019-09-11,13877.4787,0.39021,0.41943790073748,34.2186344842597,10.5328754957443
"AC",8,0.0233823641789648,68.497,22.3853,0.465,"1200807",47.1176,68.633,0,1.01,0.009,0.073,1.092,506.3839,1.142,1.52712895489817,0.440765161747071,2018-06-21,23006.2702,0.63739,0.41943790073748,34.2186344842597,10.5328754957443
"AC",19,0.0191653191525356,49.869,24.0899,1.025,"1200807",25.2707,50.56,0,0,0,0,0,1529.4974,3.742,1.52712895489817,0.539348049118614,2018-06-28,20540.6565,0.57904,0.41943790073748,34.2186344842597,10.5328754957443
"AC",9,0.100085975108143,40.452,35.5164,0.329,"1200807",2.3765,5.862,0,0,0,0,0,867.7798,2.079,1.52712895489817,0.336672619507601,2019-09-11,13346.6912,0.37447,0.41943790073748,34.2186344842597,10.5328754957443
"AC",7,0.0404499067525744,30.336,29.8714,0.305,"1200807",1.5086,4.962,4.086,0,1.751,1.459,7.296,405.3669,0.985,1.52712895489817,0.453016826589782,2018-06-21,22956.044,0.67041,0.41943790073748,34.2186344842597,10.5328754957443
"AC",12,0.0972045557468203,66.543,62.725,0.249,"1200807",4.5743,6.859,0,0,0,0,0,860.4604,2.002,1.52712895489817,0.320066059763597,2019-09-11,15071.197,0.41676,0.41943790073748,34.2186344842597,10.5328754957443
"AC",8,0.0229051730732717,71.487,22.18,0.469,"1200807",53.1654,74.204,0,1.975,0.957,0.372,3.304,499.9914,1.128,1.52712895489817,0.441384896648024,2018-06-21,23069.3383,0.63766,0.41943790073748,34.2186344842597,10.5328754957443
"AC",16,0.100954574471579,48.281,46.3862,0.448,"1200807",2.4485,5.06,0,0,0,0,0,834.2334,2.049,1.52712895489817,0.341614665069086,2019-09-11,13563.6721,0.38895,0.41943790073748,34.2186344842597,10.5328754957443
"AC",9,0.0293158624671963,64.51,20.3359,0.575,"1200807",26.5437,41.055,0,0,0,0,0,1567.6437,3.716,1.52712895489817,0.513405819360246,2018-06-28,21433.7594,0.58984,0.41943790073748,34.2186344842597,10.5328754957443
"AC",17,0.0703787035161267,30.517,25.6385,0.862,"1200807",7.7898,25.469,2.611,0,0,0,2.611,418.1709,1.014,1.52712895489817,0.455339911177477,2018-06-21,23123.723,0.67482,0.41943790073748,34.2186344842597,10.5328754957443
"AC",10,0.0507982590594547,68,32.5147,0.4,"1200807",38.5802,56.609,0,0,0,0.878,0.878,869.2465,2.006,1.52712895489817,0.316340020335135,2019-09-11,15066.9038,0.41563,0.41943790073748,34.2186344842597,10.5328754957443
"AC",15,0.0371524491633119,134.341,65.9566,0.296,"1200807",66.4366,49.344,0.922,0.377,0.956,0.955,3.21,940.8935,2.011,1.52712895489817,0.293201306528871,2018-06-28,15833.0609,0.42608,0.41943790073748,34.2186344842597,10.5328754957443
"AC",18,0.0396335765891742,50.715,34.9121,0.67,"1200807",15.7814,31.048,0,0,0,0,0,1735.4725,4.136,1.52712895489817,0.535358615055494,2018-06-28,20283.2469,0.55647,0.41943790073748,34.2186344842597,10.5328754957443
"AC",10,0.10231825228812,23.772,23.4093,0.555,"1200807",1.5918,6.681,0,0,0,0,0,812.8713,2.052,1.52712895489817,0.343533055098107,2019-09-11,13157.0899,0.38672,0.41943790073748,34.2186344842597,10.5328754957443
"AC",14,0.057492897975627,50.5,47.0813,0.387,"1200807",7.0386,13.907,0,0,6.174,0.864,7.038,1277.276,3.137,1.52712895489817,0.500958788531979,2018-06-28,21745.941,0.61964,0.41943790073748,34.2186344842597,10.5328754957443
"AC",12,0.0493750678419446,50.526,27.8022,0.561,"1200807",19.5826,38.671,0,0,0,0,0,1235.4484,2.85,1.52712895489817,0.519127338586063,2018-06-28,23797.9937,0.63676,0.41943790073748,34.2186344842597,10.5328754957443
"AC",18,0.0534198241619973,49.787,26.5485,0.881,"1200807",28.3389,56.794,0.006,0,0,0.534,0.54,1312.8775,3.138,1.52712895489817,0.525973979513034,2018-06-28,22553.8429,0.62351,0.41943790073748,34.2186344842597,10.5328754957443
"AC",11,0.0833682234180121,49.768,46.3407,0.309,"1200807",4.0124,8.044,0,0,0,0,0,822.6618,1.96,1.52712895489817,0.317541328104587,2019-09-11,12949.7129,0.36923,0.41943790073748,34.2186344842597,10.5328754957443
"AC",15,0.027541004063828,67.973,55.4771,0.351,"1200807",12.7848,18.767,0.912,1.118,0,1.33,3.36,1614.7395,3.843,1.52712895489817,0.521469545753755,2018-06-28,20807.8154,0.57413,0.41943790073748,34.2186344842597,10.5328754957443
"AC",6,0.0188422287906398,39.736,22.2759,0.35,"1200807",23.1031,58.012,4.657,1.56,7.131,1.758,15.106,528.7271,1.205,1.52712895489817,0.438940479050879,2018-06-21,21954.9671,0.62407,0.41943790073748,34.2186344842597,10.5328754957443
"AC",16,0.06906785999095,66.384,36.2569,0.574,"1200807",36.4462,54.779,0,0,0,2.577,2.577,862.1975,1.996,1.52712895489817,0.317262081100581,2019-09-11,15072.9379,0.41561,0.41943790073748,34.2186344842597,10.5328754957443
"AC",49,0.0846959099994558,57.024,38.4407,1.657,"1200807",16.4801,28.836,0,0,0,0,0,877.9621,1.996,1.52712895489817,0.316932770899612,2018-06-28,15728.944,0.43784,0.41943790073748,34.2186344842597,10.5328754957443
"AC",5,0.0317820695913084,40.742,38.1259,0.17,"1200807",4.902,12.005,0,0.475,2.804,0.287,3.566,472.0405,1.117,1.52712895489817,0.445398114996323,2018-06-21,22286.6276,0.64422,0.41943790073748,34.2186344842597,10.5328754957443
"AC",6,0.0279941684889506,50.908,31.2875,0.249,"1200807",16.6856,32.703,0,0,0,0,0,1226.765,2.84,1.52712895489817,0.518938298032099,2018-06-28,23780.7726,0.63907,0.41943790073748,34.2186344842597,10.5328754957443
"AC",5,0.0170075335762452,63.643,19.859,0.327,"1200807",32.2529,50.565,0,0,0,0,0,1049.733,2.19,1.52712895489817,0.28920376876491,2018-06-28,17040.4762,0.4679,0.41943790073748,34.2186344842597,10.5328754957443
"AC",19,0.0186016332951081,48.821,25.1815,0.981,"1200807",23.2044,47.423,0,0,0,0,0,1528.5159,3.744,1.52712895489817,0.53916213180081,2018-06-28,20531.1852,0.5795,0.41943790073748,34.2186344842597,10.5328754957443
"AC",15,0.0398770869811316,67.973,47.8,0.408,"1200807",13.8708,20.361,0.063,0,0,2.132,2.195,1602.1092,3.801,1.52712895489817,0.520151260383121,2018-06-28,20937.2226,0.57635,0.41943790073748,34.2186344842597,10.5328754957443
"AC",6,0.0275862068965517,45.007,30.0694,0.259,"1200807",19.8694,44.049,0,0,0,1.278,1.278,871.4389,2.05,1.52712895489817,0.329460814709366,2019-09-11,15087.796,0.42164,0.41943790073748,34.2186344842597,10.5328754957443
"AC",19,0.0717846102520982,49.997,41.5492,0.594,"1200807",9.7362,19.43,0,0,2.066,0,2.066,1735.8858,4.163,1.52712895489817,0.538884020335447,2018-06-28,20136.1055,0.55507,0.41943790073748,34.2186344842597,10.5328754957443
"AC",8,0.103191835884531,36.263,34.9332,0.298,"1200807",0.2842,0.782,0,0,0,0,0,852.4173,2.041,1.52712895489817,0.338808558015136,2019-09-11,13427.0875,0.37636,0.41943790073748,34.2186344842597,10.5328754957443
"AC",6,0.0493750678419446,49.699,33.7073,0.231,"1200807",23.1992,46.575,1.325,7.688,4.242,0.891,14.146,1506.5511,3.699,1.52712895489817,0.535231705332358,2018-06-28,20618.1732,0.58201,0.41943790073748,34.2186344842597,10.5328754957443
"AC",13,0.0254256556730467,52.574,22.1125,0.764,"1200807",31.1807,59.178,1.337,0,0,0,1.337,1251.7796,2.925,1.52712895489817,0.521422074834413,2018-06-28,23361.9713,0.63188,0.41943790073748,34.2186344842597,10.5328754957443
"AC",49,0.0978431522386198,53.765,45.9221,1.387,"1200807",10.087,18.719,6.778,1.565,0,0,8.343,1478.7245,3.604,1.52712895489817,0.532365857284813,2018-06-28,20826.3588,0.58577,0.41943790073748,34.2186344842597,10.5328754957443
"AC",44,0.11017456356278,53.842,43.3186,1.32,"1200807",11.7844,21.838,0,0,0,0,0,1460.0752,3.53,1.52712895489817,0.528375534300194,2018-06-28,21209.4459,0.59475,0.41943790073748,34.2186344842597,10.5328754957443
"AC",9,0.241250914902948,23.939,15.9183,0.735,"1200807",7.5026,31.271,0,0,0,0,0,825.1949,1.992,1.52712895489817,0.316808629451061,2019-09-11,13490.0196,0.38822,0.41943790073748,34.2186344842597,10.5328754957443
"AC",42,0.0840185853089858,52.7,43.3397,1.26,"1200807",23.2839,44.083,1.344,0.402,6.574,2.101,10.421,1413.9371,3.414,1.52712895489817,0.522742192412483,2018-06-28,21593.1322,0.60603,0.41943790073748,34.2186344842597,10.5328754957443
"AC",29,0.0889519894062504,52.702,42.7289,0.882,"1200807",15.7692,29.855,0,0,0,4.171,4.171,1281.4857,3.032,1.52712895489817,0.5354285465604,2018-06-28,22385.8226,0.61238,0.41943790073748,34.2186344842597,10.5328754957443
"AC",36,0.0621089525103511,63.384,52.341,0.894,"1200807",18.0941,28.483,2.152,9.776,0,0,11.928,854.3452,1.865,1.52712895489817,0.31437967651724,2018-06-28,16802.6503,0.46382,0.41943790073748,34.2186344842597,10.5328754957443
"AC",14,0.0676256588568536,52.554,49.791,0.366,"1200807",10.1132,19.201,0,0.226,7.455,1.263,8.944,1290.1898,3.125,1.52712895489817,0.501237914179031,2018-06-28,21911.0113,0.61594,0.41943790073748,34.2186344842597,10.5328754957443
"AC",8,0.0152720709664243,68.002,29.4532,0.353,"1200807",37.9281,55.65,0,0,0,0,0,880.316,1.92,1.52712895489817,0.304243779058683,2018-06-28,16199.3387,0.44666,0.41943790073748,34.2186344842597,10.5328754957443
"AC",8,0.0240512959069361,102.597,63.153,0.165,"1200807",37.916,36.874,0,0,0.146,0.09,0.236,1229.1132,2.811,1.52712895489817,0.51811017628899,2018-06-28,24044.0425,0.63873,0.41943790073748,34.2186344842597,10.5328754957443
"AC",7,0.05,34.897,23.0879,0.394,"1200807",13.3273,38.105,0,4.916,1.522,0,6.438,439.6157,1.055,1.52712895489817,0.461138229019325,2018-06-21,23961.8439,0.69477,0.41943790073748,34.2186344842597,10.5328754957443
"AM",7,0.0244897959183673,77.754,46.0475,0.198,"1300144",29.2742,37.566,0,0,0,0,0,1461.1124,3.615,1.01848674369036,4.62859661883815,2019-06-24,14790.1579,0.41231,0.44751344146072,31.4511445532348,0.600464099319061
"AM",7,0.0481025918138722,57.393,38.6871,0.235,"1300144",19.1761,33.337,0,0,0,0,0,1684.3547,4.122,1.01848674369036,4.50416699425739,2019-06-24,16636.1271,0.46393,0.44751344146072,31.4511445532348,0.600464099319061
"AM",15,0.142209043525455,53.689,47.7487,0.408,"1300144",20.4296,37.967,0,2.577,24.399,1.861,28.837,2109.4254,5.306,1.01848674369036,4.56600129704393,2019-06-24,15415.6954,0.43254,0.44751344146072,31.4511445532348,0.600464099319061
"AM",102,0.140053982212612,266.72,126.4645,1.049,"1300144",154.7642,57.895,0,0,0,0.351,0.351,2547.0797,5.613,1.01848674369036,4.53242337359917,2019-06-24,17862.1576,0.44654,0.44751344146072,31.4511445532348,0.600464099319061
"AM",32,0.125970616698039,109.015,78.1422,0.532,"1300144",28.2216,25.83,0,0,0,0,0,2537.9458,6.126,1.01848674369036,4.53244038921287,2019-06-24,17570.4422,0.47872,0.44751344146072,31.4511445532348,0.600464099319061
"AM",5,0.0744793825057792,79.898,59.1197,0.11,"1300144",35.8897,44.819,0.535,12.283,0.738,0.013,13.569,1575.4518,3.769,1.01848674369036,4.53399518397075,2019-06-24,15420.0445,0.41708,0.44751344146072,31.4511445532348,0.600464099319061
"AM",14,0.0477109359299857,140.352,65.264,0.279,"1300144",77.3381,54.98,2.08,1.968,0.825,0,4.873,1914.0957,4.336,1.01848674369036,4.46729194181795,2019-06-24,20520.8927,0.54968,0.44751344146072,31.4511445532348,0.600464099319061
"AM",24,0.0776307971939983,88.595,78.3041,0.398,"1300144",21.5499,24.27,0,0,0,0,0,1770.0597,4.094,1.01848674369036,4.55661043827599,2019-06-24,15946.0277,0.41922,0.44751344146072,31.4511445532348,0.600464099319061
"AM",81,0.177533723128954,227.466,215.0768,0.49,"1300144",16.5826,7.274,0,1.13,0.832,0,1.962,2354.0177,5.361,1.01848674369036,4.50273722851274,2019-06-24,18742.1798,0.48712,0.44751344146072,31.4511445532348,0.600464099319061
"AM",214,0.124351407677581,160.524,88.3259,3.15,"1300144",78.5074,48.798,3.506,0,0.444,0,3.95,1753.6816,4.045,1.01848674369036,4.51196872605403,2019-06-24,16986.6043,0.44462,0.44751344146072,31.4511445532348,0.600464099319061
"AM",20,0.0525850049696107,102.426,73.8364,0.352,"1300144",31.817,30.994,0,0,0,0,0,1707.6653,4.059,1.01848674369036,4.64024747870446,2019-06-24,16030.5323,0.43284,0.44751344146072,31.4511445532348,0.600464099319061
"AM",37,0.0789619982260909,88.333,77.6375,0.62,"1300144",20.9853,23.704,0,0,0,0,0,1770.3852,4.095,1.01848674369036,4.55655203106661,2019-06-24,15950.7544,0.41938,0.44751344146072,31.4511445532348,0.600464099319061
"AM",19,0.113139172636507,100.048,98.9237,0.25,"1300144",46.2022,46.077,0.567,25.93,14.065,0,40.562,1834.2341,4.286,1.01848674369036,4.48127181675911,2019-06-24,18203.5933,0.49801,0.44751344146072,31.4511445532348,0.600464099319061
"AM",21,0.106591601448904,57.485,47.6675,0.573,"1300144",8.7104,15.119,0,0,0,0,0,1478.5615,3.626,1.01848674369036,4.61127086705892,2019-06-24,14348.6264,0.40181,0.44751344146072,31.4511445532348,0.600464099319061
"AM",29,0.0453288741061101,119.555,84.4454,0.446,"1300144",35.4176,29.558,0,0,1.082,0,1.082,1820.1906,4.304,1.01848674369036,4.50726111356907,2019-06-24,15170.7066,0.41421,0.44751344146072,31.4511445532348,0.600464099319061
"AM",30,0.10059454187034,69.702,37.7149,1.034,"1300144",34.9663,50.053,0.211,0.74,0.322,0,1.273,1867.5544,4.363,1.01848674369036,4.48352023056376,2019-06-24,17758.5281,0.48774,0.44751344146072,31.4511445532348,0.600464099319061
"AM",82,0.158080678761912,279.379,202.806,0.526,"1300144",66.7055,23.823,0,0,0.374,0,0.374,2635.4932,5.491,1.01848674369036,4.51643617855487,2019-06-24,19673.5492,0.47007,0.44751344146072,31.4511445532348,0.600464099319061
"AM",135,0.0824823619814427,381.798,266.2274,0.659,"1300144",117.8236,30.791,0.84,1.61,0.618,0.233,3.301,2060.0358,4.284,1.01848674369036,4.52235626082178,2019-06-24,17827.5924,0.4231,0.44751344146072,31.4511445532348,0.600464099319061
"AM",32,0.0882244636420337,90.45,78.7878,0.528,"1300144",27.3444,30.164,0,0,0,0.342,0.342,1796.5318,4.185,1.01848674369036,4.55394483555355,2019-06-24,15920.7642,0.42083,0.44751344146072,31.4511445532348,0.600464099319061
"AM",48,0.128646032359991,123.939,96.5168,0.647,"1300144",19.5494,15.738,0,0,1.074,0,1.074,1984.2677,4.669,1.01848674369036,4.50017125835369,2019-06-24,16628.2564,0.45367,0.44751344146072,31.4511445532348,0.600464099319061
"AM",41,0.155282191641068,60.544,57.2235,0.931,"1300144",3.02,4.977,0,0.384,0,0,0.384,1920.6504,4.618,1.01848674369036,4.54300576166327,2019-06-24,15630.2801,0.42384,0.44751344146072,31.4511445532348,0.600464099319061
"AM",14,0.0425648332181469,139.832,63.6968,0.286,"1300144",78.4279,55.962,2.133,2.032,0.828,0,4.993,1914.3903,4.339,1.01848674369036,4.46722294259367,2019-06-24,20510.7738,0.54977,0.44751344146072,31.4511445532348,0.600464099319061
"AM",64,0.12819999863244,198.173,177.2761,0.469,"1300706",31.9059,16.064,0,0,0.095,0,0.095,1361.4683,3.106,0.578308514735451,0.366569295543962,2018-07-07,14124.1973,0.35256,0.448198789579863,31.8676169362715,2.33059719490543
"AM",26,0.12324072915744,100.861,44.468,0.76,"1300706",53.8235,53.245,0,0,0,0,0,1802.9468,4.393,0.578308514735451,0.309914474085409,2018-07-07,16550.9786,0.44627,0.448198789579863,31.8676169362715,2.33059719490543
"AM",24,0.110862869972861,91.286,79.6018,0.392,"1300706",16.0997,17.597,0,1.263,0.641,0,1.904,1167.5454,2.987,0.578308514735451,0.366687910449266,2018-07-07,12363.6506,0.3415,0.448198789579863,31.8676169362715,2.33059719490543
"AM",7,0.0441334482190961,381.555,229.2784,0.04,"1300706",157.7377,41.248,1.798,1.884,0,0.433,4.115,1301.5816,2.844,0.578308514735451,0.312075633367943,2018-07-07,16526.9601,0.39531,0.448198789579863,31.8676169362715,2.33059719490543
"AM",21,0.0630352771151347,128.935,71.426,0.382,"1300706",126.1587,97.628,0,0.676,2.185,0,2.861,2117.3597,5.222,0.578308514735451,0.31090468503055,2018-07-07,19954.3007,0.54245,0.448198789579863,31.8676169362715,2.33059719490543
"AM",5,0.0208048056218812,98.334,11.5257,0.564,"1300706",90.5602,91.889,0,0,1.263,0,1.263,1865.3739,4.557,0.578308514735451,0.314441923513554,2018-07-07,16418.251,0.44294,0.448198789579863,31.8676169362715,2.33059719490543
"AM",18,0.0681186217847897,97.684,97.7565,0.239,"1300706",0.6143,0.627,0,0,1.229,0,1.229,1040.6578,2.542,0.578308514735451,0.362899016641229,2018-07-07,12379.4118,0.32886,0.448198789579863,31.8676169362715,2.33059719490543
"AM",24,0.110862869972861,91.286,79.6839,0.392,"1300706",16.0628,17.557,0,1.263,0.621,0,1.884,1169.2993,2.991,0.578308514735451,0.366770199898897,2018-07-07,12373.6387,0.34161,0.448198789579863,31.8676169362715,2.33059719490543
"AM",119,0.138940742752165,400.894,167.949,0.921,"1300706",240.1359,59.766,0,0.576,0,0,0.576,2397.0631,5.356,0.578308514735451,0.289269053905982,2018-07-07,22480.0858,0.55589,0.448198789579863,31.8676169362715,2.33059719490543
"AM",72,0.17633315358179,232.371,170.1192,0.55,"1300706",74.8481,32.139,0.332,1.757,1.26,0.855,4.204,1219.3569,2.857,0.578308514735451,0.314759106158426,2018-07-07,15484.8228,0.39831,0.448198789579863,31.8676169362715,2.33059719490543
"AM",135,0.176853449216022,89.926,90.0984,1.948,"1300706",0,0,0,0,0,0,0,848.0412,2.058,0.578308514735451,0.690554696151073,2018-07-07,22200.9132,0.60084,0.448198789579863,31.8676169362715,2.33059719490543
"AM",37,0.165120194667401,104.909,65.8088,0.731,"1300706",79.4506,75.564,1.669,26.039,0,0,27.708,1201.9436,3.027,0.578308514735451,0.326051795626261,2018-07-07,14293.8795,0.39384,0.448198789579863,31.8676169362715,2.33059719490543
"AM",66,0.204921976628517,101.687,98.6726,0.87,"1300706",2.4861,2.439,0,0,0,0,0,1155.0333,2.828,0.578308514735451,0.736403173425446,2018-07-07,18509.2204,0.50189,0.448198789579863,31.8676169362715,2.33059719490543
"AM",77,0.18215922156087,100.493,98.4382,1.017,"1300706",6.984,6.934,0,4.326,0,0,4.326,1186.3486,2.909,0.578308514735451,0.358339436611443,2018-07-07,12697.1948,0.3395,0.448198789579863,31.8676169362715,2.33059719490543
"AM",9,0.0793086758318566,95.145,67.3544,0.174,"1300706",24.9329,26.147,0,0.437,0,0,0.437,1398.4171,3.464,0.578308514735451,0.296031030617975,2018-07-07,16469.1514,0.44587,0.448198789579863,31.8676169362715,2.33059719490543
"AM",58,0.266834542504764,73.56,45.7879,1.647,"1300706",29.6518,40.22,0,1.094,0,0.362,1.456,1997.108,5.038,0.578308514735451,0.302429117272921,2018-07-07,17706.8446,0.49111,0.448198789579863,31.8676169362715,2.33059719490543
"AM",40,0.0703159966810733,102.726,57.5797,0.903,"1300706",32.9282,31.983,0,0,0,0,0,852.4437,2.053,0.578308514735451,0.691099788945493,2018-07-07,22220.5861,0.59732,0.448198789579863,31.8676169362715,2.33059719490543
"AM",38,0.175512924255906,96.667,52.963,0.933,"1300706",53.1088,54.817,0.826,5.801,1.973,0,8.6,2090.1988,5.122,0.578308514735451,0.303025166406276,2018-07-07,20092.3403,0.54201,0.448198789579863,31.8676169362715,2.33059719490543
"AM",20,0.0886367034706849,99.128,26.5337,0.98,"1300706",71.0757,71.54,0,0,0,0,0,1740.528,4.239,0.578308514735451,0.305467446962613,2018-07-07,16620.8875,0.44848,0.448198789579863,31.8676169362715,2.33059719490543
"AM",73,0.278858966252946,98.786,96.6417,0.982,"1300706",3.3128,3.346,0,0.074,0,0.155,0.229,1390.9231,3.255,0.578308514735451,0.372925227490224,2018-07-07,13938.9957,0.35439,0.448198789579863,31.8676169362715,2.33059719490543
"AM",16,0.0520004929818773,140.533,93.8789,0.222,"1300706",82.8474,58.821,0,0.378,2.963,5.472,8.813,982.0945,2.187,0.578308514735451,0.695310093002336,2018-07-07,23298.2457,0.59436,0.448198789579863,31.8676169362715,2.33059719490543
"AM",37,0.247720829547051,94.281,80.4437,0.598,"1300706",15.2017,16.088,0,0,0,0,0,1318.4557,3.4,0.578308514735451,0.343648218024317,2018-07-07,13683.384,0.37806,0.448198789579863,31.8676169362715,2.33059719490543
"AM",7,0.012025647953468,102.104,66.3586,0.137,"1300706",38.51,37.632,2.169,0,1.041,0,3.21,1488.2567,3.513,0.578308514735451,0.776854858650761,2018-07-07,19227.4849,0.5252,0.448198789579863,31.8676169362715,2.33059719490543
"AM",13,0.0571346897924863,75.2,35.0085,0.483,"1300706",37.7287,50.059,0,0,0,0,0,1963.7816,4.946,0.578308514735451,0.297826620446446,2018-07-07,17783.325,0.49331,0.448198789579863,31.8676169362715,2.33059719490543
"AM",82,0.24072159883376,98.576,98.7962,1.079,"1300706",0,0,0,0,0,0,0,1458.1783,3.403,0.578308514735451,0.375461634000905,2018-07-07,13962.9263,0.3549,0.448198789579863,31.8676169362715,2.33059719490543
"AM",87,0.185414009947672,119.676,106.5217,1.062,"1300706",9.5517,7.963,0,0,0,0,0,1320.3103,3.058,0.578308514735451,0.310397627253456,2018-07-07,16590.5908,0.42066,0.448198789579863,31.8676169362715,2.33059719490543
"AM",64,0.196400730457773,68.378,62.254,1.336,"1300706",5.0633,7.388,0.908,1.146,0,0,2.054,1019.2386,2.503,0.578308514735451,0.349983638502156,2018-07-07,13044.8794,0.35347,0.448198789579863,31.8676169362715,2.33059719490543
"AM",55,0.151474267232855,282.891,271.4265,0.263,"1300706",12.4532,4.392,0,0,0,0,0,1953.1747,4.548,0.578308514735451,0.290743117484806,2018-07-07,18272.8232,0.46845,0.448198789579863,31.8676169362715,2.33059719490543
"AM",160,0.147630120122505,135.632,118.7706,1.751,"1300706",17.1941,12.649,0,0,0.85,0,0.85,920.2636,2.139,0.578308514735451,0.349752277284587,2018-07-07,13165.3534,0.33517,0.448198789579863,31.8676169362715,2.33059719490543
"AM",23,0.135872623518157,96.389,47.3298,0.632,"1300706",49.7716,51.52,0,0,0,0,0,2008.9327,4.931,0.578308514735451,0.310363758596677,2018-07-07,18351.4387,0.49525,0.448198789579863,31.8676169362715,2.33059719490543
"AM",50,0.229910367399878,100.94,94.8226,0.685,"1300706",7.6575,7.569,0,0.703,0.486,0,1.189,1069.3612,2.659,0.578308514735451,0.356238101728342,2018-07-07,12074.1649,0.32947,0.448198789579863,31.8676169362715,2.33059719490543
"AM",136,0.0946267583245782,396.512,157.3455,1.124,"1300706",227.6477,57.284,0,0,0.081,0.001,0.082,2596.1841,5.837,0.578308514735451,0.308709436095882,2018-07-07,22902.4855,0.56697,0.448198789579863,31.8676169362715,2.33059719490543
"AM",45,0.218613462427814,105.388,68.7025,0.851,"1300706",76.843,72.752,1.621,25.832,0,0,27.453,1199.7117,3.022,0.578308514735451,0.326271183703365,2018-07-07,14276.3764,0.3933,0.448198789579863,31.8676169362715,2.33059719490543
"AM",46,0.22835763919381,118.835,116.4803,0.513,"1300706",4.0867,3.431,0,0.132,0.034,0.139,0.305,776.06,1.797,0.578308514735451,0.33328915601787,2018-07-07,12411.6121,0.31873,0.448198789579863,31.8676169362715,2.33059719490543
"AM",206,0.153405712628927,152.507,147.0625,1.821,"1300706",7.4884,4.899,0,0,0,0,0,1027.4058,2.441,0.578308514735451,0.356204670772575,2018-07-07,13032.73,0.33557,0.448198789579863,31.8676169362715,2.33059719490543
"AM",100,0.268493325643313,117.372,117.3403,1.108,"1300706",0,0,0,0,0,0,0,781.77,1.943,0.578308514735451,0.348331419269907,2018-07-07,12303.2518,0.33396,0.448198789579863,31.8676169362715,2.33059719490543
"AM",99,0.0917532102085096,436.417,280.8254,0.458,"1300706",151.5345,34.645,0.122,0.157,0,0,0.279,1187.0958,2.584,0.578308514735451,0.329868576969932,2018-07-07,15408.0954,0.37116,0.448198789579863,31.8676169362715,2.33059719490543
"AM",22,0.0868860775864288,98.039,91.0969,0.314,"1300706",7.4834,7.616,0,0,0,0,0,2070.7161,4.957,0.578308514735451,0.294946728059836,2018-07-07,20523.3682,0.54224,0.448198789579863,31.8676169362715,2.33059719490543
"AM",99,0.123379288390413,320.35,237.8485,0.541,"1300706",82.2203,25.609,0.166,0.168,0,0,0.334,1141.1775,2.588,0.578308514735451,0.328243478226692,2018-07-07,14804.57,0.37229,0.448198789579863,31.8676169362715,2.33059719490543
"AM",35,0.0965186354190343,96.724,43.2398,1.052,"1300706",55.045,56.782,0,0.917,0,0,0.917,1906.9138,4.686,0.578308514735451,0.327586080641267,2018-07-07,15773.4808,0.42561,0.448198789579863,31.8676169362715,2.33059719490543
"AM",38,0.140866484915866,96.731,61.8767,0.798,"1300706",61.5377,63.475,6.589,1.929,6.152,3.547,18.217,1950.4174,4.788,0.578308514735451,0.319399992109758,2018-07-07,17762.4998,0.47958,0.448198789579863,31.8676169362715,2.33059719490543
"AM",119,0.113028667536496,265.866,228.2398,0.678,"1300706",31.8228,11.943,0,0,0,0.266,0.266,270.0603,0.593,0.578308514735451,0.783310074915934,2018-07-07,15396.0164,0.38538,0.448198789579863,31.8676169362715,2.33059719490543
"AM",108,0.0762078984750703,249.473,246.5624,0.569,"1300706",4.4917,1.796,0,0,0.534,0,0.534,1220.4612,2.8,0.578308514735451,0.359082374923483,2018-07-07,13538.3965,0.33742,0.448198789579863,31.8676169362715,2.33059719490543
"AM",29,0.129577749380779,73.309,68.4095,0.551,"1300706",4.8511,6.603,0,0.968,0,0,0.968,1012.2692,2.468,0.578308514735451,0.35049793187351,2018-07-07,12986.8577,0.35176,0.448198789579863,31.8676169362715,2.33059719490543
"AM",10,0.0607476903287013,96.177,71.7371,0.181,"1300706",18.2497,18.933,0.646,1.136,0,0,1.782,1255.4587,3.108,0.578308514735451,0.298568408561859,2018-07-07,16183.9033,0.43846,0.448198789579863,31.8676169362715,2.33059719490543
"AM",50,0.229910367399878,100.94,94.8227,0.685,"1300706",7.6574,7.569,0,0.703,0.486,0,1.189,1069.3612,2.659,0.578308514735451,0.356238101120194,2018-07-07,12074.1649,0.32947,0.448198789579863,31.8676169362715,2.33059719490543
"AM",9,0.109682962022122,47.342,18.7205,0.625,"1300904",28.7432,60.576,0,0,0,0,0,1673.5356,3.846,0.335668391586472,0.443676033173712,2019-04-22,27918.9961,0.75193,0.477552914097484,32.7019442886343,0.691516372689352
"AM",35,0.286676038676214,107.683,53.5466,0.85,"1300904",84.1642,77.984,0,0,1.623,11.514,13.137,1232.281,2.879,0.335668391586472,0.316439748744605,2019-08-28,23479.8265,0.63043,0.477552914097484,32.7019442886343,0.691516372689352
"AM",7,0.0812743141970474,48.49,16.9998,0.535,"1300904",37.435,77.03,0,0,3.462,0,3.462,1499.7463,3.618,0.335668391586472,0.333440697861928,2019-08-28,23646.7576,0.65234,0.477552914097484,32.7019442886343,0.691516372689352
"AM",24,0.136139792648304,53.559,11.0691,2.819,"1300904",42.2833,78.77,0,0,0.129,0,0.129,1519.367,3.608,0.335668391586472,0.335903353856363,2019-08-28,24466.2812,0.66347,0.477552914097484,32.7019442886343,0.691516372689352
"AM",16,0.0593721066243389,270.291,90.3331,0.23,"1300904",231.3339,85.396,0,0.469,3.988,1.119,5.576,1349.6924,3.025,0.335668391586472,0.288035183273193,2019-08-28,23279.7592,0.59681,0.477552914097484,32.7019442886343,0.691516372689352
"AM",5,0.0635096519148932,93.412,12.6368,0.514,"1300904",78.9753,84.356,0.76,0,0.57,0,1.33,1506.0251,3.534,0.335668391586472,0.327220545795902,2019-08-28,24356.7905,0.65601,0.477552914097484,32.7019442886343,0.691516372689352
"AM",26,0.175338086835891,81.565,48.9111,0.691,"1300904",31.432,38.45,0,0,0.653,1.742,2.395,1416.6378,3.404,0.335668391586472,0.251250419412738,2019-08-28,20114.6099,0.55528,0.477552914097484,32.7019442886343,0.691516372689352
"AM",15,0.130027377827915,47.171,9.3662,2.082,"1300904",36.8274,77.898,0,0,0,0,0,1603.3495,3.869,0.335668391586472,0.314671009377511,2019-08-28,22720.3235,0.62487,0.477552914097484,32.7019442886343,0.691516372689352
"AM",26,0.115612995187086,79.496,27.3595,1.235,"1300904",66.3079,83.224,0,14.921,1.224,0.391,16.536,1551.3656,3.675,0.335668391586472,0.282281159463504,2019-08-28,22186.7428,0.60484,0.477552914097484,32.7019442886343,0.691516372689352
"AM",61,0.193612163197968,111.59,12.29,6.452,"1300904",97.727,87.381,0,0,0,0,0,1552.0494,3.621,0.335668391586472,0.332012272757791,2019-08-28,24713.8548,0.66051,0.477552914097484,32.7019442886343,0.691516372689352
"AM",10,0.0692487409390665,103.376,5.1252,2.536,"1300904",90.494,87.344,0,0,0,0,0,1431.0347,3.365,0.335668391586472,0.326865547033601,2019-08-28,24337.887,0.65661,0.477552914097484,32.7019442886343,0.691516372689352
"AM",12,0.269539254651579,38.404,16.9604,0.92,"1300904",24.0879,62.582,0,0,0,0,0,1473.5729,3.565,0.335668391586472,0.342825757420389,2019-08-28,24694.3593,0.67645,0.477552914097484,32.7019442886343,0.691516372689352
"AM",24,0.144330879079139,92.458,36.6549,0.851,"1300904",59.676,64.4,0,0.037,0,1.632,1.669,1275.0785,3.01,0.335668391586472,0.298293416006903,2019-08-28,22537.7614,0.61153,0.477552914097484,32.7019442886343,0.691516372689352
"AM",11,0.076534122104337,94.093,27.9598,0.511,"1300904",53.1706,56.382,0.515,0,0,0,0.515,1175.0811,2.769,0.335668391586472,0.273398567478468,2019-08-28,21297.1646,0.57228,0.477552914097484,32.7019442886343,0.691516372689352
"AM",8,0.125199662107034,70.35,40.0672,0.26,"1300904",56.3388,79.905,0,1.225,31.557,1.317,34.099,1467.7667,3.511,0.335668391586472,0.277426582287728,2019-08-28,23517.0566,0.65022,0.477552914097484,32.7019442886343,0.691516372689352
"AM",12,0.102951461985312,42.038,12.9805,1.202,"1300904",31.4244,74.585,0,0.225,1.429,3.823,5.477,1507.6277,3.658,0.335668391586472,0.314892654688546,2019-08-28,22579.0069,0.62448,0.477552914097484,32.7019442886343,0.691516372689352
"AM",30,0.186144287725791,100.281,35.6551,1.094,"1300904",55.3116,55.033,0,0,2.05,0.172,2.222,1575.8574,3.604,0.335668391586472,0.475371605802493,2019-04-22,21728.5129,0.58475,0.477552914097484,32.7019442886343,0.691516372689352
"AM",63,0.0755975451846104,236.552,69.1795,1.184,"1300904",130.4275,55.014,0,0,0,0,0,1201.9492,2.693,0.335668391586472,0.293398925737837,2019-08-28,23551.0563,0.60834,0.477552914097484,32.7019442886343,0.691516372689352
"AM",13,0.225716166441122,49.809,35.6684,0.474,"1300904",14.9558,29.958,0,0,0,0,0,1862.8918,4.28,0.335668391586472,0.45990659270653,2019-04-22,25609.4686,0.69774,0.477552914097484,32.7019442886343,0.691516372689352
"AM",13,0.0730017824121659,160.042,75.8926,0.223,"1300904",86.3518,53.835,0,0,3.832,0,3.832,1520.0806,3.361,0.335668391586472,0.485275948336005,2019-04-22,21224.2209,0.55243,0.477552914097484,32.7019442886343,0.691516372689352
"AM",6,0.129171940554563,45.384,16.8987,0.462,"1300904",29.6369,65.157,0,1.565,0,0,1.565,1172.463,2.956,0.335668391586472,0.2636774893871,2019-08-28,18882.3854,0.54135,0.477552914097484,32.7019442886343,0.691516372689352
"AM",66,0.0945919581817208,291.307,73.8411,1.162,"1300904",238.6677,81.748,0,0.356,5.703,0.584,6.643,1586.5266,3.253,0.335668391586472,0.415428766027745,2019-04-22,31537.9823,0.7682,0.477552914097484,32.7019442886343,0.691516372689352
"AM",9,0.0872133129692301,201.133,129.2262,0.091,"1300904",70.5594,35.003,0.441,2.272,0.309,0,3.022,2212.9582,4.477,0.335668391586472,0.509215491795133,2019-04-22,21840.2284,0.53032,0.477552914097484,32.7019442886343,0.691516372689352
"AM",61,0.193612163197968,111.543,12.2426,6.477,"1300904",97.7275,87.419,0,0,0,0,0,1552.0494,3.621,0.335668391586472,0.33201170415752,2019-08-28,24713.8548,0.66051,0.477552914097484,32.7019442886343,0.691516372689352
"AM",22,0.100218141897305,81.462,27.6,1.036,"1300904",54.7619,67.074,0,0,0,0,0,1645.1241,3.933,0.335668391586472,0.314827210219934,2019-08-28,23029.0331,0.62694,0.477552914097484,32.7019442886343,0.691516372689352
"AM",10,0.0630241308432351,129.876,41.9268,0.31,"1300904",107.6799,82.725,3.681,8.692,1.504,0.478,14.355,1588.7119,3.741,0.335668391586472,0.332878320075502,2019-08-28,24411.0399,0.65755,0.477552914097484,32.7019442886343,0.691516372689352
"AM",75,0.0853265078809199,278.314,186.5855,0.523,"1300904",157.2723,56.383,0,0,0,4.776,4.776,1509.8355,3.378,0.335668391586472,0.296584069426905,2019-08-28,26577.8572,0.68071,0.477552914097484,32.7019442886343,0.691516372689352
"AM",9,0.0329248125650429,125.585,20.6215,0.567,"1300904",108.0694,85.861,0,0,0,0,0,1452.1671,3.376,0.335668391586472,0.27971895097047,2019-08-28,23664.1476,0.63504,0.477552914097484,32.7019442886343,0.691516372689352
"AM",7,0.0295794967173328,339.347,102.4381,0.089,"1300904",224.2968,65.949,0,0,1.203,0,1.203,2080.7242,4.289,0.335668391586472,0.456560665998078,2019-04-22,29071.3877,0.70746,0.477552914097484,32.7019442886343,0.691516372689352
"AM",74,0.0773831152364359,301.387,178.1006,0.54,"1300904",186.1107,61.613,0,0,0,4.284,4.284,1512.4678,3.352,0.335668391586472,0.295617427794142,2019-08-28,26683.266,0.67849,0.477552914097484,32.7019442886343,0.691516372689352
"AM",9,0.0616181789653469,97.539,34.0441,0.344,"1300904",78.778,80.585,0.637,0,0,7.348,7.985,1583.3024,3.561,0.335668391586472,0.439370622016027,2019-04-22,30030.6084,0.79558,0.477552914097484,32.7019442886343,0.691516372689352
"AM",13,0.0528093108923949,46.365,26.4655,0.639,"1300904",14.0888,30.319,0,0,0,0,0,1117.1038,2.657,0.335668391586472,0.286206680303463,2019-08-28,21838.5726,0.59619,0.477552914097484,32.7019442886343,0.691516372689352
"AM",51,0.115289176981471,103.983,48.9729,1.354,"1300904",54.2037,52.011,0,0,0,0.342,0.342,1371.9989,3.233,0.335668391586472,0.301807775332512,2019-08-28,26498.2434,0.71908,0.477552914097484,32.7019442886343,0.691516372689352
"AM",12,0.106814428120214,75.88,16.8757,0.924,"1300904",61.5453,80.929,8.284,0,0,0.527,8.811,1589.326,3.586,0.335668391586472,0.285694090332251,2019-08-28,24261.2997,0.62884,0.477552914097484,32.7019442886343,0.691516372689352
"AM",35,0.286676038676214,107.683,53.546,0.85,"1300904",84.166,77.986,0,0,1.623,11.514,13.137,1232.281,2.879,0.335668391586472,0.316440244451153,2019-08-28,23479.8265,0.63043,0.477552914097484,32.7019442886343,0.691516372689352
"AM",7,0.075228376053013,76.735,15.7187,0.579,"1300904",56.0192,72.84,0,0,0,0,0,1155.3491,2.765,0.335668391586472,0.279780556644626,2019-08-28,21536.6217,0.58864,0.477552914097484,32.7019442886343,0.691516372689352
"AM",5,0.133319993327728,44.799,28.6798,0.227,"1300904",18.7216,41.697,0.99,1.118,0.221,0,2.329,1517.2475,3.679,0.335668391586472,0.340876845596765,2019-08-28,24487.9307,0.67437,0.477552914097484,32.7019442886343,0.691516372689352
"AM",124,0.192744319845017,161.027,126.2313,1.277,"1300904",40.8169,25.291,3.471,0,0.882,2.39,6.743,1807.1084,4.007,0.335668391586472,0.476795688941167,2019-04-22,25183.6965,0.66517,0.477552914097484,32.7019442886343,0.691516372689352
"AM",5,0.0711746099046217,89.01,11.1829,0.581,"1300904",76.7204,86,0.798,0,0.598,0,1.396,1506.0207,3.534,0.335668391586472,0.32730740676408,2019-08-28,24353.0411,0.65604,0.477552914097484,32.7019442886343,0.691516372689352
"AM",18,0.0713685809923358,147.203,61.0555,0.383,"1300904",79.7302,54.042,0,0,0,0,0,1664.2108,3.739,0.335668391586472,0.488997223785369,2019-04-22,23338.7438,0.6195,0.477552914097484,32.7019442886343,0.691516372689352
"AM",41,0.0561790033181968,284.662,104.0594,0.512,"1300904",176.6583,61.92,0,0,0.228,0.291,0.519,1230.3583,2.711,0.335668391586472,0.306347811693806,2019-08-28,24224.2613,0.6171,0.477552914097484,32.7019442886343,0.691516372689352
"AM",7,0.0480588370147578,51.36,20.7197,0.439,"1300904",24.2523,47.114,0,0,0,0,0,1110.2327,2.676,0.335668391586472,0.283498025464093,2019-08-28,21497.7875,0.59306,0.477552914097484,32.7019442886343,0.691516372689352
"AM",23,0.098759029958021,105.762,20.0911,1.488,"1300904",71.3685,67.33,0,0.504,0,0,0.504,1536.5718,3.66,0.335668391586472,0.271171189850187,2019-08-28,23332.356,0.63408,0.477552914097484,32.7019442886343,0.691516372689352
"AM",9,0.0491148716687041,58.775,10.6325,1.1,"1300904",50.4132,85.584,0,0,0,0,0,1469.4998,3.436,0.335668391586472,0.282761810953411,2019-08-28,23448.093,0.63217,0.477552914097484,32.7019442886343,0.691516372689352
"AM",8,0.10362101384345,50.319,16.7041,0.623,"1300904",33.0408,65.516,0,0,0,0,0,1470.5414,3.506,0.335668391586472,0.288769640189704,2019-08-28,25229.1107,0.69498,0.477552914097484,32.7019442886343,0.691516372689352
"AM",8,0.0426932424996878,106.767,46.2,0.225,"1300904",69.0186,64.501,23.708,4.012,1.406,0.831,29.957,1765.7588,3.616,0.335668391586472,0.411081390975482,2019-04-22,30412.4204,0.73988,0.477552914097484,32.7019442886343,0.691516372689352
"AM",11,0.0657660962506345,145.892,39.8415,0.359,"1300904",101.881,69.677,0,0,0.023,0,0.023,1515.4843,3.422,0.335668391586472,0.499415182401985,2019-04-22,20112.1337,0.53576,0.477552914097484,32.7019442886343,0.691516372689352
"AM",9,0.0830315237413185,59.496,30.3609,0.385,"1300904",29.8072,49.988,2.487,0,0,0,2.487,1555.849,3.67,0.335668391586472,0.438340837271071,2019-04-22,28096.1716,0.78379,0.477552914097484,32.7019442886343,0.691516372689352
"AM",18,0.0529257353307654,195.27,36.9707,0.633,"1300904",156.7522,80.095,0,0,0,0,0,1316.4211,3,0.335668391586472,0.305723315645492,2019-08-28,23756.1564,0.62356,0.477552914097484,32.7019442886343,0.691516372689352
"AM",18,0.170206744526717,100.169,57.6511,0.406,"1300904",35.2428,35.105,0,0,0,0,0,1970.3296,4.407,0.335668391586472,0.519002528828694,2019-04-22,19901.1283,0.53667,0.477552914097484,32.7019442886343,0.691516372689352
"AM",7,0.170567168909334,70.433,24.5767,0.37,"1300904",48.1616,68.227,0,1.72,1.611,0,3.331,1460.3842,3.489,0.335668391586472,0.273117853253035,2019-08-28,23203.6569,0.63967,0.477552914097484,32.7019442886343,0.691516372689352
"AM",27,0.116642824040911,132.883,36.3207,0.966,"1300904",96.2527,72.273,0.003,0,0,0,0.003,1687.0993,3.777,0.335668391586472,0.440675642198388,2019-04-22,28829.1095,0.75794,0.477552914097484,32.7019442886343,0.691516372689352
"AM",6,0.0517882624700711,101.211,35.2621,0.221,"1300904",84.967,83.763,0,0,4.471,3.658,8.129,1860.3221,4.278,0.335668391586472,0.447976009967761,2019-04-22,26990.7067,0.73093,0.477552914097484,32.7019442886343,0.691516372689352
"AM",16,0.260229942944182,42.869,15.7901,1.317,"1300904",27.0917,63.056,0,0,0,0,0,1693.0044,3.92,0.335668391586472,0.45515678277557,2019-04-22,22710.2461,0.62585,0.477552914097484,32.7019442886343,0.691516372689352
"AM",5,0.0390932714047445,151.442,60.9269,0.107,"1300904",76.8698,50.645,0,0,0,0,0,1117.6643,2.632,0.335668391586472,0.264810820860067,2019-08-28,20646.7272,0.55099,0.477552914097484,32.7019442886343,0.691516372689352
"AM",11,0.10612574027602,50.301,15.5421,0.92,"1300904",32.2601,63.991,0,0,0,0,0,1825.3471,4.198,0.335668391586472,0.448589861246996,2019-04-22,23603.3759,0.64486,0.477552914097484,32.7019442886343,0.691516372689352
"AM",13,0.17879028935006,33.052,27.3452,0.618,"1300904",7.2348,21.84,0,0,0,1.262,1.262,1318.8113,3.345,0.335668391586472,0.253163473493681,2019-08-28,18961.042,0.54885,0.477552914097484,32.7019442886343,0.691516372689352
"AM",9,0.0307118559180151,65.641,4.9265,2.375,"1300904",60.3545,91.741,0,0,0.033,0,0.033,1712.9997,3.969,0.335668391586472,0.424448724355456,2019-04-22,27012.1368,0.73436,0.477552914097484,32.7019442886343,0.691516372689352
"AM",19,0.247860105940655,55.463,22.0778,1.119,"1300904",33.181,59.692,0.424,0,2.659,0.02,3.103,1430.8087,3.397,0.335668391586472,0.330839702972184,2019-08-28,24319.0615,0.66347,0.477552914097484,32.7019442886343,0.691516372689352
"AM",20,0.11237591467834,57.447,24.1279,1.078,"1300904",33.0254,57.361,0,0,0,0,0,909.6594,2.238,0.335668391586472,0.27859287010645,2019-08-28,19770.1665,0.56008,0.477552914097484,32.7019442886343,0.691516372689352
"AM",9,0.0830315237413185,59.497,30.3616,0.385,"1300904",29.8082,49.988,2.487,0,0,0,2.487,1555.849,3.67,0.335668391586472,0.438340864848624,2019-04-22,28096.1716,0.78379,0.477552914097484,32.7019442886343,0.691516372689352
"AM",11,0.138374448496348,34.012,14.9854,0.954,"1300904",23.7335,69.624,0,0,0,4.25,4.25,1399.8521,3.46,0.335668391586472,0.262074169416759,2019-08-28,19964.1916,0.56852,0.477552914097484,32.7019442886343,0.691516372689352
"AM",34,0.206412990674407,54.909,32.4631,1.362,"1300904",19.1355,34.771,0,0,0,0,0,1371.8794,3.343,0.335668391586472,0.296470609377042,2019-08-28,25276.0379,0.70914,0.477552914097484,32.7019442886343,0.691516372689352
"AM",149,0.25169394274354,201.667,73.2164,2.646,"1300904",121.6914,60.208,0,0,0,0,0,1946.2927,4.296,0.335668391586472,0.466679742870338,2019-04-22,26076.9586,0.68259,0.477552914097484,32.7019442886343,0.691516372689352
"AM",6,0.0537194466596278,100.579,11.3285,0.689,"1300904",89.8364,89.119,0,0.541,0,0,0.541,1393.0364,3.197,0.335668391586472,0.311475877922527,2019-08-28,27991.1569,0.7511,0.477552914097484,32.7019442886343,0.691516372689352
"AM",18,0.248479236348068,48.984,12.7785,1.831,"1300904",35.5558,72.424,0,0,0,0,0,1739.6222,4.09,0.335668391586472,0.455612492861928,2019-04-22,22724.8199,0.63485,0.477552914097484,32.7019442886343,0.691516372689352
"AM",13,0.103084408784716,98.87,73.5989,0.23,"1300904",25.5295,25.764,0,0,0,2.438,2.438,1544.1718,3.537,0.335668391586472,0.499948074797419,2019-04-22,20779.199,0.56081,0.477552914097484,32.7019442886343,0.691516372689352
"AM",5,0.00898886816723874,160.528,28.2122,0.23,"1300904",144.8218,90.015,1.216,0.497,0,3.166,4.879,1819.2108,4.074,0.335668391586472,0.458937387339742,2019-04-22,28836.4555,0.7582,0.477552914097484,32.7019442886343,0.691516372689352
"AM",8,0.0705625474893612,156.337,11.2785,0.922,"1300904",143.8724,91.821,0,0,0.05,0,0.05,1622.7225,3.807,0.335668391586472,0.348689084769187,2019-08-28,25742.8602,0.68495,0.477552914097484,32.7019442886343,0.691516372689352
"AM",6,0.17160898652121,38.009,24.274,0.321,"1300904",15.2865,40.129,0,0,14.112,0,14.112,1491.1008,3.64,0.335668391586472,0.292118644842697,2019-08-28,22623.0304,0.63274,0.477552914097484,32.7019442886343,0.691516372689352
"AM",6,0.0323966707566624,87.614,14.5018,0.538,"1300904",77.6534,88.435,0.113,0,0,0,0.113,1535.3247,3.511,0.335668391586472,0.285088312653414,2019-08-28,23987.5995,0.6306,0.477552914097484,32.7019442886343,0.691516372689352
"AM",8,0.0344151844011225,45.624,31.0461,0.335,"1300904",36.2604,79.3,0,0,0,0,0,1718.2731,3.938,0.335668391586472,0.460577451442974,2019-04-22,22577.6652,0.61732,0.477552914097484,32.7019442886343,0.691516372689352
"AM",42,0.165473197690372,96.568,40.6513,1.343,"1300904",51.9072,53.632,0,0,0,0.322,0.322,1367.6058,3.252,0.335668391586472,0.325246275361367,2019-08-28,23496.7824,0.63472,0.477552914097484,32.7019442886343,0.691516372689352
"AM",16,0.260229942944182,42.913,15.7955,1.317,"1300904",27.1268,63.073,0,0,0,0,0,1693.0044,3.92,0.335668391586472,0.455167321195261,2019-04-22,22709.8176,0.62582,0.477552914097484,32.7019442886343,0.691516372689352
"AM",28,0.248847217923916,64.683,27.3841,1.329,"1300904",38.8385,59.912,0,0,0,1.576,1.576,1329.7482,3.182,0.335668391586472,0.322670372170864,2019-08-28,23109.4463,0.63071,0.477552914097484,32.7019442886343,0.691516372689352
"AM",6,0.0384037397386495,210.158,35.6155,0.219,"1300904",175.6741,83.404,0,0,0,0,0,1676.3102,3.581,0.335668391586472,0.397802594098257,2019-04-22,29227.8813,0.73444,0.477552914097484,32.7019442886343,0.691516372689352
"AM",11,0.19436506316151,7.2,7.2159,1.982,"1300904",0,0,0,0,0,0,0,1380.6526,3.726,0.335668391586472,0.187732633861304,2019-08-28,18366.3234,0.55505,0.477552914097484,32.7019442886343,0.691516372689352
"AM",13,0.0903225806451613,47.735,9.4589,1.787,"1300904",34.9528,73.058,0,0,0,0,0,1606.5249,3.864,0.335668391586472,0.429125484628303,2019-04-22,26408.8406,0.74776,0.477552914097484,32.7019442886343,0.691516372689352
"AM",15,0.128756655499098,101.58,22.9948,0.848,"1300904",77.0463,75.678,0,0,0,0.18,0.18,1442.5691,3.472,0.335668391586472,0.257485296520696,2019-08-28,20206.4675,0.55912,0.477552914097484,32.7019442886343,0.691516372689352
"AM",5,0.0595512106674919,41.014,22.9951,0.283,"1300904",26.9824,65.642,0.067,3.538,12.253,0,15.858,1478.5649,3.611,0.335668391586472,0.296444521736318,2019-08-28,23169.715,0.64696,0.477552914097484,32.7019442886343,0.691516372689352
"AM",12,0.114495339376947,98.87,72.5597,0.215,"1300904",25.3389,25.571,0,0,0,2.401,2.401,1542.7117,3.536,0.335668391586472,0.500627176257371,2019-04-22,20760.6721,0.56067,0.477552914097484,32.7019442886343,0.691516372689352
"AM",29,0.190029267692537,80.344,32.8932,1.146,"1300904",49.1247,61.007,4.925,0,1.589,0.594,7.108,1454.7406,3.452,0.335668391586472,0.334802465603573,2019-08-28,24495.6805,0.66646,0.477552914097484,32.7019442886343,0.691516372689352
"AM",5,0.0210868736211173,344.648,82.0585,0.079,"1300904",321.7744,93.156,0.18,11.65,1.72,0.975,14.525,1651.0433,3.288,0.335668391586472,0.416654483196881,2019-04-22,32110.0815,0.76191,0.477552914097484,32.7019442886343,0.691516372689352
"AM",11,0.0735747676985861,97.431,56.5234,0.253,"1301654",57.1192,58.495,2.026,2.942,4.478,1.634,11.08,862.3687,1.983,1.01900494102228,2.2907077463589,2019-09-17,25580.4849,0.69066,0.416354674515845,32.0445292701639,3.26430922575148
"AM",7,0.0304470696118062,75.664,26.4105,0.345,"1301654",54.5152,71.888,0,0.003,0,0,0.003,1158.6238,2.677,1.01900494102228,2.22577908025238,2019-09-17,27072.7922,0.75088,0.416354674515845,32.0445292701639,3.26430922575148
"AM",10,0.0218322695862099,298.076,109.6213,0.119,"1301654",183.3796,61.384,0,0,0,0.179,0.179,992.798,2.111,1.01900494102228,2.21299743954973,2019-09-17,25392.272,0.64753,0.416354674515845,32.0445292701639,3.26430922575148
"AM",10,0.0729897948556636,75.093,51.472,0.253,"1301654",31.9754,42.486,3.44,4.877,2.728,0,11.045,1239.0821,3.032,1.01900494102228,2.26260965703434,2019-09-17,31852.4343,0.89594,0.416354674515845,32.0445292701639,3.26430922575148
"AM",8,0.01875,98.129,43.8567,0.237,"1301654",53.37,54.266,0,0,0,0,0,852.1022,1.943,1.01900494102228,2.32446060442951,2019-09-17,26386.148,0.71194,0.416354674515845,32.0445292701639,3.26430922575148
"AM",18,0.0240591286317652,312.028,153.1318,0.153,"1301654",161.4976,51.642,0.234,0,0,0.428,0.662,708.466,1.48,1.01900494102228,2.22819674296012,2019-09-17,22099.0332,0.55586,0.416354674515845,32.0445292701639,3.26430922575148
"AM",22,0.0136326669041604,380.885,181.4037,0.158,"1301654",197.4669,51.728,0,0,0.14,0,0.14,1084.5983,2.177,1.01900494102228,2.24183055897555,2019-09-17,29204.2601,0.70569,0.416354674515845,32.0445292701639,3.26430922575148
"AM",13,0.0241034740576752,272.417,133.6922,0.126,"1301654",154.1959,56.476,1.34,7.147,0.196,0.247,8.93,1139.2131,2.428,1.01900494102228,2.36905302676032,2019-09-17,33445.38,0.85109,0.416354674515845,32.0445292701639,3.26430922575148
"AM",41,0.117116285177982,139.369,39.035,1.365,"1301654",103.9327,74.407,0,0.788,0,0,0.788,1240.2269,2.821,1.01900494102228,2.30510471587491,2019-09-17,34089.5211,0.90487,0.416354674515845,32.0445292701639,3.26430922575148
"AM",16,0.0265175800760524,295.371,98.9443,0.21,"1301654",225.536,76.186,1.266,2.02,0.61,0.137,4.033,1630.0138,3.333,1.01900494102228,2.26347841708776,2019-09-17,35395.9884,0.84483,0.416354674515845,32.0445292701639,3.26430922575148
"AM",27,0.04935650189069,257.564,150.1056,0.234,"1301654",136.6457,52.935,0,0.242,0.726,2.835,3.803,691.9022,1.481,1.01900494102228,2.25884289251311,2019-09-17,22162.3166,0.5712,0.416354674515845,32.0445292701639,3.26430922575148
"AM",5,0.0238204842669967,100.193,18.8811,0.344,"1301654",88.8969,88.528,0.55,0.911,3.467,0.001,4.929,1259.8623,2.964,1.01900494102228,2.29966364490936,2019-09-17,32776.0745,0.89832,0.416354674515845,32.0445292701639,3.26430922575148
"AM",190,0.172900825322647,212.36,196.5273,1.257,"1302405",20.8253,9.785,0,0.883,0,0,0.883,755.5187,1.829,1.16752340275302,0.54182312048323,2018-07-07,16204.058,0.42066,0.459439798725225,32.2549581108981,1.00024640110819
"AM",147,0.19839065033798,334.127,247.7681,0.771,"1302405",79.076,23.614,0,0,0,0,0,393.3962,0.85,1.16752340275302,0.79373713788677,2018-07-07,16672.9887,0.40579,0.459439798725225,32.2549581108981,1.00024640110819
"AM",61,0.137687329477993,337.636,158.1996,0.501,"1302405",189.9929,56.145,0,0,0.785,0,0.785,1582.4234,3.493,1.16752340275302,0.446940320718443,2018-07-07,18310.5796,0.44681,0.459439798725225,32.2549581108981,1.00024640110819
"AM",7,0.0583539638397794,94.193,89.6785,0.101,"1302405",6.9905,7.405,0,0,0.479,1.334,1.813,2042.7164,5.142,1.16752340275302,0.365452690291604,2018-07-07,16576.3938,0.44755,0.459439798725225,32.2549581108981,1.00024640110819
"AM",130,0.103089367889896,257.855,257.9274,0.655,"1302405",0.307,0.119,0,0,0,0,0,1537.2333,3.428,1.16752340275302,0.497667049401282,2018-07-07,15905.3372,0.38373,0.459439798725225,32.2549581108981,1.00024640110819
"AM",38,0.0663056823509422,102.087,92.7307,0.533,"1302405",13.3817,13.079,0.738,2.852,0,0,3.59,2292.0321,5.386,1.16752340275302,0.403590862358701,2018-07-07,14060.3256,0.35839,0.459439798725225,32.2549581108981,1.00024640110819
"AM",34,0.145612387942574,91.851,85.6933,0.516,"1302405",6.0291,6.549,0,0,0,0,0,182.0353,0.385,1.16752340275302,0.83449360779462,2018-07-07,19352.5833,0.51712,0.459439798725225,32.2549581108981,1.00024640110819
"AM",21,0.0753071273487895,102.432,82.7308,0.33,"1302405",43.6324,42.501,0,2.123,1.931,0,4.054,2001.1672,4.871,1.16752340275302,0.316758651043395,2018-07-07,19721.0226,0.53022,0.459439798725225,32.2549581108981,1.00024640110819
"AM",30,0.0612047648796206,97.242,47.8572,0.815,"1302405",54.02,55.428,2.019,0,2.099,0,4.118,2429.398,6.09,1.16752340275302,0.382447152178148,2018-07-07,19466.5621,0.52393,0.459439798725225,32.2549581108981,1.00024640110819
"AM",34,0.140365187352388,131.085,127.6134,0.346,"1302405",0.7707,0.587,0,0,0,0,0,1238.9218,3.099,1.16752340275302,0.385907410999904,2018-07-07,12288.8798,0.33382,0.459439798725225,32.2549581108981,1.00024640110819
"AM",190,0.120988938652415,266.759,267.2266,0.924,"1302405",2.2926,0.858,0.466,0.565,0.097,0,1.128,2429.3531,5.295,1.16752340275302,0.40560758857064,2018-07-07,15575.6839,0.36801,0.459439798725225,32.2549581108981,1.00024640110819
"AM",42,0.214763092228347,77.595,70.7692,0.772,"1302405",26.0748,33.529,6.253,0,12.024,0.4,18.677,1338.4988,3.438,1.16752340275302,0.370873411800991,2018-07-07,13155.54,0.35521,0.459439798725225,32.2549581108981,1.00024640110819
"AM",8,0.148343855655972,53.85,45.9709,0.226,"1302405",16.1958,30.008,5.106,0,5.418,0.659,11.183,1332.5827,3.435,1.16752340275302,0.417644490527642,2018-07-07,16304.7062,0.45994,0.459439798725225,32.2549581108981,1.00024640110819
"AM",131,0.276420891779342,79.565,79.7442,2.136,"1302405",0,0,0,0,0,0,0,1253.8059,3.134,1.16752340275302,0.376862113021239,2018-07-07,12119.5442,0.33095,0.459439798725225,32.2549581108981,1.00024640110819
"AM",94,0.0805818975861291,486.416,472.6221,0.259,"1302405",12.4745,2.559,0,0,0.109,0.003,0.112,1275.3935,2.362,1.16752340275302,0.488154823031879,2018-07-07,20494.8652,0.41609,0.459439798725225,32.2549581108981,1.00024640110819
"AM",37,0.140866484915866,96.665,61.9866,0.776,"1302405",61.2191,63.189,6.659,2.417,6.046,3.333,18.455,1950.2451,4.786,1.16752340275302,0.319506151536178,2018-07-07,17766.2723,0.47963,0.459439798725225,32.2549581108981,1.00024640110819
"AM",261,0.141763809297488,293.496,289.7937,1.171,"1302405",3.0519,1.038,0,0,0,0,0,2363.1134,5.043,1.16752340275302,0.455267010037015,2018-07-07,17861.8865,0.4185,0.459439798725225,32.2549581108981,1.00024640110819
"AM",80,0.234598414197905,98.628,96.1852,1.081,"1302405",3.2481,3.286,1.713,0,1.529,0,3.242,1554.5089,3.636,1.16752340275302,0.378035393531378,2018-07-07,13999.8061,0.35589,0.459439798725225,32.2549581108981,1.00024640110819
"AM",30,0.0264278111197846,132.885,45.3709,0.86,"1302405",86.6763,65.081,0,0,0,0.134,0.134,431.2637,1.039,1.16752340275302,0.421705154258488,2018-07-07,18955.6127,0.50999,0.459439798725225,32.2549581108981,1.00024640110819
"AM",232,0.140747809052167,549.589,517.2045,0.583,"1302405",44.7021,8.116,0,0.775,0.386,0,1.161,1760.109,3.665,1.16752340275302,0.421352716981198,2018-07-07,21538.7913,0.49043,0.459439798725225,32.2549581108981,1.00024640110819
"AM",21,0.163106687025199,70.328,54.2123,0.504,"1302405",18.9873,26.938,0,3.282,0,0,3.282,1205.8456,2.988,1.16752340275302,0.369279402289832,2018-07-07,12714.9039,0.34764,0.459439798725225,32.2549581108981,1.00024640110819
"AM",24,0.0932031673653471,97.743,27.497,1.135,"1302405",73.2735,74.798,1.271,0.023,0.51,0,1.804,2073.2087,5.241,1.16752340275302,0.379071071890225,2018-07-07,16751.7481,0.45197,0.459439798725225,32.2549581108981,1.00024640110819
"AM",179,0.160702440939697,241.027,225.1462,1.034,"1302405",14.577,6.034,0,0,0,0,0,1437.0531,3.407,1.16752340275302,0.463150422083798,2018-07-07,14869.0144,0.38581,0.459439798725225,32.2549581108981,1.00024640110819
"AM",194,0.138139559659325,485.579,428.1882,0.589,"1302405",70.8893,14.566,0,0.439,0.64,0,1.079,2133.2229,4.798,1.16752340275302,0.358735837065947,2018-07-07,16933.9716,0.40938,0.459439798725225,32.2549581108981,1.00024640110819
"AM",15,0.108002885943777,91.412,59.9,0.326,"1302405",32.0437,34.976,0,0,0.009,0,0.009,1938.685,4.578,1.16752340275302,0.387964154995639,2018-07-07,13893.4929,0.35546,0.459439798725225,32.2549581108981,1.00024640110819
"AM",117,0.0936665801722604,179.442,178.5153,0.852,"1302405",1.648,0.916,0,0,0.046,0,0.046,919.3252,2.172,1.16752340275302,0.569352799827891,2018-07-07,18120.7878,0.47983,0.459439798725225,32.2549581108981,1.00024640110819
"AM",30,0.0583799295774843,101.512,54.839,0.711,"1302405",51.8895,51.002,3.606,0,2.011,0,5.617,2442.0657,6.078,1.16752340275302,0.382549255167102,2018-07-07,19630.4711,0.52515,0.459439798725225,32.2549581108981,1.00024640110819
"AM",58,0.150429874774153,96.183,50.3972,1.496,"1302405",65.6711,68.125,1.107,1.661,11.076,1.338,15.182,2045.7435,5.166,1.16752340275302,0.3744770592936,2018-07-07,16726.6932,0.45165,0.459439798725225,32.2549581108981,1.00024640110819
"AM",7,0.142864966478745,81.536,81.7185,0.111,"1302405",0,0,0.475,0,0,0,0.475,1340.2954,3.426,1.16752340275302,0.374425112344445,2018-07-07,13102.7968,0.35213,0.459439798725225,32.2549581108981,1.00024640110819
"AM",7,0.141168778770129,81.513,81.6946,0.111,"1302405",0,0,0.373,0,0,0,0.373,1339.1486,3.423,1.16752340275302,0.374492775258855,2018-07-07,13095.7279,0.35194,0.459439798725225,32.2549581108981,1.00024640110819
"AM",9,0.0622361490464292,94.279,72.0942,0.162,"1302405",17.6836,18.715,0,0.753,0,0,0.753,2019.3722,5.078,1.16752340275302,0.346802476197918,2018-07-07,16631.4344,0.44903,0.459439798725225,32.2549581108981,1.00024640110819
"AM",35,0.168549919256536,90.573,90.7623,0.501,"1302405",0.0336,0.037,0,0,0,0,0,1169.3754,3.042,1.16752340275302,0.40026223394628,2018-07-07,12114.7098,0.3338,0.459439798725225,32.2549581108981,1.00024640110819
"AM",21,0.143186308439941,106.444,104.37,0.262,"1302405",9.5162,8.92,0,0,0.917,1.084,2.001,1339.9106,3.435,1.16752340275302,0.356458130162531,2018-07-07,13386.9284,0.36408,0.459439798725225,32.2549581108981,1.00024640110819
"AM",12,0.188239233795643,98.973,93.6087,0.167,"1302405",6.2503,6.301,0,0.003,0,0,0.003,1994.536,4.984,1.16752340275302,0.342305693762878,2018-07-07,16721.0301,0.45093,0.459439798725225,32.2549581108981,1.00024640110819
"AM",41,0.0951149484877331,101.393,81.2075,0.656,"1302405",18.4833,18.189,0,0.5,4.031,0,4.531,2091.0811,5.217,1.16752340275302,0.330902994651856,2018-07-07,19026.562,0.51122,0.459439798725225,32.2549581108981,1.00024640110819
"AM",35,0.158177616533057,99.051,99.0293,0.459,"1302405",0,0,0,0,0,0,0,1174.8654,3.043,1.16752340275302,0.400189811313968,2018-07-07,12204.528,0.33475,0.459439798725225,32.2549581108981,1.00024640110819
"AM",41,0.0884896353611874,281.932,218.7155,0.244,"1302405",68.9919,24.416,0,0.158,0.001,0,0.159,2135.4418,4.603,1.16752340275302,0.389370997333595,2018-07-07,15068.1704,0.35441,0.459439798725225,32.2549581108981,1.00024640110819
"AM",32,0.130387417829086,80.71,80.0043,0.52,"1302405",0,0,0,0,0,0,0,882.8675,2.078,1.16752340275302,0.471849967274631,2018-07-07,14749.879,0.38559,0.459439798725225,32.2549581108981,1.00024640110819
"AM",81,0.232463847019786,96.772,77.2671,1.363,"1302405",18.0786,18.64,0.155,0,0,0,0.155,1762.0728,4.496,1.16752340275302,0.385689409902217,2018-07-07,14356.8238,0.38756,0.459439798725225,32.2549581108981,1.00024640110819
"AM",7,0.0587800077774409,92.623,65.2359,0.139,"1302405",45.826,49.363,6.339,10.565,2.218,0,19.122,2669.2496,6.333,1.16752340275302,0.414263156263134,2018-07-07,14568.0435,0.37214,0.459439798725225,32.2549581108981,1.00024640110819
"AM",8,0.160785455393168,76.317,76.4881,0.136,"1302405",8.154,10.66,0,9.848,0,0,9.848,1442.2126,3.732,1.16752340275302,0.391505837352671,2018-07-07,11902.7906,0.33101,0.459439798725225,32.2549581108981,1.00024640110819
"AM",123,0.187940350735026,107.542,105.4501,1.516,"1302405",0.0233,0.022,0,0,0,0,0,688.161,1.71,1.16752340275302,0.537209121647541,2018-07-07,15134.4196,0.40469,0.459439798725225,32.2549581108981,1.00024640110819
"AM",31,0.164637636114213,99.414,92.0576,0.438,"1302405",10.0869,10.124,0.714,0,0,0,0.714,2414.1228,5.958,1.16752340275302,0.329834768238056,2018-07-07,21236.5846,0.57097,0.459439798725225,32.2549581108981,1.00024640110819
"AM",56,0.210028033580732,129.863,122.5206,0.594,"1302405",11.0431,8.485,0,0.441,0,0,0.441,2675.5203,6.486,1.16752340275302,0.403441270017008,2018-07-07,14214.0641,0.37033,0.459439798725225,32.2549581108981,1.00024640110819
"AM",12,0.103857725717174,102.986,91.7156,0.17,"1302405",7.9153,7.669,0.603,0,0,0,0.603,2760.9134,6.886,1.16752340275302,0.396693828049993,2018-07-07,19830.6247,0.53172,0.459439798725225,32.2549581108981,1.00024640110819
"AM",15,0.0876218206464806,101.606,100.4518,0.194,"1302405",0.2952,0.29,0,0,0,0,0,2099.2572,5.257,1.16752340275302,0.335630197689695,2018-07-07,18738.3341,0.50475,0.459439798725225,32.2549581108981,1.00024640110819
"AM",128,0.083541882209089,240.265,240.0786,0.693,"1302405",0.9495,0.394,0,0.009,0,0,0.009,1933.0017,4.542,1.16752340275302,0.404957383562944,2018-07-07,15503.1092,0.39858,0.459439798725225,32.2549581108981,1.00024640110819
"AM",220,0.181579395248195,390.741,386.4669,0.74,"1302405",0.4442,0.113,0,0,0,0.079,0.079,1131.122,2.492,1.16752340275302,0.538995963753039,2018-07-07,15973.8113,0.39295,0.459439798725225,32.2549581108981,1.00024640110819
"AM",6,0.109350301316157,79.874,78.984,0.099,"1302405",1.9828,2.477,0,0,0,0,0,647.574,1.597,1.16752340275302,0.399070110708241,2018-07-07,13859.5571,0.38253,0.459439798725225,32.2549581108981,1.00024640110819
"AM",71,0.182507524214999,99.07,99.2763,0.93,"1302405",0.0232,0.023,0,0,0,0,0,1170.3175,2.81,1.16752340275302,0.361383477658567,2018-07-07,12563.7859,0.33503,0.459439798725225,32.2549581108981,1.00024640110819
"AM",66,0.121319890834128,342.278,287.7514,0.298,"1302405",62.214,18.136,0,0.765,0.342,0.03,1.137,1706.8181,3.999,1.16752340275302,0.40016361783029,2018-07-07,13353.8803,0.33367,0.459439798725225,32.2549581108981,1.00024640110819
"AM",30,0.0602332606751822,97.269,50.4088,0.774,"1302405",51.8709,53.208,1.601,0,2.099,0,3.7,2430.1232,6.092,1.16752340275302,0.38265004774108,2018-07-07,19449.0286,0.52346,0.459439798725225,32.2549581108981,1.00024640110819
"AM",295,0.135708952055341,397.012,371.5524,1.032,"1302405",27.0232,6.791,0.129,0,0.134,0,0.263,2234.4362,4.924,1.16752340275302,0.459931829570206,2018-07-07,16783.6442,0.40638,0.459439798725225,32.2549581108981,1.00024640110819
"AM",14,0.0980436051638259,101.024,84.8309,0.215,"1302405",50.6143,49.99,1.493,4.377,6.086,0,11.956,2100.1388,5.139,1.16752340275302,0.307646016316618,2018-07-07,20059.083,0.54021,0.459439798725225,32.2549581108981,1.00024640110819
"AM",85,0.131493621631118,113.438,109.2325,1.012,"1302405",5.9195,5.207,0,1.472,0,0,1.472,1023.649,2.491,1.16752340275302,0.554370157710356,2018-07-07,17320.4465,0.46251,0.459439798725225,32.2549581108981,1.00024640110819
"AM",8,0.0989897948556636,63.754,51.5409,0.202,"1302405",10.8221,16.937,0,0,0,0,0,420.6009,1.078,1.16752340275302,0.390753744396879,2018-07-07,12797.5539,0.35576,0.459439798725225,32.2549581108981,1.00024640110819
"AM",106,0.139069751540749,329.67,282.0265,0.489,"1302405",83.8864,25.389,0.242,6.306,0,0,6.548,1325.8041,3.167,1.16752340275302,0.387014062038818,2018-07-07,13546.0115,0.34164,0.459439798725225,32.2549581108981,1.00024640110819
"AM",69,0.0952680131959937,97.581,97.7939,0.917,"1302405",0,0,0,0,0,0,0,910.962,2.239,1.16752340275302,0.566768415461571,2018-07-07,17212.6909,0.47435,0.459439798725225,32.2549581108981,1.00024640110819
"AM",5,0.0967495838056168,68.434,67.0337,0.097,"1302405",1.5089,2.2,0,0,0,0,0,388.4147,0.997,1.16752340275302,0.386972352837089,2018-07-07,12624.0592,0.34988,0.459439798725225,32.2549581108981,1.00024640110819
"AM",58,0.259423504153352,100.566,100.7213,0.749,"1302405",0,0,0,0,0,0,0,2060.4644,5.19,1.16752340275302,0.356178309910774,2018-07-07,16694.4464,0.45017,0.459439798725225,32.2549581108981,1.00024640110819
"AM",5,0.145734000306231,103.276,69.9944,0.093,"1302405",36.2076,34.98,0.031,0,0,0,0.031,2283.3411,5.687,1.16752340275302,0.373074880799932,2018-07-07,19575.1998,0.525,0.459439798725225,32.2549581108981,1.00024640110819
"AM",5,0.03235284803034,97.479,47.4494,0.137,"1302405",83.4915,85.46,4.066,0.787,10.583,1.092,16.528,1942.5641,4.816,1.16752340275302,0.340952027157778,2018-07-07,15016.4868,0.40543,0.459439798725225,32.2549581108981,1.00024640110819
"AM",68,0.131566282892116,134.255,104.8972,0.843,"1302405",35.9701,26.733,0,0.595,0,0,0.595,1266.9352,3.173,1.16752340275302,0.383420832496396,2018-07-07,12632.0587,0.34283,0.459439798725225,32.2549581108981,1.00024640110819
"AM",105,0.0487763254038123,394.586,223.1031,0.612,"1302405",188.6646,47.707,0.202,0.292,0.944,0.887,2.325,1436.7464,3.177,1.16752340275302,0.49407753550102,2018-07-07,16022.445,0.3846,0.459439798725225,32.2549581108981,1.00024640110819
"AM",9,0.133355127711608,123.286,122.7695,0.095,"1302405",4.6342,3.75,0.719,0.718,0.47,0,1.907,734.8546,1.71,1.16752340275302,0.486202604818363,2018-07-07,14561.5041,0.38214,0.459439798725225,32.2549581108981,1.00024640110819
"AM",71,0.137988074369236,78.519,78.6947,1.173,"1302405",0,0,0,0,0,0,0,1106.9719,2.925,1.16752340275302,0.39560714157639,2018-07-07,12023.8595,0.33748,0.459439798725225,32.2549581108981,1.00024640110819
"AM",113,0.0607218489242823,211.196,142.4581,1.031,"1302405",73.0265,34.5,0.672,0,0.732,0.067,1.471,502.9821,1.182,1.16752340275302,0.404808516008245,2018-07-07,16254.1561,0.4254,0.459439798725225,32.2549581108981,1.00024640110819
"AM",38,0.269239807896717,74.656,61.7447,0.8,"1302405",13.4522,17.979,0,0,0.057,0,0.057,1155.6039,2.835,1.16752340275302,0.37170804144041,2018-07-07,12066.2627,0.32897,0.459439798725225,32.2549581108981,1.00024640110819
"AM",134,0.102020164678762,255.228,247.8165,0.703,"1302405",6.6651,2.606,0,0.702,0.009,0,0.711,1001.858,2.338,1.16752340275302,0.548610647905687,2018-07-07,17278.2131,0.44437,0.459439798725225,32.2549581108981,1.00024640110819
"AM",19,0.083844959105562,291.352,291.1613,0.085,"1302405",0.0048,0.002,0,0,0,0.001,0.001,1032.5272,2.153,1.16752340275302,0.521770472783803,2018-07-07,17385.8959,0.4103,0.459439798725225,32.2549581108981,1.00024640110819
"AM",70,0.151800886263458,193.33,108.2565,0.841,"1302405",73.7751,38.075,0,0,0,0,0,1765.2758,4.081,1.16752340275302,0.381785757544171,2018-07-07,14163.4341,0.35427,0.459439798725225,32.2549581108981,1.00024640110819
"AM",21,0.0691532811949433,102.405,82.6978,0.33,"1302405",43.4362,42.321,0,2.05,2.012,0,4.062,1998.3975,4.868,1.16752340275302,0.316919132432091,2018-07-07,19705.7749,0.52987,0.459439798725225,32.2549581108981,1.00024640110819
"AM",56,0.116314580197669,99.524,65.3142,1.115,"1302405",54.7894,54.928,0.713,10.7,4.883,0,16.296,1345.0868,3.448,1.16752340275302,0.36722535579442,2018-07-07,13316.0732,0.35911,0.459439798725225,32.2549581108981,1.00024640110819
"AM",447,0.164778724188897,397.305,360.0912,1.614,"1302405",39.7109,9.973,0,0,0.201,0,0.201,976.6456,2.157,1.16752340275302,0.554881597988551,2018-07-07,17690.3431,0.4368,0.459439798725225,32.2549581108981,1.00024640110819
"AM",23,0.0669847429672039,290.183,156.2315,0.191,"1302405",142.4516,48.981,0,1.43,0,0,1.43,2321.4065,5.536,1.16752340275302,0.388297548054882,2018-07-07,17813.4207,0.45427,0.459439798725225,32.2549581108981,1.00024640110819
"AM",9,0.0992781353194363,94.042,60.3482,0.194,"1302405",34.0377,36.113,0,0,0,0,0,1859.7332,4.39,1.16752340275302,0.385637449802278,2018-07-07,13947.5548,0.35601,0.459439798725225,32.2549581108981,1.00024640110819
"AM",85,0.224984946391608,107.706,104.3659,1.059,"1302405",3.6096,3.344,0.395,0,0,0,0.395,1333.7924,3.417,1.16752340275302,0.35023005388155,2018-07-07,13454.4603,0.36778,0.459439798725225,32.2549581108981,1.00024640110819
"AM",30,0.0244169994041488,142.402,43.1999,0.903,"1302405",98.3633,68.92,0,0,0.101,0.077,0.178,435.4614,1.048,1.16752340275302,0.421193252222933,2018-07-07,18971.9367,0.50772,0.459439798725225,32.2549581108981,1.00024640110819
"AM",45,0.188038692709558,67.68,66.9398,0.874,"1302405",1.4084,2.076,0,0,0,0,0,1194.3139,2.991,1.16752340275302,0.368493412267999,2018-07-07,12927.6603,0.35411,0.459439798725225,32.2549581108981,1.00024640110819
"AM",82,0.215099903765095,94.12,77.12,1.382,"1302405",16.7806,17.789,0.978,0,0,0,0.978,1726.8219,4.434,1.16752340275302,0.390294106376459,2018-07-07,14356.6483,0.38813,0.459439798725225,32.2549581108981,1.00024640110819
"AM",33,0.256567905207058,73.009,72.3062,0.593,"1302405",0,0,0,0,0,0,0,1141.5294,2.853,1.16752340275302,0.366752396225239,2018-07-07,13087.3842,0.35721,0.459439798725225,32.2549581108981,1.00024640110819
"AM",72,0.240011011557665,99.647,64.01,1.462,"1302405",27.8642,27.9,0,0,0,0.076,0.076,2527.5406,6.187,1.16752340275302,0.306335548038739,2018-07-07,22279.0365,0.59781,0.459439798725225,32.2549581108981,1.00024640110819
"AM",103,0.1414326805445,188.063,168.5575,0.794,"1302405",20.5854,10.922,0,0,0,0,0,1845.7399,4.443,1.16752340275302,0.448905576807173,2018-07-07,16166.1933,0.4262,0.459439798725225,32.2549581108981,1.00024640110819
"AM",15,0.144903278399397,93.052,91.5007,0.213,"1302405",22.4153,24.036,0,7.878,2.191,4.002,14.071,2340.7299,5.609,1.16752340275302,0.406608110650813,2018-07-07,14181.5457,0.36886,0.459439798725225,32.2549581108981,1.00024640110819
"AM",11,0.0329230181276787,133.348,25.7142,0.556,"1302405",112.6418,84.282,0,0,1.178,0.176,1.354,2125.1362,5.23,1.16752340275302,0.435338053148517,2018-07-07,19206.7831,0.51375,0.459439798725225,32.2549581108981,1.00024640110819
"AM",61,0.150311368869045,68.745,66.8318,1.187,"1302405",2.0822,3.022,0,1.44,0,0,1.44,1018.5883,2.521,1.16752340275302,0.349171074726205,2018-07-07,13036.0513,0.35405,0.459439798725225,32.2549581108981,1.00024640110819
"AM",21,0.191182171857994,47.3,46.6939,0.585,"1302405",0.9783,2.064,0,0,0,0,0,1095.0168,2.947,1.16752340275302,0.389290763501946,2018-07-07,11742.1813,0.33603,0.459439798725225,32.2549581108981,1.00024640110819
"AM",32,0.0897947321298301,114.249,71.9598,0.578,"1302405",59.4667,51.934,1.631,4.116,5.098,0.233,11.078,1225.5873,3.084,1.16752340275302,0.372723997676639,2018-07-07,12283.0157,0.33433,0.459439798725225,32.2549581108981,1.00024640110819
"AM",30,0.0244169994041488,142.354,45.2302,0.862,"1302405",96.0343,67.311,0,0,0,0.125,0.125,436.1326,1.047,1.16752340275302,0.421333139237068,2018-07-07,18979.0363,0.50831,0.459439798725225,32.2549581108981,1.00024640110819
"AM",81,0.228445117486195,90.73,90.5259,1.163,"1302405",0,0,0,0,0,0,0,720.6396,1.668,1.16752340275302,0.498788878108207,2018-07-07,14793.3634,0.3913,0.459439798725225,32.2549581108981,1.00024640110819
"AM",92,0.23020089625053,96.76,77.4106,1.545,"1302405",17.9449,18.504,0.153,0,0,0,0.153,1759.0622,4.491,1.16752340275302,0.385810836268699,2018-07-07,14337.3831,0.38721,0.459439798725225,32.2549581108981,1.00024640110819
"AM",99,0.102188946950294,273.177,272.9911,0.471,"1302405",0.7088,0.259,0,0,0,0,0,1595.0913,3.639,1.16752340275302,0.499095498064075,2018-07-07,15084.1448,0.37207,0.459439798725225,32.2549581108981,1.00024640110819
"AM",332,0.110032453335201,389.533,388.7109,1.11,"1302405",0,0,0,0,0,0,0,1228.6752,2.672,1.16752340275302,0.522207937379688,2018-07-07,16408.7244,0.39289,0.459439798725225,32.2549581108981,1.00024640110819
"AM",90,0.0427833122429999,362.319,320.5506,0.365,"1302405",40.6948,11.207,0,0.416,0.171,0.051,0.638,1077.2973,2.297,1.16752340275302,0.499984653539738,2018-07-07,16570.6052,0.3885,0.459439798725225,32.2549581108981,1.00024640110819
"AM",51,0.176476125728036,99.925,100.1465,0.662,"1302405",0.0136,0.014,0,0,0,0,0,2732.3502,6.772,1.16752340275302,0.411844716636653,2018-07-07,14631.2833,0.39069,0.459439798725225,32.2549581108981,1.00024640110819
"AM",274,0.170345727061966,400.678,330.9511,1.076,"1302405",85.7864,21.362,0.288,2.341,0.132,0,2.761,2313.6491,4.915,1.16752340275302,0.39653617288732,2018-07-07,15521.3225,0.35857,0.459439798725225,32.2549581108981,1.00024640110819
"AM",109,0.164153336057355,287.4,281.2095,0.504,"1302405",5.6456,1.96,0,0.013,0.046,0,0.059,989.5597,2.242,1.16752340275302,0.465482495788664,2018-07-07,15858.2061,0.40067,0.459439798725225,32.2549581108981,1.00024640110819
"AM",185,0.107272771662124,337.04,337.7817,0.712,"1302405",0,0,0,0,0,0,0,964.0576,2.118,1.16752340275302,0.525675892401936,2018-07-07,16466.6728,0.40874,0.459439798725225,32.2549581108981,1.00024640110819
"AM",11,0.215520012116262,123.265,112.9867,0.127,"1302405",5.2517,4.251,0.647,0.2,1.973,0.006,2.826,765.2832,1.791,1.16752340275302,0.482197072611807,2018-07-07,14526.4007,0.38119,0.459439798725225,32.2549581108981,1.00024640110819
"AM",155,0.0606448692805764,321.95,306.0716,0.658,"1302405",21.9494,6.802,0,1.721,0.056,0,1.777,866.2606,2.044,1.16752340275302,0.530927207527142,2018-07-07,15751.1327,0.39751,0.459439798725225,32.2549581108981,1.00024640110819
"AM",73,0.225749676874433,143.819,143.8268,0.66,"1302405",1.1113,0.771,0,0,0.19,0,0.19,731.8141,1.705,1.16752340275302,0.494643247217902,2018-07-07,14744.8013,0.38512,0.459439798725225,32.2549581108981,1.00024640110819
"AM",48,0.0676136665525842,103.053,92.3602,0.676,"1302405",19.2972,18.684,0,0.774,0.946,2.148,3.868,868.5237,2.118,1.16752340275302,0.571903913408064,2018-07-07,17690.1579,0.48613,0.459439798725225,32.2549581108981,1.00024640110819
"AM",35,0.0886103457179776,102.315,93.041,0.489,"1302405",15.2073,14.83,2.717,0,4.161,0.122,7,678.0159,1.689,1.16752340275302,0.412478683050802,2018-07-07,16220.603,0.44723,0.459439798725225,32.2549581108981,1.00024640110819
"AM",12,0.188239233795643,98.972,93.6082,0.167,"1302405",6.2498,6.301,0,0.003,0,0,0.003,1994.536,4.984,1.16752340275302,0.342305797451206,2018-07-07,16721.0301,0.45093,0.459439798725225,32.2549581108981,1.00024640110819
"AM",53,0.116845637136884,302.656,142.5894,0.483,"1302405",214.1166,70.588,0,0.065,14.837,0.22,15.122,1151.371,2.595,1.16752340275302,0.453869324664404,2018-07-07,16769.0654,0.42264,0.459439798725225,32.2549581108981,1.00024640110819
"AM",79,0.159714022122695,55.065,45.0379,2.28,"1302405",11.5645,20.955,0,0.713,0,0,0.713,1324.6176,3.153,1.16752340275302,0.37696700575716,2018-07-07,12653.7047,0.32821,0.459439798725225,32.2549581108981,1.00024640110819
"AM",71,0.173775303150282,108.393,108.4134,0.851,"1302405",0,0,0,0,0,0,0,1337.6138,3.425,1.16752340275302,0.362155862740042,2018-07-07,13472.5644,0.36387,0.459439798725225,32.2549581108981,1.00024640110819
"AM",27,0.103085285053373,97.743,27.4598,1.278,"1302405",73.2818,74.807,1.271,0.133,0.433,0,1.837,2073.1759,5.241,1.16752340275302,0.379225520052586,2018-07-07,16735.1831,0.45164,0.459439798725225,32.2549581108981,1.00024640110819
"AM",6,0.115601693574094,66.019,63.5767,0.123,"1302405",22.2156,33.575,0,27.105,0,0,27.105,1367.1415,3.535,1.16752340275302,0.389666459599563,2018-07-07,11934.7733,0.3335,0.459439798725225,32.2549581108981,1.00024640110819
"AM",14,0.0573287977136282,69.345,38.3464,0.475,"1302405",41.3003,59.425,9.644,6.85,0,0.384,16.878,319.2599,0.815,1.16752340275302,0.411430930956758,2018-07-07,17219.2996,0.47601,0.459439798725225,32.2549581108981,1.00024640110819
"PA",11,0.112360956446232,37.13,37.2137,0.384,"1500347",0,0,6.042,0,0,0,6.042,772.6287,2.067,1.41812680027879,0.15148103180224,2018-07-04,3684.9596,0.10392,0.260543891191483,32.4138255945496,5.75713509573788
"PA",72,0.131976350441119,269.76,244.217,0.383,"1500347",33.3029,12.318,0,1.19,0,0,1.19,381.0323,0.909,1.41812680027879,0.243883373029391,2018-07-04,4637.5991,0.11541,0.260543891191483,32.4138255945496,5.75713509573788
"PA",100,0.139323096384306,199.017,166.8201,0.779,"1500347",33.845,16.968,0,0,0,0,0,399.8006,1.016,1.41812680027879,0.231999512904964,2018-07-04,4002.6136,0.1059,0.260543891191483,32.4138255945496,5.75713509573788
"PA",50,0.26047584659631,56.961,55.7103,1.167,"1500347",1.1724,2.054,0,0,0,0,0,1004.1598,2.573,1.41812680027879,0.362622867498962,2018-06-01,4855.0302,0.13779,0.260543891191483,32.4138255945496,5.75713509573788
"PA",7,0.180064487849264,41.254,41.3463,0.22,"1500347",0.0146,0.035,0,0,0,0,0,990.1826,2.637,1.41812680027879,0.29060588856279,2018-07-07,4363.8018,0.1245,0.260543891191483,32.4138255945496,5.75713509573788
"PA",18,0.104094386426722,87.872,88.0683,0.266,"1500347",0,0,0,0,0,0,0,735.935,1.947,1.41812680027879,0.165219965228422,2018-07-04,4429.2441,0.12352,0.260543891191483,32.4138255945496,5.75713509573788
"PA",138,0.0790523284138782,589.734,548.3113,0.327,"1500347",44.8176,7.583,0.187,0.107,0,0,0.294,823.5568,1.848,1.41812680027879,0.159497406789036,2018-07-04,5368.1006,0.1258,0.260543891191483,32.4138255945496,5.75713509573788
"PA",11,0.171478728005048,50.553,50.6013,0.283,"1500347",0,0,0,0,0,0,0,615.0231,1.679,1.41812680027879,0.195048885359896,2018-07-04,4127.735,0.11805,0.260543891191483,32.4138255945496,5.75713509573788
"PA",23,0.190815269667488,55.587,55.7119,0.537,"1500347",0,0,0,0,0,0,0,1316.5489,3.322,1.41812680027879,0.292101811834778,2018-07-07,6126.1102,0.17517,0.260543891191483,32.4138255945496,5.75713509573788
"PA",23,0.0973045890484945,136.961,134.764,0.222,"1500347",5.1542,3.755,0.336,0.445,0.585,0,1.366,1643.718,4.104,1.41812680027879,0.386620619554392,2018-06-01,6019.9018,0.16279,0.260543891191483,32.4138255945496,5.75713509573788
"PA",37,0.0565685424949238,40.218,37.8372,1.271,"1500347",3.7566,9.32,7.848,1.331,0,0,9.179,637.9528,1.743,1.41812680027879,0.172594948755789,2018-07-04,3692.0779,0.10566,0.260543891191483,32.4138255945496,5.75713509573788
"PA",26,0.0761558923831423,96.87,84.2253,0.401,"1500347",13.7205,14.132,9.655,0,0.519,0.87,11.044,1195.5257,2.92,1.41812680027879,0.331229044957672,2018-07-07,5141.0188,0.13978,0.260543891191483,32.4138255945496,5.75713509573788
"PA",21,0.139797370927964,74.27,74.4365,0.367,"1500347",0,0,0,0,0,0,0,735.4916,1.958,1.41812680027879,0.166212021232924,2018-07-04,4624.7047,0.12939,0.260543891191483,32.4138255945496,5.75713509573788
"PA",144,0.0759831722579342,489.846,484.78,0.386,"1500347",14.2097,2.894,0.783,0.575,0.127,0.064,1.549,588.2031,1.319,1.41812680027879,0.207146922196989,2018-07-04,4534.2945,0.10645,0.260543891191483,32.4138255945496,5.75713509573788
"PA",71,0.101382563911475,260.61,261.1933,0.353,"1500347",0,0,0,0,0,0,0,510.8327,1.256,1.41812680027879,0.20666631688783,2018-07-04,3856.2432,0.09917,0.260543891191483,32.4138255945496,5.75713509573788
"PA",137,0.0499213662584287,664.889,540.3507,0.33,"1500347",115.4195,17.32,0,0,0.148,0.04,0.188,684.8449,1.518,1.41812680027879,0.176450127332109,2018-07-04,4436.1789,0.10284,0.260543891191483,32.4138255945496,5.75713509573788
"PA",113,0.163069906860355,149.025,149.3589,0.984,"1500347",0,0,0,0,0,0,0,764.5878,1.959,1.41812680027879,0.168193130622527,2018-07-04,4983.5977,0.13437,0.260543891191483,32.4138255945496,5.75713509573788
"PA",106,0.133537458036629,281.126,276.3098,0.499,"1500347",2.2394,0.795,0,0,0,0,0,1329.3445,2.928,1.41812680027879,0.328685992683922,2018-06-01,6482.1605,0.16075,0.260543891191483,32.4138255945496,5.75713509573788
"PA",30,0.150486932298959,44.986,45.0869,0.865,"1500347",0,0,0.142,0,0,0,0.142,789.2624,2.081,1.41812680027879,0.152429894249484,2018-07-04,3894.0378,0.10828,0.260543891191483,32.4138255945496,5.75713509573788
"PA",34,0.128693210864256,102.602,100.1505,0.441,"1500347",3.4988,3.402,0.212,0,0.337,0,0.549,989.7496,2.478,1.41812680027879,0.357204328007966,2018-06-01,5235.7288,0.14517,0.260543891191483,32.4138255945496,5.75713509573788
"PA",26,0.153863046152958,107.923,101.7171,0.332,"1500347",6.3502,5.871,0,0,0,0,0,1280.1304,3.119,1.41812680027879,0.320784792372288,2018-06-01,6361.1135,0.1754,0.260543891191483,32.4138255945496,5.75713509573788
"PA",67,0.0777332881893247,223.266,207.9452,0.419,"1500347",28.2457,12.623,0,0.439,3.635,0,4.074,737.4366,1.822,1.41812680027879,0.190191118223947,2018-07-04,5380.4099,0.13904,0.260543891191483,32.4138255945496,5.75713509573788
"PA",66,0.0567148688272271,119.233,88.5736,0.969,"1500347",32.2494,26.987,0,0,0,0,0,431.4942,1.086,1.41812680027879,0.235726890801515,2018-07-04,5507.7132,0.14612,0.260543891191483,32.4138255945496,5.75713509573788
"PA",28,0.0724188913572043,223.874,199.1953,0.183,"1500347",35.4827,15.814,2.309,0.239,0,0,2.548,629.8187,1.572,1.41812680027879,0.192803698981828,2018-07-04,4103.9285,0.10729,0.260543891191483,32.4138255945496,5.75713509573788
"PA",35,0.0902969885868222,98.987,99.2065,0.459,"1500347",6.5364,6.589,0,0.631,2.443,0.856,3.93,1181.4568,2.905,1.41812680027879,0.318787568130425,2018-07-07,4701.63,0.12766,0.260543891191483,32.4138255945496,5.75713509573788
"PA",46,0.115671107681339,139.76,140.0731,0.427,"1500347",0,0,0,0,0,0,0,671.0329,1.74,1.41812680027879,0.182291230244395,2018-07-04,4297.7647,0.11649,0.260543891191483,32.4138255945496,5.75713509573788
"PA",10,0.0670069841429707,54.784,50.9268,0.255,"1500347",7.8662,14.326,2.972,0,0,0,2.972,1249.2148,3.175,1.41812680027879,0.330715430334981,2018-07-07,5076.9648,0.14356,0.260543891191483,32.4138255945496,5.75713509573788
"PA",34,0.0369351126577998,121.258,107.3414,0.412,"1500347",15.7846,12.988,0.014,0,0,0,0.014,1189.5014,2.92,1.41812680027879,0.320698521759433,2018-07-07,5195.8472,0.14244,0.260543891191483,32.4138255945496,5.75713509573788
"PA",7,0.090304793552275,42.273,42.3676,0.215,"1500347",1.8004,4.249,0.667,0,0,0,0.667,735.6145,2.006,1.41812680027879,0.165239509507004,2018-07-04,4142.3094,0.11917,0.260543891191483,32.4138255945496,5.75713509573788
"PA",21,0.109025674100428,45.824,45.9267,0.594,"1500347",0,0,0,0,0,0,0,769.2276,2.044,1.41812680027879,0.152645864353793,2018-07-04,3742.8225,0.10482,0.260543891191483,32.4138255945496,5.75713509573788
"PA",324,0.163376921576891,370.265,371.0933,1.135,"1500347",0.0894,0.024,0.145,0,0,0,0.145,649.8613,1.529,1.41812680027879,0.217514917282076,2018-07-04,6281.1767,0.15548,0.260543891191483,32.4138255945496,5.75713509573788
"PA",39,0.0429635071666941,174.647,175.0374,0.29,"1500347",0,0,0,0,0,0,0,720.9439,1.822,1.41812680027879,0.181457884141181,2018-07-04,5033.8793,0.13279,0.260543891191483,32.4138255945496,5.75713509573788
"PA",6,0.0648483955905688,106.862,91.6098,0.085,"1500347",44.8404,41.867,0,2.238,8.448,0.795,11.481,1173.1511,2.883,1.41812680027879,0.34194329035358,2018-06-01,6038.6073,0.16698,0.260543891191483,32.4138255945496,5.75713509573788
"PA",67,0.0763817184353888,267.887,199.8951,0.436,"1500347",70.4545,26.241,0,0,0,0,0,380.0982,0.918,1.41812680027879,0.244412677820652,2018-07-04,4597.5015,0.11511,0.260543891191483,32.4138255945496,5.75713509573788
"PA",62,0.101944947305047,108.173,96.1125,0.839,"1500347",24.4431,22.546,0,0.495,4.288,0,4.783,1239.9967,3.02,1.41812680027879,0.327688094644658,2018-06-01,6246.3652,0.17255,0.260543891191483,32.4138255945496,5.75713509573788
"PA",28,0.20238400342737,107.616,107.8574,0.337,"1500347",0,0,0,0,0,0,0,1091.6186,2.683,1.41812680027879,0.34957519639848,2018-06-01,5725.9805,0.15824,0.260543891191483,32.4138255945496,5.75713509573788
"PA",17,0.0613893604569265,89.389,85.9696,0.257,"1500347",7.5663,8.446,1.696,0,1.86,0.305,3.861,1199.4885,3.029,1.41812680027879,0.31065951903043,2018-07-07,4744.5888,0.13228,0.260543891191483,32.4138255945496,5.75713509573788
"PA",66,0.079929280777096,175.024,174.6136,0.491,"1500347",8.0067,4.564,0.561,0.877,1.886,0.229,3.553,1870.0796,4.558,1.41812680027879,0.368568326160428,2018-06-01,6416.2282,0.16912,0.260543891191483,32.4138255945496,5.75713509573788
"PA",7,0.0795709104697997,35.602,35.6816,0.255,"1500347",0.0453,0.127,0,0,0,0,0,613.4543,1.707,1.41812680027879,0.17986334397266,2018-07-04,3657.6393,0.10641,0.260543891191483,32.4138255945496,5.75713509573788
"PA",50,0.099016355540402,209.124,208.775,0.311,"1500347",1.1863,0.566,0.767,0,0,0,0.767,1262.0786,2.983,1.41812680027879,0.298424811750598,2018-07-07,5387.063,0.13911,0.260543891191483,32.4138255945496,5.75713509573788
"PA",46,0.0475031803974056,311.334,298.6319,0.2,"1500347",24.0537,7.709,0.286,0,1.746,0.914,2.946,1221.3839,2.666,1.41812680027879,0.308106328480769,2018-07-07,5332.6446,0.12839,0.260543891191483,32.4138255945496,5.75713509573788
"PA",7,0.050170158738152,108.315,107.5066,0.085,"1500347",25.9369,23.892,1.153,0.49,20.511,3.428,25.582,1490.7919,3.567,1.41812680027879,0.298313404259676,2018-07-07,6354.9711,0.17105,0.260543891191483,32.4138255945496,5.75713509573788
"PA",57,0.125122720420354,177.646,176.97,0.419,"1500347",2.1455,1.205,0,0,0,0,0,1109.3459,2.632,1.41812680027879,0.29078104640236,2018-07-07,5246.1096,0.1348,0.260543891191483,32.4138255945496,5.75713509573788
"PA",10,0.0986823411160829,68.179,68.3316,0.19,"1500347",9.6529,14.127,2.283,12.557,0,0,14.84,373.5731,0.994,1.41812680027879,0.228376690315659,2018-07-04,3570.2441,0.09864,0.260543891191483,32.4138255945496,5.75713509573788
"PA",37,0.0735227044959082,157.976,158.33,0.304,"1500347",0,0,0,0,0,0,0,690.8266,1.749,1.41812680027879,0.203089920352501,2018-07-04,5480.7763,0.1454,0.260543891191483,32.4138255945496,5.75713509573788
"PA",138,0.108882685860537,219.871,219.8671,0.816,"1500347",0,0,0,0,0,0,0,776.1632,1.838,1.41812680027879,0.18736496252022,2018-07-04,5575.9687,0.13929,0.260543891191483,32.4138255945496,5.75713509573788
"PA",10,0.059711369958761,57.038,30.5459,0.426,"1500404",31.9523,55.894,0,0.694,4.61,0.03,5.334,2617.3924,6.652,1.14784513268548,0.680168442712729,2019-07-30,12678.577,0.34698,0.285112971037018,32.1861613117474,3.58946405422912
"PA",27,0.0952245361050816,140.078,123.3944,0.284,"1500404",18.2563,13.004,2.892,0.452,0,0,3.344,2298.4146,5.698,1.14784513268548,0.673688601613075,2019-07-30,12440.7038,0.33292,0.285112971037018,32.1861613117474,3.58946405422912
"PA",6,0.0831986646363588,39.912,16.4829,0.473,"1500404",28.2291,70.569,8.301,3.297,5.932,3.261,20.791,2802.444,7.529,1.14784513268548,0.965898510335998,2019-07-05,22818.1662,0.65924,0.285112971037018,32.1861613117474,3.58946405422912
"PA",18,0.219699102117361,19.744,19.724,1.186,"1500404",1.0681,5.398,0,0.449,3.781,0,4.23,2191.9261,5.905,1.14784513268548,0.669499286184717,2019-07-30,11169.8662,0.32491,0.285112971037018,32.1861613117474,3.58946405422912
"PA",15,0.127254536355992,34.267,21.6204,0.902,"1500404",12.7616,37.159,0,7.292,0,0,7.292,3031.2905,8.207,1.14784513268548,1.0335791359218,2019-07-05,22607.7987,0.65238,0.285112971037018,32.1861613117474,3.58946405422912
"PA",20,0.150654272015179,43.555,40.6071,0.64,"1500404",3.4836,7.98,2.773,3.226,0,0,5.999,2193.8667,5.837,1.14784513268548,0.709858719687589,2019-07-30,12333.1128,0.35494,0.285112971037018,32.1861613117474,3.58946405422912
"PA",13,0.0806186217847897,50.348,50.4007,0.335,"1500404",1.4251,2.824,4.457,2.646,0,0,7.103,2184.3242,5.624,1.14784513268548,0.714682119607374,2019-07-30,12691.5825,0.35426,0.285112971037018,32.1861613117474,3.58946405422912
"PA",12,0.142860020171263,62.102,34.9002,0.447,"1500404",45.3689,72.892,6.565,17.901,1.768,3.182,29.416,2249.9466,5.777,1.14784513268548,1.10750216143856,2019-07-05,27685.9008,0.75428,0.285112971037018,32.1861613117474,3.58946405422912
"PA",9,0.0564906698590146,47.53,17.3791,0.673,"1500404",37.7287,79.202,12.14,12.103,1.293,0.944,26.48,3047.3958,7.715,1.14784513268548,0.979109907551186,2019-07-05,24846.3718,0.67504,0.285112971037018,32.1861613117474,3.58946405422912
"PA",17,0.129556343352751,36.772,36.7525,0.601,"1500404",0.1489,0.404,0,0,0,0,0,2202.4684,5.9,1.14784513268548,0.686825185281455,2019-07-30,11935.6047,0.34566,0.285112971037018,32.1861613117474,3.58946405422912
"PA",10,0.0653197264742181,50.816,26.0843,0.498,"1500404",17.1955,33.763,4.18,3.606,0,0,7.786,3016.5274,8.015,1.14784513268548,1.04482167374637,2019-07-05,23842.193,0.67086,0.285112971037018,32.1861613117474,3.58946405422912
"PA",18,0.132085975108143,38.824,20.7949,1.125,"1500404",18.8698,48.495,0.249,0,0,0,0.249,2982.8665,7.999,1.14784513268548,0.997005233689986,2019-07-05,23751.0411,0.68363,0.285112971037018,32.1861613117474,3.58946405422912
"PA",22,0.0849860838940867,66.979,47.419,0.603,"1500404",33.4005,49.756,0,17.256,5.335,0.062,22.653,2902.5678,7.431,1.14784513268548,1.06274707259557,2019-07-05,24468.1827,0.67132,0.285112971037018,32.1861613117474,3.58946405422912
"PA",6,0.0743841079140897,99.293,44.871,0.174,"1500404",63.7596,64.07,12.003,0.994,1.632,1.591,16.22,2533.6886,6.137,1.14784513268548,1.10600104444129,2019-07-05,29057.9625,0.74177,0.285112971037018,32.1861613117474,3.58946405422912
"PA",14,0.190405888501713,25.566,25.3891,0.717,"1500404",3.1293,12.213,0,0.336,3.791,0,4.127,2194.8934,5.91,1.14784513268548,0.669167019384315,2019-07-30,11181.0205,0.32517,0.285112971037018,32.1861613117474,3.58946405422912
"PA",12,0.18061862178479,28.514,13.911,1.121,"1500404",22.7084,79.46,4.789,12.608,1.889,1.068,20.354,2735.3994,7.204,1.14784513268548,0.708022795428049,2019-07-30,12966.6248,0.36881,0.285112971037018,32.1861613117474,3.58946405422912
"PA",42,0.0723959406062121,294.927,154.5533,0.353,"1500404",122.3522,41.393,8.397,1.864,1.198,0.028,11.487,2914.7108,6.596,1.14784513268548,1.07332464492293,2019-07-05,28889.2698,0.70522,0.285112971037018,32.1861613117474,3.58946405422912
"PA",6,0.015480725544864,428.113,158.1671,0.049,"1500404",273.9488,63.847,0.11,0.252,0,1.132,1.494,3325.1943,7.391,1.14784513268548,1.0616816891103,2019-07-05,29188.4914,0.68823,0.285112971037018,32.1861613117474,3.58946405422912
"PA",7,0.0503828571608421,49.543,4.5479,2.001,"1500404",45.244,91.12,4.391,0.238,1.449,1.028,7.106,3003.1913,7.28,1.14784513268548,0.991693819052067,2019-07-05,27653.8065,0.73594,0.285112971037018,32.1861613117474,3.58946405422912
"PA",17,0.0389890497271289,139.483,122.33,0.181,"1500404",19.9224,14.251,0.811,0,0,0,0.811,2505.7635,6.163,1.14784513268548,0.700520685797343,2019-07-30,13532.464,0.35823,0.285112971037018,32.1861613117474,3.58946405422912
"PA",5,0.111111111111111,28.703,11.7048,0.555,"1500404",18.6858,64.954,1.054,3.509,2.863,1.034,8.46,2615.6772,7.03,1.14784513268548,0.685423391380615,2019-07-30,12433.3024,0.36009,0.285112971037018,32.1861613117474,3.58946405422912
"PA",8,0.0489349901019211,91.835,35.8188,0.29,"1500404",51.9508,56.443,6.303,1.007,0.299,0,7.609,3204.7041,7.629,1.14784513268548,1.05735850606732,2019-07-05,26798.3744,0.68291,0.285112971037018,32.1861613117474,3.58946405422912
"PA",5,0.0859931965704424,23.824,17.6762,0.368,"1500404",5.5942,23.429,0.94,0.003,3.349,0,4.292,3027.7702,8.223,1.14784513268548,1.01449772254781,2019-07-05,22659.9512,0.65911,0.285112971037018,32.1861613117474,3.58946405422912
"PA",10,0.0821694760242015,72.266,37.4762,0.347,"1500404",20.0538,27.688,1.583,2.609,3.23,0.799,8.221,2587.171,6.712,1.14784513268548,1.06825280600452,2019-07-05,24925.9584,0.6939,0.285112971037018,32.1861613117474,3.58946405422912
"PA",14,0.10377097434822,71.874,36.6753,0.496,"1500404",20.0996,27.903,2.537,3.603,3.096,0.418,9.654,2581.7162,6.7,1.14784513268548,1.06838593126797,2019-07-05,24905.2683,0.69384,0.285112971037018,32.1861613117474,3.58946405422912
"PA",7,0.209972895570472,17.259,16.7399,0.544,"1500404",0.5495,3.177,0,0,0,0,0,2385.5267,6.473,1.14784513268548,0.666218824442136,2019-07-30,11348.0397,0.33132,0.285112971037018,32.1861613117474,3.58946405422912
"PA",8,0.176889917987346,12.437,11.0844,0.938,"1500404",0.5122,4.109,0,0,0,0,0,2140.4072,5.806,1.14784513268548,0.660827962458765,2019-07-30,10675.6201,0.31264,0.285112971037018,32.1861613117474,3.58946405422912
"PA",45,0.112334319297088,73.734,71.0944,0.823,"1500404",20.9093,28.295,0,0,0,0,0,2711.7343,6.852,1.14784513268548,0.666133229382407,2019-07-30,12624.0902,0.34335,0.285112971037018,32.1861613117474,3.58946405422912
"PA",7,0.119149970366837,34.427,30.2087,0.301,"1500404",1.8504,5.363,0.482,0.268,0.431,0,1.181,2902.6339,7.862,1.14784513268548,1.03662365471571,2019-07-05,22111.6848,0.63047,0.285112971037018,32.1861613117474,3.58946405422912
"PA",23,0.176490057165878,37.574,36.5661,0.818,"1500404",0.9316,2.474,0,0,0,0,0,2145.1655,5.736,1.14784513268548,0.658930249887874,2019-07-30,10811.0151,0.31178,0.285112971037018,32.1861613117474,3.58946405422912
"PA",8,0.123743340026832,37.131,28.6084,0.364,"1500404",12.4997,33.589,0,0,0,2.538,2.538,3033.1728,8.131,1.14784513268548,0.687371623162414,2019-07-30,13184.3602,0.37854,0.285112971037018,32.1861613117474,3.58946405422912
"PA",47,0.129017107152317,65.273,59.2555,1.031,"1500404",29.9642,45.803,2.75,25.724,10.864,0,39.338,2595.5952,6.79,1.14784513268548,0.692619286365203,2019-07-30,12865.1424,0.36267,0.285112971037018,32.1861613117474,3.58946405422912
"PA",8,0.129932295550137,38.505,30.5535,0.34,"1500404",8.9637,23.227,5.827,1.524,0.95,0,8.301,2236.3929,5.867,1.14784513268548,0.707782324373696,2019-08-19,15829.8879,0.44768,0.285112971037018,32.1861613117474,3.58946405422912
"PA",23,0.204524443033183,34.312,30.3921,0.984,"1500404",5.3448,15.542,0,0,3.924,0,3.924,2351.2193,6.316,1.14784513268548,0.664590156612958,2019-07-30,11268.3824,0.3262,0.285112971037018,32.1861613117474,3.58946405422912
"PA",12,0.100278441571522,71.659,52.7922,0.295,"1500404",15.851,22.071,0,0,0,0,0,3243.8095,8.45,1.14784513268548,1.02009701471857,2019-07-05,23238.4887,0.64719,0.285112971037018,32.1861613117474,3.58946405422912
"PA",49,0.144966868060513,133.555,128.3155,0.496,"1500404",7.6717,5.731,0,0.623,0.17,0,0.793,2956.8174,7.355,1.14784513268548,0.671440099792559,2019-07-30,13185.1975,0.35218,0.285112971037018,32.1861613117474,3.58946405422912
"PA",17,0.146523097611552,61.443,41.3567,0.534,"1500404",26.4108,42.888,9.597,0.034,0.239,8.011,17.881,2981.8725,7.533,1.14784513268548,1.05369388899726,2019-07-05,24796.0256,0.67358,0.285112971037018,32.1861613117474,3.58946405422912
"PA",16,0.158205089916425,47.164,40.8024,0.51,"1500404",3.9916,8.444,0,0,0,0,0,2081.9546,5.538,1.14784513268548,0.656502922631691,2019-07-30,10798.3436,0.30982,0.285112971037018,32.1861613117474,3.58946405422912
"PA",7,0.147493647433382,9.448,9.2168,0.987,"1500404",0.7385,7.799,0,0,0,0,0,2185.842,6.066,1.14784513268548,0.668663474501615,2019-07-30,10963.9282,0.32947,0.285112971037018,32.1861613117474,3.58946405422912
"PA",10,0.0931186217847897,49.739,35.9839,0.361,"1500404",18.4308,36.972,5.885,0,9.77,0,15.655,1907.7238,5.008,1.14784513268548,0.715751025521753,2019-07-30,12467.3755,0.35714,0.285112971037018,32.1861613117474,3.58946405422912
"PA",5,0.08,31.818,30.7051,0.212,"1500404",4.0745,12.777,0.57,0.748,5.432,0,6.75,2602.2789,7.083,1.14784513268548,0.719180642852615,2019-07-30,12433.2736,0.3629,0.285112971037018,32.1861613117474,3.58946405422912
"PA",28,0.081060494488211,45.253,34.4066,1.058,"1500404",9.3458,20.606,0,0,0,0,0,3170.0071,8.36,1.14784513268548,0.68350438540939,2019-07-30,13558.3549,0.38477,0.285112971037018,32.1861613117474,3.58946405422912
"PA",8,0.0779188841433611,78.943,76.2966,0.136,"1500404",1.7991,2.274,0,0,0,0,0,2030.3045,5.23,1.14784513268548,0.713226866073378,2019-07-30,12623.9034,0.35449,0.285112971037018,32.1861613117474,3.58946405422912
"PA",44,0.145188310247285,99.586,85.1112,0.672,"1500404",14.182,14.209,0,1.803,0,0,1.803,2315.936,5.778,1.14784513268548,0.686234168711967,2019-07-30,13071.9296,0.35196,0.285112971037018,32.1861613117474,3.58946405422912
"PA",15,0.127254536355992,34.267,21.6483,0.901,"1500404",12.7492,37.122,0,7.308,0,0,7.308,3031.6569,8.208,1.14784513268548,1.03358976068649,2019-07-05,22606.7381,0.65236,0.285112971037018,32.1861613117474,3.58946405422912
"PA",26,0.197979589711327,30.634,30.7026,1.101,"1500404",0,0,0,0,0,0,0,2246.3836,5.911,1.14784513268548,0.695943005854599,2019-07-30,12461.1198,0.35358,0.285112971037018,32.1861613117474,3.58946405422912
"PA",20,0.0603438997013894,120.506,102.8431,0.253,"1500404",6.3172,5.23,1.032,0,0.829,0,1.861,2213.617,5.437,1.14784513268548,0.688043706845292,2019-08-19,18328.2541,0.47995,0.285112971037018,32.1861613117474,3.58946405422912
"PA",34,0.0790822476298918,92.048,68.3337,0.647,"1500404",42.3482,45.904,16.947,13.615,0,3.362,33.924,2543.0449,6.451,1.14784513268548,1.08885625835435,2019-07-05,25469.7426,0.69305,0.285112971037018,32.1861613117474,3.58946405422912
"PA",44,0.230750990821172,42.356,39.6673,1.442,"1500404",3.0098,7.09,0,0,0,0,0,2474.722,6.572,1.14784513268548,0.68829123721064,2019-07-30,12476.3191,0.35776,0.285112971037018,32.1861613117474,3.58946405422912
"PA",6,0.174535599249993,19.988,19.9499,0.391,"1500404",0.5682,2.836,0,0,0,0,0,1949.5492,5.201,1.14784513268548,0.694913045102548,2019-07-30,12358.2113,0.35895,0.285112971037018,32.1861613117474,3.58946405422912
"PA",13,0.198986024151536,67.148,63.5478,0.266,"1500404",4.8373,7.188,1.604,2.31,0,0,3.914,2148.8549,5.63,1.14784513268548,0.725076972098363,2019-07-30,12476.4653,0.35427,0.285112971037018,32.1861613117474,3.58946405422912
"PA",50,0.151355888238344,171.13,109.7035,0.593,"1500404",39.5065,23.034,15.748,0.01,0.367,0.353,16.478,3010.7516,7.19,1.14784513268548,1.0574519150417,2019-07-05,26654.4976,0.68463,0.285112971037018,32.1861613117474,3.58946405422912
"PA",6,0.05,18.108,16.3434,0.477,"1500404",0.8377,4.616,0,0,0,0,0,2966.9622,8.129,1.14784513268548,1.03284523538716,2019-07-05,22426.0442,0.65312,0.285112971037018,32.1861613117474,3.58946405422912
"PA",5,0.0862372435695794,23.625,20.7744,0.313,"1500404",2.7973,11.814,0,4.943,0,0,4.943,2163.6471,5.827,1.14784513268548,0.667378453602413,2019-07-30,11084.2454,0.32205,0.285112971037018,32.1861613117474,3.58946405422912
"PA",18,0.0992229191197412,42.022,34.9503,0.67,"1500404",25.4702,60.476,2.777,16.443,28.104,0,47.324,2473.6778,6.498,1.14784513268548,1.07992992822281,2019-07-05,24526.6771,0.69344,0.285112971037018,32.1861613117474,3.58946405422912
"PA",18,0.220732318795193,70.176,62.8416,0.372,"1500404",7.9687,11.33,1.535,2.302,0,0,3.837,2143.0108,5.606,1.14784513268548,0.725560748798302,2019-07-30,12501.8024,0.35468,0.285112971037018,32.1861613117474,3.58946405422912
"PA",16,0.0365776974595067,201.226,36.8289,0.565,"1500404",177.6445,88.084,0.808,3.785,1.89,0,6.483,2542.3347,6.222,1.14784513268548,1.09614647484508,2019-07-05,28163.1223,0.72795,0.285112971037018,32.1861613117474,3.58946405422912
"PA",7,0.108163516505652,40.878,32.7337,0.278,"1500404",1.5013,3.665,0,0,0,0,0,2031.5306,5.326,1.14784513268548,0.667904273202296,2019-07-30,12080.6036,0.34008,0.285112971037018,32.1861613117474,3.58946405422912
"PA",11,0.0920870429729576,71.52,41.5366,0.344,"1500404",38.1187,53.179,0.256,11.893,5.504,0,17.653,3197.4145,8.316,1.14784513268548,1.03781851233231,2019-07-05,23733.2459,0.66044,0.285112971037018,32.1861613117474,3.58946405422912
"PA",5,0.0921355677540454,22.976,14.5529,0.447,"1500404",9.6651,41.972,0,5.915,0.369,0,6.284,2233.2693,6.029,1.14784513268548,0.655644127927306,2019-07-30,11003.4543,0.31964,0.285112971037018,32.1861613117474,3.58946405422912
"PA",11,0.0705882352941177,56.037,54.7337,0.261,"1500404",1.6369,2.915,0,1.995,0,0,1.995,2473.9741,6.533,1.14784513268548,0.704219535394541,2019-07-30,12848.9244,0.36571,0.285112971037018,32.1861613117474,3.58946405422912
"PA",5,0.0907877538267963,37.386,35.7425,0.182,"1500404",1.7167,4.581,8.699,0,0,0,8.699,2583.1362,6.916,1.14784513268548,0.677100992620782,2019-07-30,12187.3913,0.35119,0.285112971037018,32.1861613117474,3.58946405422912
"PA",19,0.19068567862538,38.267,35.4739,0.696,"1500404",2.1347,5.566,0,0,0,0,0,3031.4863,8.215,1.14784513268548,1.0238469179324,2019-07-05,21875.2325,0.62481,0.285112971037018,32.1861613117474,3.58946405422912
"PA",7,0.145241673380344,30.645,24.9393,0.365,"1500404",5.4728,17.819,2.856,0,0,1.176,4.032,2141.6986,5.81,1.14784513268548,0.689061651901213,2019-07-30,12059.6228,0.35315,0.285112971037018,32.1861613117474,3.58946405422912
"PA",5,0.137979589711327,15.609,13.9663,0.465,"1500404",1.5701,10.037,0.79,0,1.045,0,1.835,2971.793,8.248,1.14784513268548,1.02813761726415,2019-07-05,21863.456,0.65093,0.285112971037018,32.1861613117474,3.58946405422912
"PA",13,0.0748331477354788,16.417,14.8119,1.141,"1500404",1.135,6.898,0,0,0,0,0,2018.6218,5.344,1.14784513268548,0.671754328514511,2019-07-30,12312.5486,0.35032,0.285112971037018,32.1861613117474,3.58946405422912
"PA",7,0.0644948974278318,31.296,28.4547,0.32,"1500404",2.1082,6.721,0.189,0,0,0,0.189,2094.485,5.529,1.14784513268548,0.701775557957816,2019-07-30,12429.7111,0.35713,0.285112971037018,32.1861613117474,3.58946405422912
"PA",22,0.145106224903679,100.395,93.6471,0.305,"1500404",11.0594,10.991,14.639,0.73,1.174,2.053,18.596,2595.3843,6.575,1.14784513268548,0.739008243834422,2019-08-19,15813.4203,0.43145,0.285112971037018,32.1861613117474,3.58946405422912
"PA",18,0.116637516135005,81.772,53.7951,0.435,"1500404",28.9363,35.308,6.719,0,0.091,0.439,7.249,2761.5549,7.21,1.14784513268548,1.06486201709916,2019-07-05,24464.7771,0.6727,0.285112971037018,32.1861613117474,3.58946405422912
"PA",42,0.0988168022197088,213.523,157.5128,0.347,"1500404",69.3877,32.424,1.246,0.602,3.823,0,5.671,2600.0657,6.347,1.14784513268548,0.720874211439921,2019-08-19,16669.5308,0.43452,0.285112971037018,32.1861613117474,3.58946405422912
"PA",8,0.136907376701021,20.605,20.6516,0.504,"1500404",0,0,0,0,0,0,0,2218.909,6.054,1.14784513268548,0.682122052341246,2019-07-30,11602.6849,0.34213,0.285112971037018,32.1861613117474,3.58946405422912
"PA",5,0.0311636337640497,118.548,99.333,0.065,"1500404",19.6734,16.558,0.3,0,0.862,0,1.162,2197.5255,5.362,1.14784513268548,0.663041805006894,2019-07-30,12890.6448,0.33855,0.285112971037018,32.1861613117474,3.58946405422912
"PA",5,0.0222222222222222,27.522,14.9349,0.435,"1500404",13.7457,49.833,3.273,15.2,0,0,18.473,2883.7652,8.01,1.14784513268548,1.02942915363743,2019-07-05,21331.2933,0.62338,0.285112971037018,32.1861613117474,3.58946405422912
"PA",13,0.18337982910457,66.337,28.6553,0.59,"1500404",53.3593,80.257,0.812,4.994,8.971,3.143,17.92,2642.5965,6.825,1.14784513268548,1.0585695403619,2019-07-05,24618.7115,0.68758,0.285112971037018,32.1861613117474,3.58946405422912
"PA",5,0.0146238193598996,107.338,49.6533,0.131,"1500404",43.3029,40.252,2.851,3.127,0,0,5.978,3077.8155,7.847,1.14784513268548,1.04748233788251,2019-07-05,23965.0084,0.64425,0.285112971037018,32.1861613117474,3.58946405422912
"PA",8,0.26165478646988,15.493,15.5273,0.67,"1500404",0,0,0,0,0,0,0,2260.2966,6.095,1.14784513268548,0.677144624115515,2019-07-30,11589.4157,0.33788,0.285112971037018,32.1861613117474,3.58946405422912
"PA",25,0.0896948984713382,112.593,48.6989,0.667,"1500404",71.5098,63.37,4.117,8.269,0,0.002,12.388,3320.3931,8.544,1.14784513268548,1.01512830877756,2019-07-05,23218.9161,0.63437,0.285112971037018,32.1861613117474,3.58946405422912
"PA",7,0.276610860932052,13.369,12.6319,0.72,"1500404",1.2332,9.204,0.913,0,0,0,0.913,2150.9795,5.86,1.14784513268548,0.652060786752804,2019-07-30,10640.9275,0.31146,0.285112971037018,32.1861613117474,3.58946405422912
"PA",29,0.17362624307484,104.176,101.4046,0.372,"1500404",1.368,1.31,0.446,0,0,0,0.446,2022.1658,5.149,1.14784513268548,0.707546280755486,2019-07-30,12944.3947,0.35896,0.285112971037018,32.1861613117474,3.58946405422912
"PA",44,0.230750990821172,43.786,41.751,1.37,"1500404",1.263,2.878,0,0,0,0,0,2472.8157,6.57,1.14784513268548,0.68857784662979,2019-07-30,12482.451,0.35815,0.285112971037018,32.1861613117474,3.58946405422912
"PA",5,0.0312865312737478,47.902,15.6774,0.415,"1500404",28.8768,60.148,19.571,1.499,1.499,0,22.569,3035.2622,8.043,1.14784513268548,1.03371735912035,2019-07-05,23346.3647,0.65554,0.285112971037018,32.1861613117474,3.58946405422912
"PA",14,0.165125094978722,39.772,39.7318,0.458,"1500404",0.1213,0.304,0,0,0,0,0,2089.3771,5.589,1.14784513268548,0.694183844961673,2019-07-30,12229.8891,0.35436,0.285112971037018,32.1861613117474,3.58946405422912
"PA",17,0.0461024824450319,100.803,48.4156,0.456,"1500404",37.8258,37.441,1.019,3.047,2.72,0,6.786,3307.478,8.389,1.14784513268548,1.04399858745496,2019-07-05,24767.0863,0.669,0.285112971037018,32.1861613117474,3.58946405422912
"PA",16,0.108025162506552,127.545,100.7601,0.206,"1500404",31.911,24.964,1.056,0.674,2.681,0.179,4.59,3077.2185,7.636,1.14784513268548,0.690788761657787,2019-07-30,13742.2057,0.36579,0.285112971037018,32.1861613117474,3.58946405422912
"PA",9,0.186917120684154,18.666,18.6234,0.628,"1500404",2.6775,14.312,0,0,4.547,0,4.547,2192.5183,5.905,1.14784513268548,0.669422422668988,2019-07-30,11174.1521,0.32498,0.285112971037018,32.1861613117474,3.58946405422912
"PA",9,0.0210093276567247,292.154,60.7425,0.193,"1500404",207.2625,70.785,7.188,1.167,0.538,1.704,10.597,2851.2689,6.614,1.14784513268548,1.10413011636457,2019-07-05,28319.9372,0.70274,0.285112971037018,32.1861613117474,3.58946405422912
"PA",12,0.274833147735479,16.331,16.1036,0.969,"1500404",0.0062,0.038,0,0,0,0,0,2725.0369,7.499,1.14784513268548,0.69874392995281,2019-07-30,12563.6607,0.37284,0.285112971037018,32.1861613117474,3.58946405422912
"PA",12,0.0889419972924545,25.142,10.1477,1.537,"1500404",17.402,69.059,21.125,1.552,0.686,4.802,28.165,2641.9294,7.138,1.14784513268548,0.98292971030851,2019-07-05,25029.9407,0.7369,0.285112971037018,32.1861613117474,3.58946405422912
"PA",8,0.097231982724621,60.722,57.6685,0.18,"1500404",13.0932,21.514,2.515,0.182,4.435,0.813,7.945,2473.2838,6.454,1.14784513268548,0.716840067409347,2019-07-30,12955.9149,0.36568,0.285112971037018,32.1861613117474,3.58946405422912
"PA",42,0.0972319827246209,59.36,41.1257,1.328,"1500404",21.3082,35.817,1.563,0,6.91,0,8.473,1842.7752,4.764,1.14784513268548,0.710373364046567,2019-07-30,12761.8559,0.35888,0.285112971037018,32.1861613117474,3.58946405422912
"PA",5,0.0994057616798021,30.939,9.2151,0.705,"1500404",22.6656,73.096,4.579,7.261,0,0,11.84,3123.1741,8.535,1.14784513268548,1.02099698421366,2019-07-05,22226.2865,0.65042,0.285112971037018,32.1861613117474,3.58946405422912
"PA",15,0.0822566660552607,162.691,47.5663,0.41,"1500404",90.5113,55.509,10.574,1.324,0,1.297,13.195,3143.5427,7.775,1.14784513268548,0.987784761492892,2019-07-05,25903.5394,0.69001,0.285112971037018,32.1861613117474,3.58946405422912
"PA",33,0.151292465409134,115.748,83.0044,0.517,"1500404",13.5786,11.705,0.323,0,0,0.044,0.367,2897.28,7.195,1.14784513268548,1.05671583757176,2019-07-05,25501.5268,0.68234,0.285112971037018,32.1861613117474,3.58946405422912
"PA",11,0.198592161168674,32.721,31.8075,0.45,"1500404",0.5369,1.637,0,0,0,0,0,2399.6824,6.427,1.14784513268548,0.688022272278036,2019-07-30,12301.7294,0.35577,0.285112971037018,32.1861613117474,3.58946405422912
"PA",21,0.0356006968929509,267.226,79.572,0.343,"1500404",166.0568,62.002,1.494,5.401,1.358,0.185,8.438,3014.3974,7.218,1.14784513268548,1.0775711668244,2019-07-05,27099.6493,0.69296,0.285112971037018,32.1861613117474,3.58946405422912
"PA",6,0.118367731126291,26.527,25.6335,0.304,"1500404",1.5397,5.791,1.125,0,0,0,1.125,1852.2293,5.007,1.14784513268548,0.693757662914286,2019-07-30,12236.2623,0.35988,0.285112971037018,32.1861613117474,3.58946405422912
"PA",6,0.0579046034548055,70.329,70.0996,0.111,"1500404",0.8208,1.164,0,0,0.293,0,0.293,2453.499,6.405,1.14784513268548,0.672945575658628,2019-07-30,12022.269,0.33887,0.285112971037018,32.1861613117474,3.58946405422912
"PA",9,0.201888643402051,27.447,24.4865,0.478,"1500404",6.301,22.905,3.494,7.249,0,0,10.743,2771.6752,7.481,1.14784513268548,0.70157408599241,2019-07-30,12758.801,0.37136,0.285112971037018,32.1861613117474,3.58946405422912
"PA",17,0.0716609971420353,25.463,23.513,0.94,"1500404",4.5854,17.968,60.026,10.071,0,0,70.097,1791.3838,4.857,1.14784513268548,0.700209676971025,2019-07-30,12306.7808,0.36226,0.285112971037018,32.1861613117474,3.58946405422912
"PA",7,0.0953462087739252,43.738,36.4138,0.25,"1500404",4.9178,11.219,0,0,0,0,0,2434.7723,6.451,1.14784513268548,0.69688265004318,2019-07-30,12728.8911,0.36365,0.285112971037018,32.1861613117474,3.58946405422912
"PA",9,0.0783505931758683,104.576,69.6434,0.168,"1500404",41.5707,39.663,2.309,5.064,3.09,0,10.463,3088.578,7.917,1.14784513268548,0.673808834453087,2019-07-30,13299.4394,0.36736,0.285112971037018,32.1861613117474,3.58946405422912
"PA",26,0.201708185896509,29.168,23.5549,1.435,"1500404",22.105,75.616,0,6.203,22.76,3.044,32.007,2671.6549,7.102,1.14784513268548,0.714182541473457,2019-07-30,12707.9171,0.36333,0.285112971037018,32.1861613117474,3.58946405422912
"PA",9,0.0404499067525744,36.554,19.3338,0.605,"1500404",6.2765,17.132,2.766,1.961,1.315,0,6.042,3127.6718,8.237,1.14784513268548,1.03225311599093,2019-07-05,23208.6969,0.65266,0.285112971037018,32.1861613117474,3.58946405422912
"PA",5,0,41.123,15.3702,0.423,"1500404",27.9967,67.927,1.727,1.491,5.676,0.764,9.658,2896.7247,7.811,1.14784513268548,1.03959931649549,2019-07-05,22314.1154,0.63389,0.285112971037018,32.1861613117474,3.58946405422912
"PA",7,0.052668122506069,186.504,78.5024,0.116,"1500404",87.9007,47.025,0,0.587,0.914,0,1.501,2447.2911,5.922,1.14784513268548,0.71720999745395,2019-07-30,13889.784,0.36365,0.285112971037018,32.1861613117474,3.58946405422912
"PA",9,0.0858636743089875,39.131,10.7229,1.091,"1500404",27.597,70.367,1.87,0,0,0,1.87,3167.1482,8.405,1.14784513268548,1.01966396002862,2019-07-05,22705.3487,0.64098,0.285112971037018,32.1861613117474,3.58946405422912
"PA",16,0.169039350469423,31.276,29.2398,0.711,"1500404",1.5252,4.866,0,0,0,0,0,2245.5673,5.908,1.14784513268548,0.694053159138798,2019-07-30,12432.9385,0.35266,0.285112971037018,32.1861613117474,3.58946405422912
"PA",22,0.08263535614155,67.941,50.4572,0.567,"1500404",34.6279,50.854,11.336,18.373,2.712,1.208,33.629,3165,8.193,1.14784513268548,1.02263935595023,2019-07-05,22575.2423,0.61508,0.285112971037018,32.1861613117474,3.58946405422912
"PA",10,0.0197642353760524,52.121,15.4379,0.842,"1500404",30.8145,58.989,1.971,0.018,5.167,0,7.156,3116.5424,8.363,1.14784513268548,1.0436412573626,2019-07-05,23279.3267,0.66467,0.285112971037018,32.1861613117474,3.58946405422912
"PA",67,0.129390101454844,70.299,58.6805,1.484,"1500404",11.8455,16.812,0,0,0,0,0,2152.7177,5.632,1.14784513268548,0.663810176257018,2019-07-30,11339.6761,0.32037,0.285112971037018,32.1861613117474,3.58946405422912
"PA",14,0.0699700806518894,105.923,53.5847,0.34,"1500404",82.1203,77.355,3.019,18.605,0.593,3.134,25.351,2325.2348,5.889,1.14784513268548,1.10318322499511,2019-07-05,27657.2956,0.7419,0.285112971037018,32.1861613117474,3.58946405422912
"PA",5,0.101339398784193,40.953,21.0017,0.309,"1500404",18.8687,45.971,0,0,0,0,0,2516.623,6.67,1.14784513268548,0.739992944976916,2019-08-19,15148.6558,0.43238,0.285112971037018,32.1861613117474,3.58946405422912
"PA",19,0.135445409032548,101.753,88.984,0.278,"1500404",41.9246,41.11,0.308,7.367,20.03,0,27.705,2888.1217,7.251,1.14784513268548,0.683795196405361,2019-07-30,13255.0204,0.35756,0.285112971037018,32.1861613117474,3.58946405422912
"PA",35,0.0264248447617181,290.562,184.7665,0.246,"1500404",124.931,42.9,1.943,4.049,5.607,1.359,12.958,2720.5029,6.474,1.14784513268548,0.725142867097538,2019-08-19,17016.4563,0.43518,0.285112971037018,32.1861613117474,3.58946405422912
"PA",6,0.0782653050231002,48.515,41.1224,0.19,"1500404",6.8892,14.169,5.32,8.162,0,0,13.482,3212.7482,8.397,1.14784513268548,1.02801770795486,2019-07-05,23490.4249,0.65459,0.285112971037018,32.1861613117474,3.58946405422912
"PA",26,0.0729239870434658,77.886,69.0627,0.489,"1500404",4.1407,5.305,0.266,0.208,0.449,0,0.923,3270.8813,8.389,1.14784513268548,1.03673785100338,2019-07-05,24118.6362,0.6612,0.285112971037018,32.1861613117474,3.58946405422912
"PA",6,0.0935414346693486,23.89,14.2838,0.546,"1500404",2.559,10.688,4.298,0,0,0,4.298,2208.2033,5.939,1.14784513268548,0.661670961314938,2019-07-30,10893.1974,0.31689,0.285112971037018,32.1861613117474,3.58946405422912
"PA",18,0.0469916108662649,149.901,87.7888,0.267,"1500404",38.4503,25.593,3.424,1.437,0.746,0,5.607,3259.8863,8.014,1.14784513268548,1.03686015510107,2019-07-05,25239.9883,0.65468,0.285112971037018,32.1861613117474,3.58946405422912
"PA",9,0.0608580619450184,22.779,21.2494,0.551,"1500602",7.0362,30.821,15.158,9.068,3.511,0.413,28.15,2423.0903,6.189,1.27827514300635,1.36567783395875,2020-07-12,10175.5053,0.29852,0.309524070363806,30.6341910022489,1.06869220148926
"PA",32,0.0992584279911394,108.717,105.3175,0.395,"1500602",37.2539,34.19,4.167,15.283,7.746,2.511,29.707,2340.06,5.688,1.27827514300635,1.36631203667256,2020-07-12,10729.8928,0.2926,0.309524070363806,30.6341910022489,1.06869220148926
"PA",25,0.191499826799113,19.848,19.8926,1.634,"1500602",5.5881,28.091,2.632,5.671,17.564,0,25.867,2903.5317,7.848,1.27827514300635,1.29394734132576,2020-07-12,11699.5868,0.34673,0.309524070363806,30.6341910022489,1.06869220148926
"PA",11,0.118018531053731,21.762,16.3742,0.873,"1500602",14.8801,68.223,0,2.451,4.997,9.993,17.441,2978.2969,8.014,1.27827514300635,1.30377471037578,2020-07-12,11375.461,0.33637,0.309524070363806,30.6341910022489,1.06869220148926
"PA",6,0.143732244939068,19.477,16.9946,0.459,"1500602",0,0,0,0,0,0,0,2192.6504,5.764,1.27827514300635,1.36929241569097,2020-07-12,9592.3227,0.28433,0.309524070363806,30.6341910022489,1.06869220148926
"PA",5,0.0376844575812797,20.087,19.5257,0.333,"1500602",6.8876,34.212,0,0,1.399,2.409,3.808,2969.0179,8.025,1.27827514300635,1.32419108918863,2020-07-12,10629.8079,0.31492,0.309524070363806,30.6341910022489,1.06869220148926
"PA",22,0.0241395239986693,389.018,139.1119,0.206,"1500602",300.3171,77.027,0.48,1.487,4.067,1.009,7.043,3049.9198,6.855,1.27827514300635,1.29572880688145,2020-07-12,13930.1012,0.3424,0.309524070363806,30.6341910022489,1.06869220148926
"PA",317,0.0721469483875576,719.498,313.4558,1.315,"1500602",363.5281,50.412,0,0,0,0,0,1873.8554,3.755,1.27827514300635,1.40355145599422,2019-05-29,12530.9368,0.28264,0.309524070363806,30.6341910022489,1.06869220148926
"PA",13,0.132437393551081,21.036,19.4755,0.868,"1500602",3.6004,17.077,3.38,11.011,0,0,14.391,3017.9798,8.062,1.27827514300635,1.34301826460985,2020-07-12,10632.7419,0.3146,0.309524070363806,30.6341910022489,1.06869220148926
"PA",11,0.162120988976422,19.774,18.8994,0.757,"1500602",2.7819,14.037,5.478,0,0,0,5.478,2977.6849,7.968,1.27827514300635,1.3175683192785,2020-07-12,9934.6707,0.29449,0.309524070363806,30.6341910022489,1.06869220148926
"PA",9,0.0307996683322234,271.116,82.223,0.142,"1500602",159.5456,58.721,0.226,0,0,0,0.226,2028.9792,4.191,1.27827514300635,1.38663425669672,2019-05-29,12118.2207,0.28122,0.309524070363806,30.6341910022489,1.06869220148926
"PA",11,0.118018531053731,21.044,14.9433,0.957,"1500602",16.8973,80.114,0,2.534,4.533,9.446,16.513,2981.6419,8.034,1.27827514300635,1.3040885150733,2020-07-12,11335.2093,0.33561,0.309524070363806,30.6341910022489,1.06869220148926
"PA",7,0.0465251910171914,237.509,121.5679,0.075,"1500602",61.7145,25.924,0.299,0,0,0,0.299,2094.0006,4.361,1.27827514300635,1.38127306952515,2019-05-29,12290.1231,0.28749,0.309524070363806,30.6341910022489,1.06869220148926
"PA",9,0.110994070937823,20.503,15.0142,0.779,"1500602",0.7441,3.621,0,0,0,0,0,2993.6778,8.018,1.27827514300635,1.34346664292592,2020-07-12,10588.6067,0.31344,0.309524070363806,30.6341910022489,1.06869220148926
"PA",465,0.246502069277679,292.533,266.04,2.272,"1500602",0.9275,0.316,0,0,0,0,0,1521.3053,3.462,1.27827514300635,1.42105086271086,2019-05-29,12245.3413,0.31017,0.309524070363806,30.6341910022489,1.06869220148926
"PA",37,0.2040315997688,76.137,49.1117,0.979,"1500602",7.1185,9.329,0,0,0,0,0,1294.7906,3.244,1.27827514300635,1.41514811369287,2019-05-29,10273.2261,0.28379,0.309524070363806,30.6341910022489,1.06869220148926
"PA",6,0.127391409809669,20.799,18.042,0.432,"1500602",1.2934,6.204,0,0,0,0,0,2989.8123,8.045,1.27827514300635,1.28759771054997,2020-07-12,10487.1148,0.3106,0.309524070363806,30.6341910022489,1.06869220148926
"PA",5,0.0635641391826168,20.079,20.1236,0.323,"1500602",0.1494,0.742,0,0,0,0,0,2853.8677,7.669,1.27827514300635,1.34426983978911,2020-07-12,10338.2329,0.30636,0.309524070363806,30.6341910022489,1.06869220148926
"PA",5,0.110188887079514,19.736,18.6179,0.349,"1500602",5.2845,26.716,0,0,0,6.241,6.241,3053.5542,8.208,1.27827514300635,1.28809504935966,2020-07-12,10626.2444,0.31478,0.309524070363806,30.6341910022489,1.06869220148926
"PA",23,0.140456966296604,100.953,50.9588,0.587,"1500602",15.8892,15.704,0,0,0,0,0,1852.4373,4.432,1.27827514300635,1.39149083142353,2019-05-29,10745.6862,0.28991,0.309524070363806,30.6341910022489,1.06869220148926
"PA",7,0.0801681057564508,19.884,19.9125,0.457,"1500602",0.9731,4.883,3.925,3.034,0,0,6.959,3015.8757,8.114,1.27827514300635,1.29359240182679,2020-07-12,11531.3054,0.34171,0.309524070363806,30.6341910022489,1.06869220148926
"PA",22,0.181507061094349,20.103,19.7624,1.447,"1500602",5.9497,29.531,3.963,17.5,5.752,0.503,27.718,2876.018,7.682,1.27827514300635,1.33290835910283,2020-07-12,10102.72,0.2994,0.309524070363806,30.6341910022489,1.06869220148926
"PA",9,0.141002329075564,20.085,16.4459,0.711,"1500602",0.6235,3.097,0,0,0,0,0,2863.5124,7.671,1.27827514300635,1.34910132273267,2020-07-12,10415.9786,0.30863,0.309524070363806,30.6341910022489,1.06869220148926
"PA",18,0.203914860586536,19.275,15.8004,1.481,"1500602",0,0,0,0,0,0,0,2232.1313,5.877,1.27827514300635,1.36908220504679,2020-07-12,9522.4721,0.28248,0.309524070363806,30.6341910022489,1.06869220148926
"PA",26,0.179200857220228,36.409,32.1257,1.052,"1500602",0.0045,0.012,0,0,0,0,0,1126.4179,2.988,1.27827514300635,1.41721287617369,2019-05-29,10059.4663,0.29211,0.309524070363806,30.6341910022489,1.06869220148926
"PA",7,0.119102421334984,20.104,15.8337,0.575,"1500602",7.2608,36.036,0,3.546,5.238,0.385,9.169,2920.9407,7.866,1.27827514300635,1.33890346906096,2020-07-12,10420.1515,0.3087,0.309524070363806,30.6341910022489,1.06869220148926
"PA",5,0.0819971055210721,89.33,50.7261,0.128,"1500602",75.1883,83.981,0.166,1.146,6.218,12.745,20.275,2938.8712,7.417,1.27827514300635,1.31546178607619,2020-07-12,11889.3893,0.32899,0.309524070363806,30.6341910022489,1.06869220148926
"PA",6,0.101414564479897,20.57,20.6155,0.378,"1500602",13.4906,65.439,0,6.888,39.619,6.556,53.063,2815.0105,7.535,1.27827514300635,1.28226419148353,2020-07-12,10533.8167,0.31207,0.309524070363806,30.6341910022489,1.06869220148926
"PA",7,0.182574185835055,9.36,4.9969,1.821,"1500602",0,0,0,0,0,0,0,2522.9497,6.713,1.27827514300635,1.3572625713196,2020-07-12,10166.2119,0.30576,0.309524070363806,30.6341910022489,1.06869220148926
"PA",11,0.0923076923076923,20.101,13.8056,1.036,"1500602",16.4854,81.831,1.986,8.015,11.55,10.69,32.241,2845.0765,7.689,1.27827514300635,1.33442980414863,2020-07-12,10317.8726,0.3059,0.309524070363806,30.6341910022489,1.06869220148926
"PA",5,0.107835846519657,20.026,17.7883,0.365,"1500602",2.7726,13.814,14.024,4.494,0,0,18.518,2833.3452,7.568,1.27827514300635,1.32805830809046,2020-07-12,9936.8893,0.29432,0.309524070363806,30.6341910022489,1.06869220148926
"PA",60,0.263669101300484,75.03,61.0599,1.277,"1500602",0.984,1.309,0,0,0,0,0,1256.2115,3.155,1.27827514300635,1.41722015463981,2019-05-29,10408.1391,0.28776,0.309524070363806,30.6341910022489,1.06869220148926
"PA",14,0.0935294567158593,20.537,19.4437,0.936,"1500602",9.4431,45.878,4.188,8.223,15.339,4.883,32.633,2926.0477,7.807,1.27827514300635,1.33778723113599,2020-07-12,10121.8251,0.29968,0.309524070363806,30.6341910022489,1.06869220148926
"PA",9,0.149278424896903,20.965,19.9753,0.586,"1500602",7.3056,34.77,8.913,14.622,4.973,2.837,31.345,3017.8356,8.062,1.27827514300635,1.33309026172868,2020-07-12,10248.4015,0.30324,0.309524070363806,30.6341910022489,1.06869220148926
"PA",5,0.0296296296296296,49.798,49.9094,0.13,"1502152",0,0,1.254,0,0,0,1.254,1125.8919,2.68,1.5765067824758,0.127255238893059,2018-06-07,4146.0309,0.11364,0.228859114646912,33.3078503828293,17.348460557496
"PA",26,0.0832192224875249,49.387,49.4972,0.683,"1502152",0,0,0,0,0,0,0,712.1174,1.776,1.5765067824758,0.0590948451244151,2019-07-14,3388.6262,0.09293,0.228859114646912,33.3078503828293,17.348460557496
"PA",70,0.287130920563966,50.555,50.6685,1.796,"1502152",0,0,0,0,0,0,0,1137.3012,2.71,1.5765067824758,0.128998594743062,2018-06-07,4218.3215,0.11574,0.228859114646912,33.3078503828293,17.348460557496
"PA",21,0.25453502153498,22.971,23.0219,1.186,"1502152",0,0,0,0,0,0,0,630.1264,1.669,1.5765067824758,0.0589503399622756,2019-07-14,3122.2176,0.09117,0.228859114646912,33.3078503828293,17.348460557496
"PA",58,0.212880476177731,47.729,47.836,1.576,"1502152",0.0728,0.152,0,0,0,0,0,1079.1154,2.607,1.5765067824758,0.0860918912641387,2018-06-07,3921.3023,0.10769,0.228859114646912,33.3078503828293,17.348460557496
"PA",16,0.226459289142612,49.09,49.1999,0.423,"1502152",0,0,0,0,0,0,0,1081.802,2.677,1.5765067824758,0.114895299345766,2018-06-07,3796.0643,0.10422,0.228859114646912,33.3078503828293,17.348460557496
"PA",5,0.103174045733111,52.186,52.3029,0.124,"1502152",0,0,0,0,0,0,0,1136.2308,2.707,1.5765067824758,0.125451338981294,2018-06-07,4102.9588,0.11226,0.228859114646912,33.3078503828293,17.348460557496
"PA",55,0.247756029883374,48.748,48.8566,1.463,"1502152",0,0,0,0,0,0,0,1150.8508,2.738,1.5765067824758,0.130807349632992,2018-06-07,4301.8929,0.1181,0.228859114646912,33.3078503828293,17.348460557496
"PA",47,0.254386837612969,49.894,49.7839,1.227,"1502152",1.3986,2.797,2.145,1.43,0,0,3.575,735.7991,1.851,1.5765067824758,0.0642504281729578,2019-07-14,3250.9393,0.08917,0.228859114646912,33.3078503828293,17.348460557496
"PA",11,0.125798338592511,49.355,47.5949,0.3,"1502152",3.7083,7.497,0,0,0,0.562,0.562,1090.6456,2.615,1.5765067824758,0.0903085716292942,2018-06-07,4075.6188,0.11166,0.228859114646912,33.3078503828293,17.348460557496
"PA",11,0.0727939080682651,51.258,47.9079,0.298,"1502152",5.2145,10.15,0,0,0,0.283,0.283,1074.6892,2.578,1.5765067824758,0.0889070432687913,2018-06-07,4032.5515,0.11036,0.228859114646912,33.3078503828293,17.348460557496
"PA",6,0.0894117897948982,72.825,55.8019,0.14,"1502764",29.2115,40.022,3.458,10.833,0.145,0.144,14.58,768.1411,1.921,1.27262436424378,1.01699865409818,2018-08-30,7972.3062,0.22218,0.368635399483419,32.2401236594042,1.16567157356327
"PA",14,0.129723298481508,121.473,90.8595,0.2,"1502764",18.2252,14.97,0.439,0,0,0,0.439,502.8287,1.232,1.27262436424378,1.07224758547387,2018-08-30,14295.8332,0.38695,0.368635399483419,32.2401236594042,1.16567157356327
"PA",8,0.142564841466793,37.98,26.8226,0.388,"1502764",25.5808,67.203,1.87,12.172,12.153,3.306,29.501,1445.5683,3.811,1.27262436424378,1.11040800494918,2018-08-30,7987.8212,0.23102,0.368635399483419,32.2401236594042,1.16567157356327
"PA",5,0.110868902100097,50.203,35.1268,0.185,"1502764",10.2513,20.374,0,0,0,0,0,545.5251,1.414,1.27262436424378,1.09379318795742,2018-08-30,18110.0437,0.5086,0.368635399483419,32.2401236594042,1.16567157356327
"PA",8,0.150643761536596,42.026,36.8342,0.282,"1502764",8.6819,20.612,0,2.54,5.787,0,8.327,1453.4815,3.829,1.27262436424378,1.14359490768899,2018-08-30,6431.186,0.18426,0.368635399483419,32.2401236594042,1.16567157356327
"PA",17,0.147307747117937,77.889,74.3792,0.297,"1502764",28.8422,36.947,7.375,10.22,12.844,1.316,31.755,1501.7651,3.673,1.27262436424378,1.1330261408819,2018-08-30,8270.9899,0.22058,0.368635399483419,32.2401236594042,1.16567157356327
"PA",14,0.0559223230192968,237.368,213.7134,0.085,"1502764",10.6757,4.487,0,0,0,0,0,680.4666,1.567,1.27262436424378,1.03275785526213,2018-08-30,10033.3354,0.25377,0.368635399483419,32.2401236594042,1.16567157356327
"PA",25,0.0651482410277165,177.693,167.6894,0.194,"1502764",2.4033,1.349,0,0,0,0,0,1363.808,3.323,1.27262436424378,1.15461828624741,2018-08-30,7029.9326,0.18612,0.368635399483419,32.2401236594042,1.16567157356327
"PA",21,0.152281505889794,81.866,53.1676,0.513,"1502764",18.081,22.037,0.706,3.584,0.813,0,5.103,657.1742,1.644,1.27262436424378,1.06148809668308,2018-08-30,15025.5437,0.41475,0.368635399483419,32.2401236594042,1.16567157356327
"PA",27,0.209071164886144,86.49,86.6572,0.405,"1502764",0.4162,0.48,0,0,0,0,0,577.1216,1.466,1.27262436424378,1.07812711618397,2018-08-30,17222.3975,0.47623,0.368635399483419,32.2401236594042,1.16567157356327
"PA",16,0.201258699061921,53.227,49.4287,0.421,"1502764",3.5164,6.592,0,0,0,0,0,797.1377,2.051,1.27262436424378,1.00701358759,2018-08-30,9785.642,0.27961,0.368635399483419,32.2401236594042,1.16567157356327
"PA",6,0.0807601606111422,45.855,33.6122,0.232,"1502764",7.2043,15.676,0,2.947,2.898,0,5.845,1318.2484,3.471,1.27262436424378,1.15719308204751,2018-08-30,5949.5001,0.17032,0.368635399483419,32.2401236594042,1.16567157356327
"PA",27,0.194400657643476,93.21,93.3652,0.376,"1502764",0,0,0,0,0,0,0,572.0941,1.452,1.27262436424378,1.07915512937201,2018-08-30,17301.0213,0.47811,0.368635399483419,32.2401236594042,1.16567157356327
"PA",7,0.0667557013432326,48.712,46.0225,0.198,"1502764",2.4795,5.079,0,0,1.573,0,1.573,1420.0581,3.749,1.27262436424378,1.14434715054307,2018-08-30,6370.4296,0.18283,0.368635399483419,32.2401236594042,1.16567157356327
"PA",12,0.0962706915117537,131.183,98.6853,0.158,"1502764",19.5044,14.835,0,3.262,2.589,0.576,6.427,598.5648,1.478,1.27262436424378,1.05210675713767,2018-08-30,11145.4679,0.30067,0.368635399483419,32.2401236594042,1.16567157356327
"PA",39,0.287098330401285,112.878,112.5058,0.451,"1502764",2.8442,2.514,0,0,1.199,0,1.199,634.5815,1.587,1.27262436424378,1.06055612311185,2018-08-30,17137.6909,0.47178,0.368635399483419,32.2401236594042,1.16567157356327
"PA",5,0.0767191622118005,58.127,53.1358,0.122,"1502764",1.7802,3.056,0,0,0,0,0,1318.9888,3.457,1.27262436424378,1.15359114695333,2018-08-30,6282.11,0.179,0.368635399483419,32.2401236594042,1.16567157356327
"PA",8,0.055748385735598,50.341,46.0638,0.226,"1502764",0.6231,1.235,0,0,0,0,0,1264.3172,3.324,1.27262436424378,1.15275656737979,2018-08-30,6319.6424,0.18085,0.368635399483419,32.2401236594042,1.16567157356327
"PA",8,0.0539332090034325,101.495,68.981,0.151,"1502764",25.9946,25.554,1.9,0,0,0,1.9,569.7997,1.424,1.27262436424378,1.04037019895998,2018-08-30,9795.3137,0.27052,0.368635399483419,32.2401236594042,1.16567157356327
"PA",41,0.189925298958631,87.578,84.3966,0.632,"1502764",3.7402,4.261,0,0,0.101,0,0.101,834.5601,2.062,1.27262436424378,1.00731240281253,2018-08-30,11607.828,0.31775,0.368635399483419,32.2401236594042,1.16567157356327
"PA",7,0.00866063660379292,732.592,342.2749,0.027,"1502764",364.3648,49.622,0.824,1.414,0.964,0,3.202,1536.5259,2.975,1.27262436424378,1.13467835975052,2018-08-30,21847.5012,0.45032,0.368635399483419,32.2401236594042,1.16567157356327
"PA",11,0.131875443790726,73.692,43.4167,0.329,"1502764",10.9956,14.888,0.724,1.407,1.086,0,3.217,669.265,1.725,1.27262436424378,1.01358911228673,2018-08-30,7202.7526,0.20285,0.368635399483419,32.2401236594042,1.16567157356327
"PA",7,0.215899468144313,44.504,43.4363,0.21,"1502764",10.3472,23.198,3.996,0,4.313,5.975,14.284,521.8774,1.35,1.27262436424378,1.08171694088602,2018-08-30,19112.3938,0.54676,0.368635399483419,32.2401236594042,1.16567157356327
"PA",5,0.0481901923009709,112.687,104.3225,0.062,"1502764",5.9859,5.3,0,0,0,0,0,859.1405,2.119,1.27262436424378,1.00434240519811,2018-08-30,9120.5839,0.25118,0.368635399483419,32.2401236594042,1.16567157356327
"PA",6,0.0620126536676021,56.308,34.6627,0.225,"1502764",24.98,44.264,1.105,0,0,0.001,1.106,491.3997,1.265,1.27262436424378,1.09399529773769,2018-08-30,20352.9963,0.57351,0.368635399483419,32.2401236594042,1.16567157356327
"PA",35,0.269563772135282,74.368,73.3978,0.62,"1502764",0.5283,0.709,0,0,0,0,0,561.0341,1.44,1.27262436424378,1.08277827940855,2018-08-30,15154.2872,0.42556,0.368635399483419,32.2401236594042,1.16567157356327
"PA",5,0.138827398317804,39.214,35.7027,0.182,"1502764",1.09,2.773,0,0,0,0,0,1349.2681,3.568,1.27262436424378,1.15072977797716,2018-08-30,6202.9963,0.17826,0.368635399483419,32.2401236594042,1.16567157356327
"PA",34,0.176487316362584,62.772,60.9095,0.726,"1502764",1.7554,2.79,0,0,0,0,0,1282.1965,3.348,1.27262436424378,1.14350384235321,2018-08-30,6891.5329,0.1959,0.368635399483419,32.2401236594042,1.16567157356327
"PA",62,0.220512734341359,296.578,243.7228,0.331,"1502764",45.8395,15.422,0,0,0,0,0,591.0587,1.327,1.27262436424378,1.09480380819119,2018-08-30,20013.6805,0.49164,0.368635399483419,32.2401236594042,1.16567157356327
"PA",30,0.226655325810197,73.847,72.5865,0.537,"1502764",0.7129,0.963,0,0,0,0,0,560.6613,1.441,1.27262436424378,1.08319072343646,2018-08-30,15209.3082,0.42733,0.368635399483419,32.2401236594042,1.16567157356327
"PA",81,0.253025850090842,97.713,88.7517,1.186,"1502764",6.871,7.016,0.014,0,0,0,0.014,729.0962,1.826,1.27262436424378,1.03250543131317,2018-08-30,13433.5607,0.37085,0.368635399483419,32.2401236594042,1.16567157356327
"PA",6,0.130972391579008,56.966,56.8711,0.137,"1502764",0.623,1.091,1.091,1.091,0,0,2.182,1442.08,3.71,1.27262436424378,1.12946105709486,2018-08-30,6841.9226,0.1931,0.368635399483419,32.2401236594042,1.16567157356327
"PA",6,0.121146097579938,50.964,35.4698,0.22,"1502764",11.0311,21.597,0,1.008,0,0,1.008,735.8573,1.896,1.27262436424378,1.0140351882486,2018-08-30,6999.9327,0.19935,0.368635399483419,32.2401236594042,1.16567157356327
"PA",12,0.0701584654316266,78.01,62.5712,0.249,"1502764",19.5769,25.039,0,0,1.596,0,1.596,682.3812,1.744,1.27262436424378,1.03687030617037,2018-08-30,10074.0635,0.28197,0.368635399483419,32.2401236594042,1.16567157356327
"PA",14,0.0954970354689117,46.291,41.0386,0.443,"1502764",5.2514,11.319,0,0,0.812,0,0.812,1362.0608,3.589,1.27262436424378,1.14894891181505,2018-08-30,6224.7217,0.17866,0.368635399483419,32.2401236594042,1.16567157356327
"PA",108,0.278080258746773,219.88,205.8793,0.682,"1502764",6.6833,3.033,0,0,0,0,0,543.7774,1.299,1.27262436424378,1.07299467902217,2018-08-30,15276.0296,0.39995,0.368635399483419,32.2401236594042,1.16567157356327
"PA",8,0.112659863237109,44.437,44.5365,0.234,"1502764",2.3468,5.269,1.199,1.47,1.399,0,4.068,1459.9937,3.821,1.27262436424378,1.10611259887151,2018-08-30,8404.384,0.24176,0.368635399483419,32.2401236594042,1.16567157356327
"PA",6,0.0757426060459145,124.075,112.4613,0.069,"1502764",12.796,10.29,0,0,0,0,0,724.1192,1.774,1.27262436424378,1.03822996042142,2018-08-30,11342.6904,0.30625,0.368635399483419,32.2401236594042,1.16567157356327
"PA",108,0.224603038598544,308.946,217.8944,0.644,"1502764",79.681,25.734,0.347,1.898,0,0,2.245,767.2397,1.763,1.27262436424378,1.01516001095016,2018-08-30,8028.9536,0.20334,0.368635399483419,32.2401236594042,1.16567157356327
"PA",23,0.212662715345574,67.708,65.3253,0.458,"1502764",7.0758,10.427,0.477,1.783,4.728,0.46,7.448,533.9841,1.388,1.27262436424378,1.07991193500742,2018-08-30,17881.576,0.50645,0.368635399483419,32.2401236594042,1.16567157356327
"PA",16,0.200158145734169,48.435,48.5439,0.428,"1502764",4.5293,9.33,0.311,1.101,3.049,0,4.461,573.139,1.515,1.27262436424378,1.07017034318059,2018-08-30,13712.4126,0.39212,0.368635399483419,32.2401236594042,1.16567157356327
"PA",37,0.198607868645615,94.969,87.4398,0.55,"1502764",13.9166,14.621,2.426,0,1.395,0.487,4.308,594.5808,1.509,1.27262436424378,1.07014305385806,2018-08-30,15103.15,0.41454,0.368635399483419,32.2401236594042,1.16567157356327
"PA",7,0.170789413516648,50.25,50.3623,0.181,"1502764",0,0,4.682,0,0,0,4.682,1441.6665,3.747,1.27262436424378,1.0967429904905,2018-08-30,8886.8522,0.25417,0.368635399483419,32.2401236594042,1.16567157356327
"PA",49,0.199410439945244,98.374,90.8847,0.701,"1502764",6.3858,6.477,0,0,0,0,0,729.1789,1.835,1.27262436424378,1.03280656102204,2018-08-30,13233.6544,0.36682,0.368635399483419,32.2401236594042,1.16567157356327
"PA",15,0.0842466339197137,78.586,58.8559,0.331,"1502764",21.6028,27.428,0,1.024,2.028,0,3.052,622.3618,1.566,1.27262436424378,1.05001906570396,2018-08-30,11524.9859,0.31545,0.368635399483419,32.2401236594042,1.16567157356327
"PA",9,0.0528941392236125,76.269,65.6451,0.178,"1502764",3.0498,3.99,0,0,0.699,0.664,1.363,1294.6426,3.346,1.27262436424378,1.16157896142733,2018-08-30,6124.7937,0.17221,0.368635399483419,32.2401236594042,1.16567157356327
"PA",103,0.197484715584913,329.556,321.6293,0.416,"1502764",13.9939,4.237,0,0,0,0.428,0.428,615.7026,1.419,1.27262436424378,1.0589524587358,2018-08-30,14760.8783,0.36893,0.368635399483419,32.2401236594042,1.16567157356327
"PA",41,0.162837344354052,89.319,75.696,0.704,"1502764",30.1693,33.702,0.349,2.091,8.243,0,10.683,681.7369,1.698,1.27262436424378,1.05412531172725,2018-08-30,14562.3366,0.39941,0.368635399483419,32.2401236594042,1.16567157356327
"PA",39,0.246722592027489,97.085,96.7614,0.524,"1502764",2.0893,2.147,0,0,0.003,0,0.003,597.8984,1.526,1.27262436424378,1.07386305805374,2018-08-30,16041.6914,0.44341,0.368635399483419,32.2401236594042,1.16567157356327
"PA",23,0.291129968588813,46.315,45.2276,0.661,"1502764",15.4773,33.343,0,2.729,8.994,2.016,13.739,600.7044,1.571,1.27262436424378,1.06065428321263,2018-08-30,13500.662,0.38242,0.368635399483419,32.2401236594042,1.16567157356327
"PA",18,0.0735381749441145,137.329,131.0344,0.179,"1502764",4.3832,3.185,0.647,0,0.453,0,1.1,661.7951,1.617,1.27262436424378,1.04269919661217,2018-08-30,11334.179,0.30233,0.368635399483419,32.2401236594042,1.16567157356327
"PA",13,0.100983291714636,242.907,210.0244,0.08,"1502764",28.1713,11.572,0,0,0,0,0,581.8936,1.372,1.27262436424378,1.09407398573115,2018-08-30,19634.5639,0.50444,0.368635399483419,32.2401236594042,1.16567157356327
"PA",5,0.0805350242463046,57.828,53.1871,0.122,"1502764",4.3069,7.431,0,0,0,0,0,682.2488,1.754,1.27262436424378,1.03764785965621,2018-08-30,10721.6115,0.3042,0.368635399483419,32.2401236594042,1.16567157356327
"PA",10,0.105319726474218,51.002,37.4288,0.347,"1502764",10.2685,20.089,0,0,0,0,0,551.658,1.429,1.27262436424378,1.09306030071191,2018-08-30,17913.0539,0.50252,0.368635399483419,32.2401236594042,1.16567157356327
"PA",25,0.26061334631239,53.17,49.9194,0.651,"1502764",5.5056,10.332,0,1.003,0,0.927,1.93,672.8119,1.734,1.27262436424378,1.0193622126218,2018-08-30,6766.6194,0.19106,0.368635399483419,32.2401236594042,1.16567157356327
"PA",51,0.145424025484983,248.421,191.5255,0.346,"1502764",23.2926,9.355,0,0,0,0,0,601.583,1.433,1.27262436424378,1.06059255095718,2018-08-30,13647.3893,0.35322,0.368635399483419,32.2401236594042,1.16567157356327
"PA",114,0.289811621107353,222.667,208.6851,0.71,"1502764",6.6833,2.995,0,0,0,0,0,543.5453,1.295,1.27262436424378,1.0734464031489,2018-08-30,15411.4065,0.40215,0.368635399483419,32.2401236594042,1.16567157356327
"PA",7,0.0736270862324215,79.281,79.2899,0.115,"1502764",1.7803,2.24,0.784,0.896,0.784,0,2.464,1231.3764,3.157,1.27262436424378,1.12138429905017,2018-08-30,7765.9678,0.21816,0.368635399483419,32.2401236594042,1.16567157356327
"PA",29,0.087411124179404,206.429,195.0289,0.193,"1502764",14.0073,6.77,0.431,0,0,0.151,0.582,782.76,1.862,1.27262436424378,1.02257174375172,2018-08-30,11927.6824,0.31379,0.368635399483419,32.2401236594042,1.16567157356327
"PA",20,0.151281579451392,44.317,43.8379,0.593,"1502764",0.0026,0.006,0,0,0,0,0,1317.5995,3.461,1.27262436424378,1.14368993863067,2018-08-30,6936.4581,0.19833,0.368635399483419,32.2401236594042,1.16567157356327
"PA",15,0.226266784118925,38.885,28.635,0.681,"1502764",10.5692,27.12,0,0,0,0.135,0.135,1463.9735,3.82,1.27262436424378,1.11104225478794,2018-08-30,8154.495,0.23387,0.368635399483419,32.2401236594042,1.16567157356327
"PA",13,0.173284623397655,47.892,45.5675,0.371,"1502764",3.6269,7.556,0,1.09,0,0.556,1.646,519.5503,1.36,1.27262436424378,1.09104638465331,2018-08-30,19321.1436,0.55159,0.368635399483419,32.2401236594042,1.16567157356327
"PA",6,0.064,37.849,26.1327,0.298,"1503705",19.2804,50.827,9.248,1.654,4.326,1.779,17.007,2762.4563,7.33,1.11112585961257,0.509223365439665,2019-06-30,14211.5773,0.41048,0.233695652792531,33.8626221531023,10.1288573546381
"PA",12,0.207039737691961,35.653,31.6786,0.492,"1503705",4.212,11.788,0,0,0,0,0,941.7478,2.395,1.11112585961257,1.4456813745962,2019-07-08,5585.3943,0.15989,0.233695652792531,33.8626221531023,10.1288573546381
"PA",17,0.104117703776938,48.267,42.5513,0.519,"1503705",9.797,20.252,8.124,1.979,1.482,0.926,12.511,3283.8572,8.767,1.11112585961257,0.55403329680746,2019-06-30,13637.2877,0.39221,0.233695652792531,33.8626221531023,10.1288573546381
"PA",16,0.148013233112997,29.336,28.4769,0.73,"1503705",4.8979,16.659,2.134,3.354,0,0,5.488,2993.3481,8.15,1.11112585961257,0.535678481693317,2019-06-30,13562.113,0.39592,0.233695652792531,33.8626221531023,10.1288573546381
"PA",17,0.0709485714454984,52.449,48.8684,0.452,"1503705",11.2217,21.348,7.18,8.464,2.25,0,17.894,3794.1777,10.021,1.11112585961257,0.565769859017519,2019-06-30,14687.0046,0.4207,0.233695652792531,33.8626221531023,10.1288573546381
"PA",14,0.100743163987544,87.531,85.1579,0.214,"1503705",10.4458,11.907,1.022,0,4.441,0.801,6.264,2081.0543,5.214,1.11112585961257,0.505473433552409,2019-06-30,14253.1739,0.3868,0.233695652792531,33.8626221531023,10.1288573546381
"PA",19,0.120572783870038,43.227,42.3711,0.583,"1503705",14.6919,33.912,14.652,11.423,3.284,1.222,30.581,3513.8763,9.25,1.11112585961257,0.561497719353427,2019-06-30,15788.4994,0.45492,0.233695652792531,33.8626221531023,10.1288573546381
"PA",8,0.149602366313011,32.742,25.8165,0.403,"1503705",7.896,24.062,12.477,3.856,0,0,16.333,2725.3603,7.409,1.11112585961257,0.523991288906888,2019-06-30,13007.7548,0.37993,0.233695652792531,33.8626221531023,10.1288573546381
"PA",21,0.233007960904254,25.997,26.0496,1.048,"1503705",0.63,2.418,9.708,0,0.088,0,9.796,2575.9732,7.065,1.11112585961257,0.531385352759515,2019-06-30,12419.0594,0.36462,0.233695652792531,33.8626221531023,10.1288573546381
"PA",5,0.0376844575812797,38.606,25.5019,0.255,"1503705",12.0691,31.192,0,2.02,0,1.274,3.294,2137.9169,5.708,1.11112585961257,0.514118115238491,2019-06-30,12953.0692,0.37417,0.233695652792531,33.8626221531023,10.1288573546381
"PA",53,0.223465782037669,86.844,75.1191,0.917,"1503705",23.3857,26.868,0,2.769,2.059,0,4.828,3907.3862,9.907,1.11112585961257,0.586490478558719,2019-06-30,17933.0343,0.49781,0.233695652792531,33.8626221531023,10.1288573546381
"PA",6,0.0148148148148148,41.204,18.8421,0.414,"1503705",23.0463,55.807,1.942,0,1.205,0.668,3.815,2898.0812,7.661,1.11112585961257,0.518667411886299,2019-06-30,14726.2207,0.4243,0.233695652792531,33.8626221531023,10.1288573546381
"PA",11,0.265211070086866,35.394,34.9312,0.409,"1503705",0.7548,2.128,0,0.001,0,0,0.001,999.2905,2.572,1.11112585961257,1.44315808328916,2019-07-08,5582.6955,0.16016,0.233695652792531,33.8626221531023,10.1288573546381
"PA",10,0.0897341992107986,94.908,89.2353,0.146,"1503705",20.7448,21.809,7.906,6.535,0.519,0.33,15.29,2868.5592,7.355,1.11112585961257,0.514290922158078,2019-06-30,14097.0679,0.39026,0.233695652792531,33.8626221531023,10.1288573546381
"PA",12,0.162431913129311,48.442,38.3894,0.406,"1503705",9.9951,20.587,0,0,0.121,0,0.121,3135.0214,8.26,1.11112585961257,0.531359008950665,2019-06-30,14424.5534,0.4124,0.233695652792531,33.8626221531023,10.1288573546381
"PA",22,0.100532747850838,60.855,41.2627,0.693,"1503705",20.9883,34.412,0,1.493,0,0,1.493,3145.674,8.313,1.11112585961257,0.535486652525101,2019-06-30,14142.6192,0.40498,0.233695652792531,33.8626221531023,10.1288573546381
"PA",13,0.081060494488211,40.555,30.552,0.553,"1503705",11.9438,29.385,0,0,1.264,0,1.264,1985.272,5.211,1.11112585961257,0.462076504918091,2019-06-30,12154.3757,0.34981,0.233695652792531,33.8626221531023,10.1288573546381
"PA",5,0.166294304959292,27.416,25.9043,0.251,"1503705",2.7237,9.913,0,0,1.957,1.142,3.099,1958.1788,5.273,1.11112585961257,0.465322890239483,2019-06-30,11911.3531,0.34999,0.233695652792531,33.8626221531023,10.1288573546381
"PA",21,0.19949010572295,39.177,30.8024,0.886,"1503705",27.1982,69.269,3.54,21.405,5.006,4.014,33.965,2896.4813,7.644,1.11112585961257,0.530112364982028,2019-06-30,15404.5445,0.44619,0.233695652792531,33.8626221531023,10.1288573546381
"PA",21,0.161911471295571,30.926,30.7001,0.889,"1503705",0.9841,3.175,3.28,2.596,0,0,5.876,2758.3673,7.425,1.11112585961257,0.515192602630451,2019-06-30,13170.5543,0.38252,0.233695652792531,33.8626221531023,10.1288573546381
"PA",12,0.128192168053237,51.161,36.0557,0.433,"1503705",13.3929,26.119,0,0.607,0,0,0.607,3102.1754,8.103,1.11112585961257,0.525831556103066,2019-06-30,14202.6243,0.40161,0.233695652792531,33.8626221531023,10.1288573546381
"PA",6,0.0630470512686085,53.845,31.7111,0.246,"1503705",27.9857,51.859,2.282,3.361,3.38,1.768,10.791,3348.7382,8.658,1.11112585961257,0.539638485362412,2019-06-30,16377.6123,0.46432,0.233695652792531,33.8626221531023,10.1288573546381
"PA",14,0.0742269619025206,50.834,48.317,0.377,"1503705",5.1567,10.121,4.164,2.339,0,0,6.503,2093.7622,5.559,1.11112585961257,0.515882220876035,2019-06-30,13216.7295,0.37939,0.233695652792531,33.8626221531023,10.1288573546381
"PA",5,0.0586317249343925,32.016,19.4313,0.335,"1503705",16.325,50.877,1.935,7.152,0,1.249,10.336,3692.7478,9.62,1.11112585961257,0.56961378111982,2019-06-30,16586.1176,0.47202,0.233695652792531,33.8626221531023,10.1288573546381
"PA",7,0.121099772061848,26.248,15.981,0.569,"1503705",10.5397,40.064,1.367,0,0,0,1.367,2930.7893,7.675,1.11112585961257,0.558149948926868,2019-06-30,16415.9376,0.48031,0.233695652792531,33.8626221531023,10.1288573546381
"PA",9,0.0760067953823499,56.864,52.2386,0.224,"1503705",22.4794,39.444,7.187,6.623,3.849,4.938,22.597,3282.9458,8.475,1.11112585961257,0.537615366305305,2019-06-30,16283.4702,0.46118,0.233695652792531,33.8626221531023,10.1288573546381
"PA",38,0.174122785315538,56.679,56.1509,0.88,"1503705",8.4093,14.804,6.537,10.337,2.044,0.473,19.391,2426.1918,6.462,1.11112585961257,0.527574740110058,2019-06-30,12473.4691,0.35571,0.233695652792531,33.8626221531023,10.1288573546381
"PA",10,0.249120100730422,47.735,47.8422,0.272,"1503705",0.005,0.01,0,0,0,0,0,981.2118,2.528,1.11112585961257,1.4421499578023,2019-07-08,5558.4274,0.15987,0.233695652792531,33.8626221531023,10.1288573546381
"PA",57,0.225285247693075,112.024,101.4566,0.73,"1503705",25.2597,22.498,3.143,12.774,0.479,0,16.396,2487.0241,6.05,1.11112585961257,0.47442258008398,2019-06-30,14123.9935,0.37733,0.233695652792531,33.8626221531023,10.1288573546381
"PA",7,0.0354639663385923,99.543,42.6557,0.213,"1503705",72.2462,72.416,3.557,2.735,6.257,2.07,14.619,3415.1712,8.641,1.11112585961257,0.540580389479299,2019-06-30,16638.4632,0.46185,0.233695652792531,33.8626221531023,10.1288573546381
"PA",45,0.126062041018753,46.916,24.9474,2.345,"1503705",22.3311,47.492,1.144,0.054,0,0.116,1.314,1889.538,4.954,1.11112585961257,0.477526371478301,2019-06-30,14592.9115,0.41782,0.233695652792531,33.8626221531023,10.1288573546381
"PA",7,0.0870790811898598,35.732,26.8155,0.339,"1503705",19.5011,54.454,2.753,2.253,5.757,1.537,12.3,2653.6244,7.036,1.11112585961257,0.50379950949429,2019-06-30,13916.281,0.4029,0.233695652792531,33.8626221531023,10.1288573546381
"PA",26,0.189757529264585,46.031,40.8164,0.828,"1503705",17.4253,37.771,7.043,11.106,7.972,0,26.121,2617.2859,7.065,1.11112585961257,0.535569854559697,2019-06-30,12543.3261,0.36186,0.233695652792531,33.8626221531023,10.1288573546381
"PA",9,0.0522474487139159,61.991,45.3624,0.258,"1503705",20.4421,32.902,1.443,2.419,0,0,3.862,3737.1315,9.671,1.11112585961257,0.572901219199631,2019-06-30,17116.4377,0.48407,0.233695652792531,33.8626221531023,10.1288573546381
"PA",46,0.235890028451828,79.301,70.4302,0.849,"1503705",7.7425,9.742,0.235,0,0,0,0.235,2730.9331,7.203,1.11112585961257,0.536523557574351,2019-06-30,13359.2188,0.37692,0.233695652792531,33.8626221531023,10.1288573546381
"PA",8,0.0493006043280414,103.113,84.0038,0.124,"1503705",41.3761,40.037,1.612,0.367,4.605,3.334,9.918,3663.7582,8.952,1.11112585961257,0.554482765660489,2019-06-30,17488.1189,0.46755,0.233695652792531,33.8626221531023,10.1288573546381
"PA",7,0.119191835884531,39.893,36.8045,0.247,"1503705",11.347,28.38,0.597,10.966,0,0.96,12.523,3149.6514,8.253,1.11112585961257,0.533186466561392,2019-06-30,15740.557,0.4519,0.233695652792531,33.8626221531023,10.1288573546381
"PA",31,0.105818645652576,194.181,169.2363,0.238,"1503705",28.1537,14.466,1.75,2.066,0.152,0,3.968,1144.5989,2.61,1.11112585961257,1.44096492848397,2019-07-08,6646.8678,0.16485,0.233695652792531,33.8626221531023,10.1288573546381
"PA",25,0.246591019191778,26.275,24.6957,1.316,"1503705",12.6757,48.135,0,3.064,28.853,1.81,33.727,2655.1538,7.119,1.11112585961257,0.507903927319763,2019-06-30,14061.8324,0.41133,0.233695652792531,33.8626221531023,10.1288573546381
"PA",7,0.125647736893767,35.017,29.6693,0.307,"1503705",15.8931,45.285,2.81,2.299,5.868,1.619,12.596,2642.1167,7.007,1.11112585961257,0.503675459346074,2019-06-30,13905.1956,0.40291,0.233695652792531,33.8626221531023,10.1288573546381
"PA",15,0.119001151046577,33.02,33.0942,0.589,"1503705",0,0,0,0,0,0,0,864.6091,2.297,1.11112585961257,1.45436814939246,2019-07-08,5660.1456,0.1641,0.233695652792531,33.8626221531023,10.1288573546381
"PA",16,0.11728147009197,84.713,66.7284,0.312,"1503705",41.3476,48.7,0.739,0.845,6.103,3.894,11.581,2016.9843,5.194,1.11112585961257,0.488229898813037,2019-06-30,14133.5792,0.39516,0.233695652792531,33.8626221531023,10.1288573546381
"PA",10,0.0942957880030493,40.151,40.2411,0.323,"1503705",0,0,0,0,0,0,0,818.2717,2.15,1.11112585961257,1.47156628074988,2019-07-08,5549.5413,0.15966,0.233695652792531,33.8626221531023,10.1288573546381
"PA",15,0.0688521363943655,105.903,63.0989,0.309,"1503705",83.0304,78.228,3.635,15.899,7.261,2.116,28.911,3754.2954,8.21,1.11112585961257,0.543923221106609,2019-06-30,19051.4488,0.45685,0.233695652792531,33.8626221531023,10.1288573546381
"PA",17,0.104117703776938,50.214,44.5536,0.496,"1503705",9.6848,19.244,7.774,1.843,1.425,0.891,11.933,3284.6712,8.749,1.11112585961257,0.553983048595667,2019-06-30,13667.6756,0.3922,0.233695652792531,33.8626221531023,10.1288573546381
"PA",27,0.151952354382692,58.65,41.1045,0.854,"1503705",44.5447,75.78,3.259,10.161,9.48,7.689,30.589,3002.0681,7.812,1.11112585961257,0.519245694388244,2019-06-30,15026.0094,0.42575,0.233695652792531,33.8626221531023,10.1288573546381
"PA",8,0.166346468763249,29.408,27.8217,0.374,"1503705",3.2779,11.121,0,0,1.825,0,1.825,3068.8611,8.192,1.11112585961257,0.528607187277973,2019-06-30,13986.5863,0.40449,0.233695652792531,33.8626221531023,10.1288573546381
"PA",9,0.108219645568516,50.649,49.6969,0.235,"1503705",16.2787,32.069,2.239,4.283,14.352,0.841,21.715,3071.9471,8.015,1.11112585961257,0.523469681818582,2019-06-30,15128.8537,0.43008,0.233695652792531,33.8626221531023,10.1288573546381
"PA",63,0.196625596742764,63.645,54.3861,1.506,"1503705",13.6356,21.377,4.893,5.607,0,0,10.5,2254.7174,5.798,1.11112585961257,0.46801372430851,2019-06-30,13176.8229,0.36997,0.233695652792531,33.8626221531023,10.1288573546381
"PA",17,0.111643250974818,84.584,67.4909,0.327,"1503705",40.9396,48.293,0.74,0.846,6.352,4.117,12.055,2014.2488,5.192,1.11112585961257,0.487838297942005,2019-06-30,14092.8954,0.39439,0.233695652792531,33.8626221531023,10.1288573546381
"PA",7,0.0467061452558935,54.756,19.9508,0.456,"1503705",35.6781,65.013,0,4.354,2.707,0,7.061,3090.5211,8.139,1.11112585961257,0.530940945169019,2019-06-30,13966.3595,0.39838,0.233695652792531,33.8626221531023,10.1288573546381
"PA",13,0.102746148619801,98.803,70.3317,0.24,"1503705",30.8994,31.204,2.73,1.067,0,0.449,4.246,3382.2958,8.473,1.11112585961257,0.537718292592464,2019-06-30,15009.3569,0.40818,0.233695652792531,33.8626221531023,10.1288573546381
"PA",14,0.165939704453343,39.775,39.5509,0.46,"1503705",1.3377,3.356,0,0,0,0,0,1785.4581,4.684,1.11112585961257,0.491498478155861,2019-06-30,14683.215,0.421,0.233695652792531,33.8626221531023,10.1288573546381
"PA",7,0.0912372435695795,64.099,39.4655,0.231,"1503705",10.305,16.041,0,0,0,0,0,3544.1322,9.152,1.11112585961257,0.552628744848391,2019-06-30,15942.6389,0.45003,0.233695652792531,33.8626221531023,10.1288573546381
"PA",70,0.16269064401098,48.443,39.0288,2.332,"1503705",19.1376,39.418,0,0,3.538,5.936,9.474,3672.9269,9.293,1.11112585961257,0.579495455501491,2019-06-30,17757.1302,0.5007,0.233695652792531,33.8626221531023,10.1288573546381
"PA",15,0.0466228174177097,135.141,113.619,0.172,"1503705",13.6066,10.046,0,0,0,0,0,3430.8976,8.542,1.11112585961257,0.539199877032998,2019-06-30,15860.3547,0.43063,0.233695652792531,33.8626221531023,10.1288573546381
"PA",10,0.127210179778326,81.021,63.2117,0.206,"1503705",21.3043,26.236,0,1.156,2.068,0.552,3.776,3241.0446,8.333,1.11112585961257,0.531554411014051,2019-06-30,14947.987,0.41712,0.233695652792531,33.8626221531023,10.1288573546381
"PA",11,0.0900132478750394,70.545,46.6134,0.307,"1503705",39.3916,55.714,0.3,0.011,12.907,1.204,14.422,3612.662,9.309,1.11112585961257,0.563260168195799,2019-06-30,15888.5387,0.44754,0.233695652792531,33.8626221531023,10.1288573546381
"PA",19,0.262723879599648,34.578,32.7054,0.755,"1503705",5.4959,15.859,22.75,0.41,0,0,23.16,2792.2367,7.539,1.11112585961257,0.528398859610559,2019-06-30,13292.5927,0.38443,0.233695652792531,33.8626221531023,10.1288573546381
"PA",6,0.116073645463909,36.363,12.0972,0.645,"1503705",32.2459,88.48,4.575,4.446,1.722,3.977,14.72,2047.7156,5.408,1.11112585961257,0.466205474579607,2019-06-30,12343.7424,0.35486,0.233695652792531,33.8626221531023,10.1288573546381
"PA",6,0.110880257907514,88.165,77.4325,0.101,"1503705",21.1599,23.947,2.333,1.116,1.826,1.896,7.171,2719.7719,6.96,1.11112585961257,0.504799936187799,2019-06-30,13913.1649,0.38728,0.233695652792531,33.8626221531023,10.1288573546381
"PA",30,0.14911365678743,78.859,63.6589,0.613,"1503705",4.4553,5.637,0.68,0,0,0,0.68,2841.7053,7.269,1.11112585961257,0.512863917722868,2019-06-30,13938.9833,0.38593,0.233695652792531,33.8626221531023,10.1288573546381
"PA",6,0.0702837733072905,45.266,38.1818,0.204,"1503705",9.9612,21.957,0,0,2.174,2.272,4.446,3075.1135,7.866,1.11112585961257,0.565141523510224,2019-06-30,16942.516,0.48605,0.233695652792531,33.8626221531023,10.1288573546381
"PA",5,0.0645203304688016,69.524,68.8729,0.094,"1503705",0.2345,0.337,0,0,0,0,0,2507.8277,6.623,1.11112585961257,0.523632728497207,2019-06-30,12696.5935,0.36001,0.233695652792531,33.8626221531023,10.1288573546381
"PA",11,0.188564073670064,52.108,45.4855,0.314,"1503705",9.5368,18.261,1.888,0.012,2.914,0,4.814,2919.0965,7.706,1.11112585961257,0.519071947047932,2019-06-30,14354.4302,0.41198,0.233695652792531,33.8626221531023,10.1288573546381
"PA",51,0.235279014840628,103.646,99.8049,0.664,"1503705",1.8477,1.779,1.035,0,0,0,1.035,2544.1496,6.359,1.11112585961257,0.480671929005599,2019-06-30,14336.3046,0.3932,0.233695652792531,33.8626221531023,10.1288573546381
"PA",7,0.177883994584909,29.544,22.019,0.413,"1503705",11.1478,37.649,28.115,7.694,0,0,35.809,2815.4774,7.686,1.11112585961257,0.52610773789385,2019-06-30,13322.7668,0.38942,0.233695652792531,33.8626221531023,10.1288573546381
"PA",12,0.187964991253181,41.721,41.8139,0.373,"1503705",0.6365,1.522,0,0,0,0,0,2032.9357,5.401,1.11112585961257,0.495725192819555,2019-06-30,13382.9685,0.38468,0.233695652792531,33.8626221531023,10.1288573546381
"PA",21,0.0795689627195286,165.477,111.3402,0.245,"1503705",78.5933,47.389,0.873,3.419,2.527,1.857,8.676,3194.3088,7.644,1.11112585961257,0.527887748940228,2019-06-30,16808.1625,0.44135,0.233695652792531,33.8626221531023,10.1288573546381
"PA",7,0.137310962899308,21.494,21.1906,0.429,"1503705",1.8432,8.556,0.741,0,0,0.972,1.713,2247.6722,6.164,1.11112585961257,0.515114491280153,2019-06-30,12421.827,0.3658,0.233695652792531,33.8626221531023,10.1288573546381
"PA",79,0.110304056998368,432.414,322.0839,0.319,"1503705",116.319,26.84,1.876,0.186,0,0.017,2.079,3132.9327,6.608,1.11112585961257,0.507638836362643,2019-06-30,17252.9281,0.39561,0.233695652792531,33.8626221531023,10.1288573546381
"PA",17,0.1507366402962,51.136,36.7864,0.601,"1503705",15.5455,30.333,0,0,0,0,0,2607.4645,6.956,1.11112585961257,0.525792369328446,2019-06-30,12773.6796,0.36667,0.233695652792531,33.8626221531023,10.1288573546381
"PA",12,0.102418057488281,51.215,37.8154,0.413,"1503705",20.7771,40.478,1.397,0,6.855,0,8.252,3661.5343,9.547,1.11112585961257,0.569327758163245,2019-06-30,15498.9984,0.44174,0.233695652792531,33.8626221531023,10.1288573546381
"PA",9,0.0260681106307679,102.096,62.1094,0.188,"1503705",84.6276,82.705,3.186,6.068,7.27,7.442,23.966,3436.0598,8.47,1.11112585961257,0.542437948723419,2019-06-30,16980.0213,0.45919,0.233695652792531,33.8626221531023,10.1288573546381
"PA",64,0.140516352351609,271.608,184.7984,0.45,"1503705",125.5127,46.108,5.649,3.421,1.666,0.027,10.763,4252.2017,9.897,1.11112585961257,0.588494731543852,2019-06-30,19419.7542,0.49515,0.233695652792531,33.8626221531023,10.1288573546381
"PA",19,0.209360108037961,54.924,47.6299,0.519,"1503705",9.2924,16.881,0.196,0,1.064,0,1.26,2818.4829,7.346,1.11112585961257,0.509974319098605,2019-06-30,13834.8753,0.39118,0.233695652792531,33.8626221531023,10.1288573546381
"PA",23,0.137557202767873,50.532,40.0081,0.747,"1503705",19.9362,39.364,1.947,5.595,2.478,0.943,10.963,3753.2872,9.571,1.11112585961257,0.605853557385368,2019-06-30,18691.8071,0.53364,0.233695652792531,33.8626221531023,10.1288573546381
"PA",9,0.0878828571608421,56.81,53.8891,0.217,"1503705",21.1535,37.152,7.737,8.586,3.243,4.685,24.251,3271.1353,8.446,1.11112585961257,0.537437288502738,2019-06-30,16247.1517,0.46029,0.233695652792531,33.8626221531023,10.1288573546381
"PA",7,0.117933906346557,41.884,30.3721,0.3,"1503705",17.3038,41.221,0,0,2.404,0,2.404,2961.7366,7.805,1.11112585961257,0.520385894245662,2019-06-30,14325.1355,0.41033,0.233695652792531,33.8626221531023,10.1288573546381
"PA",15,0.288880855862562,30.647,30.5686,0.638,"1503705",6.7667,22.03,2.439,11.528,9.301,0.017,23.285,1990.266,5.295,1.11112585961257,0.483982218650487,2019-06-30,13503.8593,0.39023,0.233695652792531,33.8626221531023,10.1288573546381
"PA",22,0.098618078166021,145.98,115.9417,0.247,"1503705",50.4823,34.504,3.488,2.801,0.819,1.85,8.958,2742.213,6.4,1.11112585961257,0.514747380036149,2019-06-30,15107.5253,0.383,0.233695652792531,33.8626221531023,10.1288573546381
"PA",8,0.142478444107629,33.106,25.8809,0.402,"1503705",8.223,24.783,12.293,4.352,0,0,16.645,2725.5042,7.405,1.11112585961257,0.523993796710199,2019-06-30,13017.9783,0.38001,0.233695652792531,33.8626221531023,10.1288573546381
"PA",14,0.0404006669509771,255.496,148.7175,0.122,"1503705",157.5558,61.528,1.751,6.069,7.87,0.989,16.679,3546.943,7.976,1.11112585961257,0.558590551849468,2019-06-30,18953.2406,0.47173,0.233695652792531,33.8626221531023,10.1288573546381
"PA",9,0.103245553203368,50.22,47.1331,0.248,"1503705",16.9362,33.649,1.879,1.109,11.107,1.526,15.621,3025.3817,7.932,1.11112585961257,0.523024181605149,2019-06-30,15049.21,0.43063,0.233695652792531,33.8626221531023,10.1288573546381
"PA",17,0.120767971623241,47.979,31.74,0.696,"1503705",4.0579,8.439,0,0,0,0,0,3452.5656,8.992,1.11112585961257,0.547778001203525,2019-06-30,15656.1551,0.44591,0.233695652792531,33.8626221531023,10.1288573546381
"PA",35,0.13336116806667,125.762,76.7949,0.592,"1503705",53.3152,42.299,0.722,1.574,0,0,2.296,2621.4035,6.439,1.11112585961257,0.51022694742203,2019-06-30,14305.2595,0.38057,0.233695652792531,33.8626221531023,10.1288573546381
"PA",11,0.0900132478750394,70.616,46.6845,0.306,"1503705",39.3916,55.658,0.299,0.011,12.894,1.203,14.407,3613.417,9.311,1.11112585961257,0.563261403246316,2019-06-30,15889.7962,0.44752,0.233695652792531,33.8626221531023,10.1288573546381
"PA",7,0.0778498534683311,44.101,31.9134,0.285,"1503705",14.148,32.01,0,0,1.217,0,1.217,3623.8152,9.458,1.11112585961257,0.57478034388375,2019-06-30,17155.9738,0.49097,0.233695652792531,33.8626221531023,10.1288573546381
"PA",11,0.0580527207932399,55.934,42.7127,0.335,"1503705",11.5437,20.592,0,0,0,0,0,3284.6355,8.598,1.11112585961257,0.539130524060606,2019-06-30,15162.0521,0.43169,0.233695652792531,33.8626221531023,10.1288573546381
"PA",24,0.072618353808843,84.452,75.6641,0.412,"1503705",11.3813,13.446,0,0,0,0.005,0.005,2904.0344,7.522,1.11112585961257,0.525005758387615,2019-06-30,14116.5732,0.39391,0.233695652792531,33.8626221531023,10.1288573546381
"PA",12,0.066304062531437,133.672,111.0042,0.141,"1503705",40.7629,30.427,5.281,3.253,2.719,0.011,11.264,3266.2292,8.136,1.11112585961257,0.532987165655377,2019-06-30,14722.4043,0.39671,0.233695652792531,33.8626221531023,10.1288573546381
"PA",6,0.104721359549996,31.347,14.9953,0.52,"1503705",22.5357,71.731,4.941,2.394,0,0,7.335,3096.6184,8.221,1.11112585961257,0.537148251251362,2019-06-30,15669.8302,0.45726,0.233695652792531,33.8626221531023,10.1288573546381
"PA",8,0.0496114595598706,82.785,59.8748,0.174,"1503705",17.2848,20.833,0,0,0,0,0,3292.2638,8.476,1.11112585961257,0.536520933334069,2019-06-30,15194.1078,0.42532,0.233695652792531,33.8626221531023,10.1288573546381
"PA",34,0.0919031198491119,49.984,44.6111,0.991,"1503705",4.0541,8.093,0,0,0,0,0,963.4779,2.467,1.11112585961257,1.43816538554833,2019-07-08,5716.8417,0.16414,0.233695652792531,33.8626221531023,10.1288573546381
"PA",16,0.124844322387665,51.219,40.2271,0.517,"1503705",11.0769,21.578,0,0,1.564,1.362,2.926,3384.5045,8.87,1.11112585961257,0.543686570448563,2019-06-30,14916.0958,0.42524,0.233695652792531,33.8626221531023,10.1288573546381
"PA",7,0.0390878166229283,58.74,55.3209,0.164,"1503705",0.7402,1.257,0,0,0,0,0,3344.8666,8.689,1.11112585961257,0.542387277903985,2019-06-30,15449.987,0.43804,0.233695652792531,33.8626221531023,10.1288573546381
"PA",17,0.17132482000657,35.09,33.2889,0.664,"1503705",25.6417,72.911,10.702,62.378,1.069,0.009,74.158,3000.6568,7.864,1.11112585961257,0.535260707049134,2019-06-30,15729.3249,0.45346,0.233695652792531,33.8626221531023,10.1288573546381
"PA",78,0.0513921783798488,482.752,285.3135,0.355,"1503705",285.9078,59.092,5.336,6.05,2.124,0.592,14.102,4213.7456,9.435,1.11112585961257,0.577681675887192,2019-06-30,18800.9267,0.45693,0.233695652792531,33.8626221531023,10.1288573546381
"PA",51,0.191241676039123,40.952,28.837,2.299,"1503705",13.8387,33.717,1.725,0,0,0,1.725,3571.0709,9.076,1.11112585961257,0.577750665242592,2019-06-30,17585.906,0.50054,0.233695652792531,33.8626221531023,10.1288573546381
"PA",14,0.0889897948556636,48.228,33.6083,0.542,"1503705",19.2671,39.86,0,1.018,1.542,0.276,2.836,2676.106,7.042,1.11112585961257,0.500757508555066,2019-06-30,13575.0123,0.38916,0.233695652792531,33.8626221531023,10.1288573546381
"PA",8,0.0599911259614466,37.97,30.2158,0.344,"1503705",10.6851,28.078,6.773,0,5.183,1.413,13.369,3216.0401,8.278,1.11112585961257,0.569019360145152,2019-06-30,16977.6218,0.49022,0.233695652792531,33.8626221531023,10.1288573546381
"PA",8,0.11565646152233,50.226,37.6766,0.276,"1503705",25.3938,50.446,1.959,1.276,5.571,1.547,10.353,2691.9162,6.899,1.11112585961257,0.500938652922218,2019-06-30,14379.9679,0.40304,0.233695652792531,33.8626221531023,10.1288573546381
"PA",8,0.0614503627012038,101.3,66.2273,0.157,"1503705",35.1071,34.579,0.293,1.413,0,0.53,2.236,2720.2085,6.757,1.11112585961257,0.493849842143594,2019-06-30,14445.1272,0.39151,0.233695652792531,33.8626221531023,10.1288573546381
"PA",6,0.032,40.035,28.4365,0.274,"1503705",12.8336,31.984,0,0.109,1.265,0.332,1.706,3792.8376,9.831,1.11112585961257,0.59818938786266,2019-06-30,18138.7625,0.52195,0.233695652792531,33.8626221531023,10.1288573546381
"PA",7,0.0674160628566657,47.617,38.5385,0.236,"1503705",17.9283,37.567,2.408,9.035,2.215,0.073,13.731,3189.7506,8.388,1.11112585961257,0.537864950102669,2019-06-30,14122.0669,0.4017,0.233695652792531,33.8626221531023,10.1288573546381
"PA",7,0.033786065417699,45.795,31.0837,0.293,"1503705",21.9541,47.833,1.934,4.891,4.882,2.245,13.952,1906.1118,5.029,1.11112585961257,0.505778130599447,2019-06-30,13944.1896,0.40094,0.233695652792531,33.8626221531023,10.1288573546381
"PA",41,0.149138461227595,57.522,43.7848,1.217,"1503705",21.7143,37.665,0.933,2.73,0,2.139,5.802,3497.2816,9.05,1.11112585961257,0.562327016181894,2019-06-30,16730.9891,0.47542,0.233695652792531,33.8626221531023,10.1288573546381
"PA",11,0.145399339747985,42.376,41.131,0.348,"1503705",1.1024,2.596,0,0,0,0,0,1729.7518,4.573,1.11112585961257,0.499732058705815,2019-06-30,14585.2428,0.4214,0.233695652792531,33.8626221531023,10.1288573546381
"PA",16,0.164133666431974,45.083,37.3414,0.557,"1503705",11.4585,25.36,0,1.388,0.917,0,2.305,1801.0074,4.731,1.11112585961257,0.492256499853592,2019-06-30,14471.1441,0.41492,0.233695652792531,33.8626221531023,10.1288573546381
"PA",12,0.126932012278097,50.032,35.875,0.435,"1505064",23.3726,46.611,0,4.244,5.589,0,9.833,1881.4452,4.987,1.45958250821183,1.48429532017141,2019-08-07,18763.5973,0.53847,0.268150764853229,33.5550943035116,7.30979445503371
"PA",27,0.214413813706066,175.757,129.462,0.271,"1505064",45.4904,25.825,6.561,0.657,0.289,0,7.507,2778.5612,6.575,1.45958250821183,1.62488320493211,2019-08-08,15201.2983,0.3981,0.268150764853229,33.5550943035116,7.30979445503371
"PA",21,0.0796383805498214,90.26,33.9834,0.803,"1505064",54.9401,60.733,0,0,0,0,0,2400.2297,5.998,1.45958250821183,1.55928334258162,2019-08-07,13572.7034,0.37055,0.268150764853229,33.5550943035116,7.30979445503371
"PA",133,0.0743962101973377,587.598,222.9193,0.776,"1505064",378.6338,64.294,0.122,0.457,0.122,0,0.701,3882.1851,8.31,1.45958250821183,1.58069691087313,2019-08-07,15462.41,0.35954,0.268150764853229,33.5550943035116,7.30979445503371
"PA",56,0.189656213504124,264.769,223.2284,0.326,"1505064",35.3253,13.312,0.016,0.108,0,0,0.124,2910.7281,6.676,1.45958250821183,1.63532116781821,2019-08-08,16076.2936,0.40851,0.268150764853229,33.5550943035116,7.30979445503371
"PA",33,0.177988191589505,121.149,99.2787,0.432,"1505064",22.6996,18.695,0,0.443,0,0,0.443,2672.6613,6.7,1.45958250821183,1.59430636040216,2019-08-07,13789.6168,0.37744,0.268150764853229,33.5550943035116,7.30979445503371
"PA",194,0.23259342941279,201.613,180.5837,1.397,"1505064",22.7534,11.26,0.011,0,0.673,0,0.684,2666.5814,6.245,1.45958250821183,1.50479594339469,2019-08-07,21383.5101,0.54957,0.268150764853229,33.5550943035116,7.30979445503371
"PA",24,0.0462416192576797,194.593,108.3794,0.288,"1505064",89.1415,45.707,0.347,1.012,0.414,0,1.773,3365.2443,8.159,1.45958250821183,1.6109256948799,2019-08-07,13597.1541,0.35717,0.268150764853229,33.5550943035116,7.30979445503371
"PA",5,0.0233073428725603,59.607,47.0457,0.138,"1505064",17.3279,29.005,4.897,1.305,3.004,0,9.206,1664.1818,4.235,1.45958250821183,1.02279713501486,2019-08-14,13591.0964,0.37945,0.268150764853229,33.5550943035116,7.30979445503371
"PA",23,0.0724633530703771,46.874,33.1751,0.901,"1505064",13.0288,27.733,0,0,0,0,0,2377.675,6.053,1.45958250821183,1.56126919037776,2019-08-07,13276.5978,0.36778,0.268150764853229,33.5550943035116,7.30979445503371
"PA",22,0.108951441180226,47.795,18.3886,1.555,"1505064",29.355,61.281,0,0,0,0,0,2367.1323,6,1.45958250821183,1.55819193252029,2019-08-07,13414.2526,0.37152,0.268150764853229,33.5550943035116,7.30979445503371
"PA",16,0.287960916940028,51.83,43.5931,0.477,"1505064",4.3181,8.313,0,0,0,0,0,2418.4069,6.347,1.45958250821183,1.51924118813722,2019-08-07,15960.2854,0.45578,0.268150764853229,33.5550943035116,7.30979445503371
"PA",5,0.0584835745906934,92.955,73.4745,0.088,"1505064",27.8952,29.942,1.829,0.795,1.733,0.529,4.886,3260.4405,8.373,1.45958250821183,1.59891771178924,2019-08-07,12386.3342,0.3451,0.268150764853229,33.5550943035116,7.30979445503371
"PA",21,0.134075844190724,50.375,38.81,0.703,"1505064",21.1816,41.954,0,6.767,5.309,0,12.076,2687.0588,6.637,1.45958250821183,1.51443657970276,2019-08-07,19545.9473,0.53115,0.268150764853229,33.5550943035116,7.30979445503371
"PA",7,0.0461487153824593,129.805,59.8278,0.152,"1505064",74.1283,56.98,0,0,0,0.552,0.552,1913.7665,4.775,1.45958250821183,1.60295405436859,2019-08-08,13932.5675,0.37833,0.268150764853229,33.5550943035116,7.30979445503371
"PA",52,0.195195363890764,153.963,141.8062,0.477,"1505064",46.4039,30.072,1.585,0.349,0.648,0.174,2.756,2563.1067,6.166,1.45958250821183,1.61763781789606,2019-08-08,14786.3696,0.39011,0.268150764853229,33.5550943035116,7.30979445503371
"PA",25,0.248057099280779,125.401,110.4558,0.294,"1505064",59.2939,47.178,10.166,8.202,15.517,1.133,35.018,3101.3632,7.632,1.45958250821183,1.66117865790024,2019-08-08,16161.7874,0.43958,0.268150764853229,33.5550943035116,7.30979445503371
"PA",115,0.225445265663686,273.222,194.3259,0.769,"1505064",83.8299,30.613,2.293,0.626,1.149,0.068,4.136,3300.0129,7.552,1.45958250821183,1.62689123110101,2019-08-08,16824.2425,0.43123,0.268150764853229,33.5550943035116,7.30979445503371
"PA",47,0.19720650431019,124.286,98.9662,0.617,"1505064",35.3158,28.352,0,2.664,1.44,0,4.104,2505.0949,6.268,1.45958250821183,1.6054985043202,2019-08-07,13928.3183,0.38039,0.268150764853229,33.5550943035116,7.30979445503371
"PA",5,0.118501478945632,50.666,39.171,0.166,"1505064",14.0802,27.728,3.533,1.06,0,0,4.593,2833.7181,7.21,1.45958250821183,1.63247583856687,2019-08-08,15000.6829,0.42596,0.268150764853229,33.5550943035116,7.30979445503371
"PA",21,0.143260723834137,215.829,129.5915,0.211,"1505064",83.7535,38.719,0,0,0,0.001,0.001,2373.4195,5.675,1.45958250821183,1.6055918988197,2019-08-08,14782.2828,0.38806,0.268150764853229,33.5550943035116,7.30979445503371
"PA",13,0.0961224482939765,55.033,45.1022,0.375,"1505064",30.9255,56.069,6.23,6.027,19.278,0,31.535,2961.6353,7.601,1.45958250821183,1.65763913676549,2019-08-08,15318.9362,0.43528,0.268150764853229,33.5550943035116,7.30979445503371
"PA",23,0.0351342412171661,766.27,375.7421,0.08,"1505064",378.3135,49.261,0.973,0.507,0.122,0,1.602,4202.9239,8.283,1.45958250821183,1.66190480182422,2019-08-08,20512.11,0.44871,0.268150764853229,33.5550943035116,7.30979445503371
"PA",20,0.19662706182188,49.043,45.4271,0.572,"1505064",13.8244,28.125,6.387,1.194,2.998,1.095,11.674,3665.4473,9.462,1.45958250821183,1.68137496072684,2019-08-08,16406.3515,0.47048,0.268150764853229,33.5550943035116,7.30979445503371
"PA",40,0.195675187805901,56.797,47.5969,1.093,"1505064",12.2219,21.471,1.103,0.007,0,0,1.11,1921.1165,5.066,1.45958250821183,1.4899781882514,2019-08-07,18135.5009,0.51786,0.268150764853229,33.5550943035116,7.30979445503371
"PA",21,0.144868049422209,63.191,37.4794,0.728,"1505064",35.6032,56.216,5.528,6.637,4.883,0.904,17.952,2153.1925,5.391,1.45958250821183,1.49897653190846,2019-08-07,18490.5721,0.50532,0.268150764853229,33.5550943035116,7.30979445503371
"PA",12,0.240192574822566,49.196,37.8092,0.413,"1505064",6.4472,13.076,0,0,0,0,0,2423.1252,6.368,1.45958250821183,1.51984481298413,2019-08-07,15850.2547,0.45316,0.268150764853229,33.5550943035116,7.30979445503371
"PA",32,0.222252680710235,231.823,166.0552,0.251,"1505064",61.171,26.328,0,0,0,0.009,0.009,3664.0249,8.469,1.45958250821183,1.63879208372023,2019-08-08,16680.716,0.43244,0.268150764853229,33.5550943035116,7.30979445503371
"PA",19,0.278183457688709,50.314,43.2133,0.572,"1505064",15.2763,30.294,0,3.023,9.589,2.391,15.003,2710.4049,7.036,1.45958250821183,1.52513016550903,2019-08-07,16596.4873,0.47275,0.268150764853229,33.5550943035116,7.30979445503371
"PA",23,0.0712591079140896,208.853,167.9871,0.178,"1505064",56.1707,26.835,0,0.616,2.158,0.46,3.234,2755.1516,6.567,1.45958250821183,1.63996423318537,2019-08-08,15577.8263,0.40715,0.268150764853229,33.5550943035116,7.30979445503371
"PA",80,0.278989539855689,100.334,88.1971,1.179,"1505064",14.1878,14.109,0,0,0.866,0,0.866,2556.8814,6.364,1.45958250821183,1.51204858095294,2019-08-07,18553.0896,0.50595,0.268150764853229,33.5550943035116,7.30979445503371
"PA",9,0.068649270144131,45.276,44.17,0.265,"1505635",0.9838,2.168,0,0,0,0.788,0.788,367.9133,0.924,1.2301402443949,0.713187955570509,2019-07-25,1452.437,0.04142,0.194245376016783,36.1968218900892,5.87842333221039
"PA",8,0.0730879487064264,64.144,64.2852,0.162,"1505635",0,0,0,0,0.011,0.108,0.119,386.1473,0.978,1.2301402443949,0.703622900767606,2019-07-25,1757.2759,0.04994,0.194245376016783,36.1968218900892,5.87842333221039
"PA",8,0.0467727422750261,91.417,86.6353,0.12,"1505635",0.8049,0.878,0,0,0,0,0,426.3714,1.064,1.2301402443949,0.686922496398566,2019-07-25,2032.0474,0.05537,0.194245376016783,36.1968218900892,5.87842333221039
"PA",5,0.0348621067177469,58.291,58.4211,0.111,"1505635",0.6261,1.072,0,0,0.919,0.459,1.378,384.652,0.97,1.2301402443949,0.711249885631011,2019-07-25,1595.7479,0.04534,0.194245376016783,36.1968218900892,5.87842333221039
"PA",18,0.0604418003992732,111.994,92.0699,0.254,"1505635",5.5924,4.982,0,0,5.314,0,5.314,838.8371,2.04,1.2301402443949,0.160466125397449,2019-05-28,5309.9078,0.1406,0.194245376016783,36.1968218900892,5.87842333221039
"PA",13,0.0707509823107454,95.35,94.8703,0.178,"1505635",0,0,0,0,0,0,0,434.3651,1.056,1.2301402443949,0.700650150378763,2019-07-25,1668.4641,0.04574,0.194245376016783,36.1968218900892,5.87842333221039
"PA",23,0.0402015126103685,55.054,52.3353,0.571,"1505635",0,0,0,0,0,0,0,222.2732,0.531,1.2301402443949,0.702895947713933,2019-07-25,936.4003,0.02668,0.194245376016783,36.1968218900892,5.87842333221039
"PA",7,0.044353111832773,91.177,91.3739,0.1,"1505635",0,0,0,0,0,0,0,437.7627,1.085,1.2301402443949,0.686059007571045,2019-07-25,2060.7515,0.05598,0.194245376016783,36.1968218900892,5.87842333221039
"PA",17,0.0518568873555754,100.348,74.5828,0.296,"1505635",23.3577,23.225,0,0.622,2.887,0.211,3.72,337.4712,0.848,1.2301402443949,0.712626540176748,2019-07-25,1887.899,0.0523,0.194245376016783,36.1968218900892,5.87842333221039
"PA",8,0.0713882289690676,64.143,64.2828,0.162,"1505635",0,0,0,0,0.006,0.121,0.127,386.1473,0.978,1.2301402443949,0.70362005664435,2019-07-25,1756.1066,0.04991,0.194245376016783,36.1968218900892,5.87842333221039
"PA",7,0.0638435371424779,56.187,51.8394,0.176,"1505635",2.5041,4.447,0,0,0.953,0,0.953,436.6806,1.091,1.2301402443949,0.6868993871412,2019-07-25,2084.6414,0.05751,0.194245376016783,36.1968218900892,5.87842333221039
"PA",7,0.109215295060762,43.797,43.8948,0.207,"1505635",0.6153,1.402,0,0,0.113,0,0.113,893.756,2.356,1.2301402443949,0.184182043769751,2019-05-28,4925.7484,0.14275,0.194245376016783,36.1968218900892,5.87842333221039
"PA",7,0.060995626366713,113.447,112.3591,0.081,"1505635",0,0,0,0,0,0,0,450.0998,1.121,1.2301402443949,0.674826343889426,2019-07-25,1965.8027,0.05398,0.194245376016783,36.1968218900892,5.87842333221039
"PA",5,0.059728785412366,58.878,57.6996,0.113,"1505635",0,0,0,0,0,0,0,455.8504,1.165,1.2301402443949,0.674491675720036,2019-07-25,1968.5637,0.0555,0.194245376016783,36.1968218900892,5.87842333221039
"PA",5,0.0412155362886595,59.167,57.799,0.112,"1505635",0.5945,1.003,0,0,0,0,0,336.2272,0.842,1.2301402443949,0.715344383650403,2019-07-25,1559.561,0.04445,0.194245376016783,36.1968218900892,5.87842333221039
"PA",29,0.0917183493879684,152.822,149.0908,0.253,"1505635",0,0,0,0,0,0,0,284.4471,0.641,1.2301402443949,0.70307540208516,2019-07-25,1425.0349,0.03711,0.194245376016783,36.1968218900892,5.87842333221039
"PA",12,0.0550745054868239,97.771,97.9902,0.159,"1505635",0,0,0,0,0,0,0,483.674,1.193,1.2301402443949,0.683440367986129,2019-07-25,1928.3602,0.05316,0.194245376016783,36.1968218900892,5.87842333221039
"PA",6,0.0635641391826168,23.153,22.0866,0.353,"1505635",0.5366,2.313,0,0,2.698,0,2.698,386.3151,1.015,1.2301402443949,0.707322897071415,2019-07-25,1603.9337,0.0472,0.194245376016783,36.1968218900892,5.87842333221039
"PA",8,0.0715853288599973,106.509,91.8089,0.113,"1505635",13.9252,13.045,0,0,0,0,0,472.1376,1.181,1.2301402443949,0.673340081324628,2019-07-25,2053.735,0.05653,0.194245376016783,36.1968218900892,5.87842333221039
"PA",14,0.087973062301303,91.077,91.2807,0.199,"1505635",0,0,0,0,0,0.308,0.308,475.493,1.146,1.2301402443949,0.689481872682273,2019-07-25,1826.6238,0.04945,0.194245376016783,36.1968218900892,5.87842333221039
"PA",5,0.0553868561114938,37.74,37.8241,0.172,"1505635",0,0,0,0,0,0,0,246.759,0.623,1.2301402443949,0.702363685970262,2019-07-25,1513.769,0.04366,0.194245376016783,36.1968218900892,5.87842333221039
"PA",30,0.155930176310108,72.625,72.6394,0.537,"1505635",0,0,0,0,0,0,0,889.7754,2.209,1.2301402443949,0.179573630084484,2019-05-28,5079.46,0.13926,0.194245376016783,36.1968218900892,5.87842333221039
"PA",20,0.143531927186554,47.658,42.2189,0.616,"1505635",0,0,0,0,0,0,0,214.4198,0.514,1.2301402443949,0.708797198044232,2019-07-25,878.6505,0.02523,0.194245376016783,36.1968218900892,5.87842333221039
"PA",8,0.0555252947241384,109.632,104.6502,0.099,"1505635",0.8049,0.733,0,0,0,0,0,412.0088,1.035,1.2301402443949,0.686721431952227,2019-07-25,1968.1678,0.0541,0.194245376016783,36.1968218900892,5.87842333221039
"PA",14,0.0457230230002445,151.381,147.187,0.124,"1505635",2.4977,1.646,0,0,0.26,0,0.26,450.7905,1.085,1.2301402443949,0.686479057614221,2019-07-25,2147.6023,0.05692,0.194245376016783,36.1968218900892,5.87842333221039
"PA",10,0.0508513113460935,54.145,51.3462,0.253,"1505635",1.1984,2.208,0,0,0,0,0,249.8025,0.592,1.2301402443949,0.714476436169413,2019-07-25,862.5933,0.02459,0.194245376016783,36.1968218900892,5.87842333221039
"PA",8,0.0741581623797196,56.906,49.2128,0.211,"1505635",0,0,0,0,0,0,0,260.6839,0.629,1.2301402443949,0.707120509149517,2019-07-25,1252.8278,0.03564,0.194245376016783,36.1968218900892,5.87842333221039
"PA",16,0.0660544211246446,99.122,99.3436,0.209,"1505635",0,0,0,0,0,0,0,483.4237,1.19,1.2301402443949,0.683079755118492,2019-07-25,1873.2198,0.05153,0.194245376016783,36.1968218900892,5.87842333221039
"PA",5,0.179508766747784,41.41,41.5022,0.157,"1505635",0.7258,1.749,0,0,0.981,0,0.981,356.7277,0.879,1.2301402443949,0.715212500596818,2019-07-25,1363.7864,0.03842,0.194245376016783,36.1968218900892,5.87842333221039
"PA",15,0.0987922159770334,65.118,65.2636,0.299,"1505635",0,0,0,0,0,0,0,402.5668,1.03,1.2301402443949,0.682492034924866,2019-07-25,2001.8509,0.05597,0.194245376016783,36.1968218900892,5.87842333221039
"PA",17,0.0344027809201385,257.389,255.7582,0.086,"1505635",0.1497,0.058,0,0,0,0,0,468.8012,1.059,1.2301402443949,0.703287068747994,2019-07-25,1768.3151,0.045,0.194245376016783,36.1968218900892,5.87842333221039
"PA",20,0.143531927186554,47.658,43.4697,0.598,"1505635",0,0,0,0,0,0,0,214.1297,0.513,1.2301402443949,0.708321344773976,2019-07-25,878.2119,0.02523,0.194245376016783,36.1968218900892,5.87842333221039
"PA",5,0.0131286224097331,90.307,88.1475,0.074,"1505635",0.6604,0.73,0,0,0,0,0,436.0211,1.076,1.2301402443949,0.701531916400704,2019-07-25,1693.1981,0.04698,0.194245376016783,36.1968218900892,5.87842333221039
"PA",33,0.13364895035322,87.371,86.6294,0.495,"1505635",0,0,0,0,0,0,0,408.1713,1.04,1.2301402443949,0.680873228197997,2019-07-25,2028.6697,0.05642,0.194245376016783,36.1968218900892,5.87842333221039
"PA",10,0.0509915214914335,438.631,283.0576,0.046,"1506187",4.7113,1.072,0.177,0.484,0.001,0,0.662,1891.7704,4.126,0.954612492792723,0.275928732960775,2018-06-12,10540.9207,0.24683,0.279456459340595,34.2837305415673,9.46856286517477
"PA",17,0.0504114658025243,230.655,34.7348,0.636,"1506187",0.0477,0.021,0,0,0,0,0,1550.3969,3.709,0.954612492792723,0.239292048119011,2018-06-12,11722.7447,0.29825,0.279456459340595,34.2837305415673,9.46856286517477
"PA",34,0.0841504183355596,453.437,104.9884,0.421,"1506187",60.0644,13.217,0,0,0,0,0,1756.3159,3.936,0.954612492792723,0.253658397066609,2018-06-12,12221.3565,0.28964,0.279456459340595,34.2837305415673,9.46856286517477
"PA",47,0.084587712414716,246.662,234.9499,0.26,"1506187",3.117,1.261,0,0,0.002,0,0.002,1112.3702,2.585,0.954612492792723,0.187207589791509,2018-06-12,8661.5738,0.21393,0.279456459340595,34.2837305415673,9.46856286517477
"PA",176,0.181410581916826,515.971,477.1113,0.48,"1506187",17.2485,3.335,0,0.195,0.665,0.001,0.861,1297.1422,2.785,0.954612492792723,0.22341893356243,2018-06-12,10429.6157,0.23722,0.279456459340595,34.2837305415673,9.46856286517477
"PA",15,0.150033451438505,76.048,72.8713,0.268,"1506187",0,0,0,0,0,0,0,1288.667,3.448,0.954612492792723,0.222082847406339,2018-06-12,10682.0672,0.30125,0.279456459340595,34.2837305415673,9.46856286517477
"PA",87,0.0815128988383472,605.278,314.7838,0.359,"1506187",283.6499,46.758,0.148,0,0,0.03,0.178,1969.7045,4.248,0.954612492792723,0.255716642363733,2018-06-12,11283.31,0.2587,0.279456459340595,34.2837305415673,9.46856286517477
"PA",151,0.0541198060868501,711.516,540.1828,0.363,"1506187",144.4918,20.262,0,0,1.686,0.418,2.104,1227.6873,2.682,0.954612492792723,0.202223417492448,2018-06-12,9239.4789,0.21334,0.279456459340595,34.2837305415673,9.46856286517477
"PA",27,0.065251005046276,205.385,184.4579,0.19,"1506187",7.343,3.567,0.261,0,0,0.051,0.312,1868.1276,4.346,0.954612492792723,0.282477927520475,2019-06-17,14989.3019,0.39251,0.279456459340595,34.2837305415673,9.46856286517477
"PA",9,0.0422088607410996,167.66,134.1147,0.087,"1506187",31.7439,18.891,0,0,0,0,0,488.1533,1.091,0.954612492792723,0.0928267939244386,2019-06-17,10457.311,0.27781,0.279456459340595,34.2837305415673,9.46856286517477
"PA",27,0.06251781652703,145.883,135.1362,0.26,"1506187",3.3606,2.298,0,0,0,0,0,1307.3313,3.331,0.954612492792723,0.223371403304318,2018-06-12,7921.2807,0.21423,0.279456459340595,34.2837305415673,9.46856286517477
"PA",5,0.114078927902445,80.294,74.4578,0.087,"1506187",0,0,0,0,0,0,0,1369.4245,3.569,0.954612492792723,0.227610852198228,2018-06-12,9988.0412,0.27535,0.279456459340595,34.2837305415673,9.46856286517477
"PA",20,0.0547378720069453,147.936,134.0759,0.194,"1506187",1.023,0.69,0,0,0,0,0,1827.2055,4.199,0.954612492792723,0.265171600800684,2018-06-12,10214.4302,0.25058,0.279456459340595,34.2837305415673,9.46856286517477
"PA",26,0.0722741591168857,205.706,185.0574,0.183,"1506187",5.3684,2.604,0.261,0,0,0,0.261,1884.6773,4.38,0.954612492792723,0.283170866895397,2019-06-17,14963.9705,0.39169,0.279456459340595,34.2837305415673,9.46856286517477
"PA",21,0.0670039205593391,185.034,171.4336,0.159,"1506187",4.4734,2.412,0,0,0,0,0,1091.6696,2.733,0.954612492792723,0.189814098885714,2018-06-12,8460.7252,0.22372,0.279456459340595,34.2837305415673,9.46856286517477
"PA",39,0.12039829613375,97.084,91.361,0.555,"1506187",3.3412,3.434,0,0,0,0,0,532.1227,1.166,0.954612492792723,0.101367750285861,2019-06-17,11427.4315,0.30787,0.279456459340595,34.2837305415673,9.46856286517477
"PA",11,0.210997259699333,39.035,34.9713,0.409,"1506187",0,0,0,0,0,0,0,1376.1129,3.755,0.954612492792723,0.230503772049698,2018-06-12,10257.613,0.29624,0.279456459340595,34.2837305415673,9.46856286517477
"PA",16,0.0816255482480548,93.899,63.7246,0.326,"1506195",27.2145,28.918,1.742,0.531,1.508,0,3.781,2021.8193,5.122,1.21968471512959,1.29866020157461,2018-06-14,22142.8748,0.58962,0.258886772540066,33.2142505110388,10.6472841791452
"PA",46,0.152085252256394,93.803,76.0633,0.786,"1506195",14.9385,15.89,0.977,0,0,0,0.977,1154.6676,2.949,1.21968471512959,1.32003271457981,2018-06-14,24476.9348,0.66067,0.258886772540066,33.2142505110388,10.6472841791452
"PA",28,0.155379006890841,94.058,53.1089,0.685,"1506195",42.7427,45.341,0,0.762,0.574,0,1.336,2245.4824,5.71,1.21968471512959,1.29715637244687,2018-06-14,21743.2655,0.58107,0.258886772540066,33.2142505110388,10.6472841791452
"PA",26,0.15902349538899,99.228,67.5057,0.501,"1506195",23.4977,23.628,0,0,0,0,0,2272.9571,5.695,1.21968471512959,1.32137005898024,2018-06-14,20380.0467,0.53757,0.258886772540066,33.2142505110388,10.6472841791452
"PA",6,0.0363636363636364,49.392,33.2603,0.235,"1506195",17.2342,34.815,1.113,1.077,0.965,0.379,3.534,1404.6077,3.717,1.21968471512959,1.29937505209562,2018-06-14,22813.2499,0.63184,0.258886772540066,33.2142505110388,10.6472841791452
"PA",5,0.0363299316185545,90.03,36.4589,0.178,"1506195",56.5236,62.643,2.787,3.483,0.153,0,6.423,2240.3716,5.682,1.21968471512959,1.29748880972344,2018-06-14,21650.3722,0.57708,0.258886772540066,33.2142505110388,10.6472841791452
"PA",12,0.118191528753757,97.557,59.4117,0.263,"1506195",39.5549,40.455,0.786,0,2.5,0,3.286,1750.8937,4.448,1.21968471512959,1.30019866554962,2018-06-14,22780.2205,0.6058,0.258886772540066,33.2142505110388,10.6472841791452
"PA",9,0.0724177088476877,92.804,42.7306,0.274,"1506195",59.9043,64.405,0.654,1.913,7.823,0.386,10.776,1940.7837,4.914,1.21968471512959,1.29940404380841,2018-06-14,22360.602,0.59529,0.258886772540066,33.2142505110388,10.6472841791452
"PA",56,0.162025405138872,84.669,76.012,0.958,"1506195",4.2161,4.968,0,0,0,0,0,1236.3935,3.204,1.21968471512959,1.30576486799753,2018-06-14,24725.3119,0.67324,0.258886772540066,33.2142505110388,10.6472841791452
"PA",46,0.120721065661355,49.991,49.8555,1.199,"1506195",13.7458,27.435,3.764,25.16,0.064,0,28.988,2554.7184,6.847,1.21968471512959,1.32554430973078,2018-06-14,20020.4235,0.56651,0.258886772540066,33.2142505110388,10.6472841791452
"PA",32,0.178239598718218,92.796,61.3109,0.679,"1506195",33.5082,36.029,2.787,0,0.966,0,3.753,1873.7074,4.763,1.21968471512959,1.29947394612622,2018-06-14,22477.3856,0.59822,0.258886772540066,33.2142505110388,10.6472841791452
"PA",77,0.217208035657829,100.292,57.4406,1.743,"1506195",12.2547,12.192,0,0,0,0,0,2123.6449,5.34,1.21968471512959,1.29912654293488,2018-06-14,21885.2059,0.57777,0.258886772540066,33.2142505110388,10.6472841791452
"PA",10,0.0493700059074917,251.682,168.6421,0.077,"1506195",107.2975,42.537,0.285,2.955,5.91,1.46,10.61,1541.7994,3.743,1.21968471512959,1.3266931300528,2018-06-14,24138.093,0.61555,0.258886772540066,33.2142505110388,10.6472841791452
"PA",9,0.0833802436696739,85.116,67.4928,0.173,"1506195",42.5233,49.847,11.344,1.579,13.81,0.579,27.312,2375.0532,6.073,1.21968471512959,1.2963243515145,2018-06-14,22689.8024,0.61025,0.258886772540066,33.2142505110388,10.6472841791452
"PA",20,0.0291769819198897,94.153,48.6084,0.535,"1506195",59.917,63.496,0.571,5.615,4.853,1.808,12.847,1694.2016,4.283,1.21968471512959,1.32516986826305,2018-06-14,21803.1491,0.57784,0.258886772540066,33.2142505110388,10.6472841791452
"PA",24,0.153382411106832,92.431,74.845,0.417,"1506195",35.5513,38.377,1.066,1.029,1.454,5.47,9.019,1753.9566,4.431,1.21968471512959,1.32458244582505,2018-06-14,21627.9603,0.5733,0.258886772540066,33.2142505110388,10.6472841791452
"PA",38,0.257288900861444,94.341,68.1017,0.725,"1506195",37.5124,39.674,0.078,0,0,0.57,0.648,1811.3633,4.577,1.21968471512959,1.32323017952398,2018-06-14,21406.0386,0.56734,0.258886772540066,33.2142505110388,10.6472841791452
"PA",5,0.0296776800899985,96.673,37.085,0.175,"1506195",65.1027,67.193,0,0,0,0.463,0.463,2355.6059,5.906,1.21968471512959,1.32079592430226,2018-06-14,20383.3014,0.53733,0.258886772540066,33.2142505110388,10.6472841791452
"PA",10,0.123265304728739,92.767,56.1846,0.231,"1506195",32.0505,34.472,0,0,0,0,0,2201.2251,5.577,1.21968471512959,1.29757925083568,2018-06-14,21609.6195,0.57558,0.258886772540066,33.2142505110388,10.6472841791452
"PA",63,0.143770647836642,106.182,59.9523,1.366,"1506195",33.081,31.085,0,0,0,0,0,2746.0057,6.762,1.21968471512959,1.34543200103621,2018-06-14,20818.6979,0.54068,0.258886772540066,33.2142505110388,10.6472841791452
"PA",16,0.0662262958385262,113.284,63.8042,0.326,"1506195",21.9731,19.353,1.107,0.006,0,0,1.113,1390.2369,3.504,1.21968471512959,1.30490765538232,2018-06-14,24309.2876,0.64114,0.258886772540066,33.2142505110388,10.6472841791452
"PA",155,0.287727238751538,174.789,153.8722,1.31,"1506195",17.7502,10.133,0,0.308,0.252,0,0.56,1654.3337,4.106,1.21968471512959,1.32529966022408,2018-06-14,22841.9637,0.59427,0.258886772540066,33.2142505110388,10.6472841791452
"PA",24,0.023641498186711,559.773,97.5568,0.32,"1506195",459.5266,81.908,0.368,1.553,0.081,0,2.002,3196.5134,7.161,1.21968471512959,1.3447104158277,2018-06-14,23599.1775,0.55731,0.258886772540066,33.2142505110388,10.6472841791452
"PA",54,0.248739813325028,93.071,92.1519,0.762,"1506195",1.7208,1.845,0.578,0.001,0,0,0.579,1803.0094,4.551,1.21968471512959,1.32347988370785,2018-06-14,21550.5378,0.57085,0.258886772540066,33.2142505110388,10.6472841791452
"PA",40,0.242718400307519,98.001,55.0551,0.945,"1506195",47.7669,48.632,0,1.006,2.106,0.64,3.752,1837.494,4.643,1.21968471512959,1.3228620924446,2018-06-14,21329.2531,0.56489,0.258886772540066,33.2142505110388,10.6472841791452
"PA",34,0.119951556528968,94.275,75.0124,0.589,"1506195",37.4852,39.673,1.045,1.182,1.578,5.314,9.119,1747.3683,4.415,1.21968471512959,1.32474662891611,2018-06-14,21616.6696,0.57301,0.258886772540066,33.2142505110388,10.6472841791452
"PA",27,0.118775014766167,105.834,96.0309,0.366,"1506195",5.96,5.619,0,0,0.04,0,0.04,1290.4788,3.314,1.21968471512959,1.2878420489345,2018-06-14,25335.2986,0.6802,0.258886772540066,33.2142505110388,10.6472841791452
"PA",154,0.265938384638535,184.491,154.5933,1.295,"1506195",27.5272,14.887,0,0.291,0.508,0,0.799,1650.8094,4.088,1.21968471512959,1.3245553971118,2018-06-14,22938.2322,0.59553,0.258886772540066,33.2142505110388,10.6472841791452
"PA",5,0.0296776800899985,96.38,38.679,0.168,"1506195",62.8832,65.099,0,0,0,0.465,0.465,2354.7678,5.906,1.21968471512959,1.32169036143027,2018-06-14,20289.1594,0.5353,0.258886772540066,33.2142505110388,10.6472841791452
"PA",25,0.158054174831183,95.465,61.9958,0.524,"1506195",40.8995,42.747,0.162,0,0.85,0,1.012,1808.8648,4.604,1.21968471512959,1.29978492191557,2018-06-14,22596.3893,0.60154,0.258886772540066,33.2142505110388,10.6472841791452
"PA",15,0.111415471505116,91.945,64.7844,0.301,"1506195",23.0807,25.047,3.849,0,0,0,3.849,1164.1088,2.966,1.21968471512959,1.32424942899861,2018-06-14,24437.2823,0.65824,0.258886772540066,33.2142505110388,10.6472841791452
"PA",41,0.196723349694515,92.592,77.789,0.685,"1506195",9.1759,9.888,0,0,0,0,0,1177.6581,2.987,1.21968471512959,1.33355465586398,2018-06-14,24609.5619,0.65922,0.258886772540066,33.2142505110388,10.6472841791452
"PA",120,0.183977537623839,210.285,119.3633,1.307,"1506195",103.038,48.89,1.687,1.529,1.023,0.32,4.559,2933.6803,7.177,1.21968471512959,1.31966838700961,2018-06-14,24274.1846,0.6226,0.258886772540066,33.2142505110388,10.6472841791452
"PA",10,0.0975382229533061,98.83,60.1722,0.216,"1506195",48.851,49.319,0,2.327,3.393,0.453,6.173,2724.4131,6.818,1.21968471512959,1.31909269975698,2018-06-14,22215.8767,0.58556,0.258886772540066,33.2142505110388,10.6472841791452
"PA",7,0.0438030443528023,96.381,40.5271,0.225,"1506195",60.1682,62.288,0,0,0,0.465,0.465,2347.5727,5.893,1.21968471512959,1.32200994119717,2018-06-14,20251.1218,0.53435,0.258886772540066,33.2142505110388,10.6472841791452
"PA",12,0.0559103727077827,98.715,50.9815,0.306,"1506195",47.1629,47.67,0.102,0.545,0,0,0.647,2381.872,5.963,1.21968471512959,1.32061949545263,2018-06-14,20500.0604,0.54044,0.258886772540066,33.2142505110388,10.6472841791452
"PA",6,0.033503541250442,86.88,45.3129,0.172,"1506195",42.2059,48.471,1.444,3.622,0,0,5.066,1196.7484,3.087,1.21968471512959,1.31057560058059,2018-06-14,24629.8345,0.6691,0.258886772540066,33.2142505110388,10.6472841791452
"PA",26,0.262911878257729,85.657,71.4833,0.473,"1506195",13.0782,15.234,6.803,0.144,0.941,0,7.888,2253.9744,5.748,1.21968471512959,1.29693176274884,2018-06-14,21876.7519,0.5867,0.258886772540066,33.2142505110388,10.6472841791452
"PA",5,0.0444745656285563,100.374,42.3518,0.153,"1506195",60.4688,60.109,4.235,0.714,3.334,0,8.283,1666.0376,4.235,1.21968471512959,1.30079327583625,2018-06-14,22957.6282,0.61018,0.258886772540066,33.2142505110388,10.6472841791452
"PA",8,0.0670475073533875,93.955,44.6053,0.233,"1506195",59.5518,63.242,0.518,1.801,8.189,0.381,10.889,1936.4213,4.905,1.21968471512959,1.29897580503333,2018-06-14,22366.1366,0.59539,0.258886772540066,33.2142505110388,10.6472841791452
"PA",11,0.121831155880187,108.725,61.7885,0.231,"1506195",46.1127,42.317,0,0,0,0,0,1384.1163,3.546,1.21968471512959,1.27732297511086,2018-06-14,25707.8507,0.68666,0.258886772540066,33.2142505110388,10.6472841791452
"PA",46,0.202440583748835,95.888,61.9727,0.965,"1506195",18.2071,18.945,0,0,0,0,0,2149.7627,5.405,1.21968471512959,1.29877133733247,2018-06-14,21786.0523,0.5755,0.258886772540066,33.2142505110388,10.6472841791452
"PA",13,0.0798602317411965,82.638,55.4233,0.305,"1506195",23.7719,28.702,1.881,0.076,1.634,0,3.591,2019.9834,5.129,1.21968471512959,1.29847380791836,2018-06-14,22066.5305,0.58913,0.258886772540066,33.2142505110388,10.6472841791452
"RO",55,0.0441387193892508,156.119,101.512,0.704,"1100015",56.7013,36.238,0.338,0.247,0,0,0.585,426.6271,0.962,2.002408908971,0.57261671274004,2018-07-19,14627.4775,0.38673,0.380203510751787,33.2672097157692,4.90149674683927
"RO",16,0.106112830593176,49.055,42.7411,0.487,"1100015",3.7189,7.564,0.012,0.301,0,0,0.313,320.2223,0.77,2.002408908971,0.526415968581778,2018-07-19,11273.6534,0.30828,0.380203510751787,33.2672097157692,4.90149674683927
"RO",151,0.0426010820683575,700.888,313.2057,0.627,"1100015",356.0364,50.684,0,0,0.113,0.179,0.292,354.1259,0.734,2.002408908971,0.580458890492121,2018-07-11,10349.9154,0.23666,0.380203510751787,33.2672097157692,4.90149674683927
"RO",13,0.155699706936662,20.239,19.4912,0.867,"1100015",0.0853,0.421,0,0,0,0,0,352.8389,0.898,2.002408908971,0.567023618055622,2018-07-19,13085.335,0.38317,0.380203510751787,33.2672097157692,4.90149674683927
"RO",85,0.030062094737754,521.688,154.0309,0.717,"1100015",383.0522,73.262,0.011,0.354,0,0.137,0.502,440.2412,0.892,2.002408908971,0.589668323406916,2018-07-19,16529.2606,0.39564,0.380203510751787,33.2672097157692,4.90149674683927
"RO",159,0.132036209879205,137.431,123.3346,1.676,"1100015",12.2812,8.916,0,0,0,0,0,227.7438,0.538,2.002408908971,0.552770902922196,2018-07-11,9565.6824,0.24844,0.380203510751787,33.2672097157692,4.90149674683927
"RO",14,0.0498360938529387,50.708,39.7654,0.458,"1100015",7.0866,13.944,0,0,0,0,0,176.342,0.438,2.002408908971,0.585095756383122,2018-07-11,10364.6084,0.28401,0.380203510751787,33.2672097157692,4.90149674683927
"RO",14,0.0497979589711327,80.359,54.2481,0.335,"1100015",12.868,15.977,0,0.656,0,0.013,0.669,308.4559,0.743,2.002408908971,0.49942004271459,2018-07-19,10990.6054,0.29801,0.380203510751787,33.2672097157692,4.90149674683927
"RO",17,0.0590664648025142,51.75,39.1125,0.565,"1100015",12.4266,23.959,0,0,0,1.032,1.032,276.0505,0.678,2.002408908971,0.477206124494583,2018-07-19,9893.7403,0.27956,0.380203510751787,33.2672097157692,4.90149674683927
"RO",8,0.10768021414819,28.241,17.7496,0.586,"1100015",1.4648,5.175,0,0,0,0,0,268.2256,0.678,2.002408908971,0.495837977143833,2018-07-19,10655.6636,0.30656,0.380203510751787,33.2672097157692,4.90149674683927
"RO",32,0.114071766410227,46.502,39.8354,1.044,"1100015",3.026,6.493,0,0.144,0,0,0.144,288.1998,0.714,2.002408908971,0.477704099716104,2018-07-19,9248.1856,0.26288,0.380203510751787,33.2672097157692,4.90149674683927
"RO",271,0.055334030415045,594.656,379.7096,0.928,"1100015",192.2925,32.265,0,0,0,0,0,345.4396,0.716,2.002408908971,0.519959758075518,2018-07-19,14623.9931,0.33497,0.380203510751787,33.2672097157692,4.90149674683927
"RO",36,0.111640378523895,38.944,30.3875,1.54,"1100015",10.092,25.856,0,0,0,0.361,0.361,275.6073,0.686,2.002408908971,0.473240761567911,2018-07-19,9582.0763,0.27218,0.380203510751787,33.2672097157692,4.90149674683927
"RO",37,0.117054832433047,61.638,50.6617,0.949,"1100015",29.4713,47.706,0.825,0.998,0,5.322,7.145,351.2197,0.814,2.002408908971,0.597266869798642,2018-07-19,14836.4898,0.4029,0.380203510751787,33.2672097157692,4.90149674683927
"RO",160,0.0530455105608862,488.315,267.7586,0.777,"1100015",230.873,47.174,0.126,0,0,0.135,0.261,465.9492,0.949,2.002408908971,0.580608302895723,2018-07-19,16359.2011,0.39609,0.380203510751787,33.2672097157692,4.90149674683927
"RO",32,0.133333333333333,24.962,20.7268,2.007,"1100015",2.9196,11.67,0,0,0,0,0,202.7725,0.528,2.002408908971,0.550830749548313,2018-07-11,8654.7195,0.25107,0.380203510751787,33.2672097157692,4.90149674683927
"RO",13,0.120147092536894,24.886,15.0257,1.125,"1100015",7.1222,28.556,0,0,0,0,0,166.1286,0.41,2.002408908971,0.555951960099059,2018-07-11,10478.4121,0.28932,0.380203510751787,33.2672097157692,4.90149674683927
"RO",146,0.0713447169058053,523.141,398.3483,0.476,"1100015",117.8658,22.481,0,0,0,0,0,199.1092,0.388,2.002408908971,0.663316105262698,2018-07-11,14522.924,0.33209,0.380203510751787,33.2672097157692,4.90149674683927
"RO",139,0.103551054274346,108.411,102.0325,1.771,"1100015",4.2665,3.927,0,0,0,0,0,265.7205,0.649,2.002408908971,0.485413787951438,2018-07-19,10404.7978,0.28465,0.380203510751787,33.2672097157692,4.90149674683927
"RO",6,0.025,24.972,24.9973,0.312,"1100015",0,0,0,0,0,0,0,207.2632,0.517,2.002408908971,0.562446645844921,2018-07-11,9302.4221,0.25664,0.380203510751787,33.2672097157692,4.90149674683927
"RO",5,0.0173913043478261,32.194,19.5785,0.332,"1100015",11.1152,34.449,0,0.435,0,0,0.435,379.4824,0.903,2.002408908971,0.547683413650859,2018-07-19,11738.529,0.32392,0.380203510751787,33.2672097157692,4.90149674683927
"RO",138,0.148246661527053,139.943,128.6638,1.394,"1100015",14.7093,10.487,0,0,0.16,0.54,0.7,378.0857,0.858,2.002408908971,0.57151901764087,2018-07-19,14608.869,0.37807,0.380203510751787,33.2672097157692,4.90149674683927
"RO",9,0.0303663391774611,46.196,34.1352,0.343,"1100015",6.2606,13.522,0,0,0,0,0,291.5081,0.725,2.002408908971,0.500013987552771,2018-07-19,10994.9585,0.31189,0.380203510751787,33.2672097157692,4.90149674683927
"RO",13,0.0715027816432286,49.978,37.9418,0.445,"1100015",9.9464,19.857,0,2.813,0,0,2.813,270.8769,0.661,2.002408908971,0.480026038424748,2018-07-19,10061.6817,0.28444,0.380203510751787,33.2672097157692,4.90149674683927
"RO",63,0.130803177329348,50.096,34.8141,2.352,"1100015",14.2287,28.339,0,0,2.204,0,2.204,188.9179,0.466,2.002408908971,0.571647144288421,2018-07-11,9945.6039,0.2722,0.380203510751787,33.2672097157692,4.90149674683927
"RO",123,0.0663530604415854,266.507,97.5909,1.638,"1100015",168.3638,63.033,0.198,0,0,0,0.198,319.265,0.692,2.002408908971,0.611582775774099,2018-07-19,15231.2807,0.3901,0.380203510751787,33.2672097157692,4.90149674683927
"RO",8,0.0528461105132717,48.629,38.0525,0.273,"1100015",7.8511,16.109,0,0,0,0,0,372.2772,0.881,2.002408908971,0.554854915516016,2018-07-19,12819.9908,0.35236,0.380203510751787,33.2672097157692,4.90149674683927
"RO",20,0.132586716848123,31.126,25.6315,1.014,"1100015",5.4183,17.369,0,0,0,0,0,273.2457,0.685,2.002408908971,0.476044813757941,2018-07-19,9287.6092,0.26809,0.380203510751787,33.2672097157692,4.90149674683927
"RO",108,0.10667107348708,199.999,106.8619,1.314,"1100015",124.0476,61.886,0.878,0.029,2.767,1.66,5.334,355.6163,0.792,2.002408908971,0.600626375932496,2018-07-19,15195.3153,0.39634,0.380203510751787,33.2672097157692,4.90149674683927
"RO",5,0.0699854212223765,12.155,9.4314,0.689,"1100015",9.7351,79.915,0,32.903,14.366,0,47.269,279.128,0.713,2.002408908971,0.480846565653399,2018-07-19,9047.7614,0.26585,0.380203510751787,33.2672097157692,4.90149674683927
"RO",479,0.153881042387143,560.707,507.1018,1.228,"1100015",52.5506,9.351,0,0,0,0,0,369.0817,0.749,2.002408908971,0.558939618513659,2018-07-19,15371.4318,0.35381,0.380203510751787,33.2672097157692,4.90149674683927
"RO",5,0.0659202447407882,30.46,25.6422,0.253,"1100015",4.9308,16.151,0,0,0,0,0,289.6573,0.74,2.002408908971,0.513918335914409,2018-07-19,11586.0805,0.33589,0.380203510751787,33.2672097157692,4.90149674683927
"RO",6,0.0363636363636364,57.854,42.637,0.183,"1100015",7.1148,12.27,0,0.854,0,0,0.854,324.1135,0.779,2.002408908971,0.526958548041971,2018-07-19,11351.0318,0.30964,0.380203510751787,33.2672097157692,4.90149674683927
"RO",78,0.120946372207394,48.709,37.9718,2.67,"1100015",10.6338,21.783,0,0.3,0,0,0.3,303.0665,0.749,2.002408908971,0.504180271135283,2018-07-19,10886.509,0.29919,0.380203510751787,33.2672097157692,4.90149674683927
"RO",9,0.143571712074069,33.088,26.1917,0.447,"1100015",8.2473,24.87,0,0,0,0,0,333.5379,0.832,2.002408908971,0.565313961765429,2018-07-19,12954.9646,0.36886,0.380203510751787,33.2672097157692,4.90149674683927
"RO",90,0.103093569360093,281.363,246.8934,0.474,"1100015",35.744,12.675,0.187,0.219,0.669,0,1.075,325.481,0.69,2.002408908971,0.520909326626154,2018-07-19,13687.8867,0.32994,0.380203510751787,33.2672097157692,4.90149674683927
"RO",26,0.0782056669511656,52.481,38.4926,0.878,"1100015",12.3214,23.425,3.013,0,3.058,1.217,7.288,320.7312,0.776,2.002408908971,0.533553787927749,2018-07-19,11591.3198,0.31688,0.380203510751787,33.2672097157692,4.90149674683927
"RO",65,0.0112423130547053,611.987,274.0424,0.308,"1100015",300.4499,48.984,0,0,0,0.43,0.43,336.1699,0.713,2.002408908971,0.590984360272676,2018-07-11,10380.4386,0.24197,0.380203510751787,33.2672097157692,4.90149674683927
"RO",26,0.0599938150640385,115.306,74.309,0.455,"1100015",31.73,27.457,0,0.999,0,0,0.999,312.8339,0.73,2.002408908971,0.493752142721872,2018-07-19,10865.7941,0.29044,0.380203510751787,33.2672097157692,4.90149674683927
"RO",43,0.0678630464080962,62.383,40.5907,1.377,"1100015",10.7854,17.25,0,0.299,0,0,0.299,327.8942,0.782,2.002408908971,0.529268665575048,2018-07-19,11523.0992,0.31254,0.380203510751787,33.2672097157692,4.90149674683927
"RO",29,0.0785084669905667,78.152,49.483,0.762,"1100015",16.7059,21.328,0,0,0,0,0,303.1015,0.724,2.002408908971,0.462566517830888,2018-07-19,9274.5751,0.25624,0.380203510751787,33.2672097157692,4.90149674683927
"RO",45,0.0831938957045653,108.186,49.6791,1.178,"1100015",45.8653,42.3,1.218,0,0,0,1.218,302.0971,0.693,2.002408908971,0.489718466692526,2018-07-19,11426.2455,0.30114,0.380203510751787,33.2672097157692,4.90149674683927
"RO",180,0.0664645174132568,462.354,345.0472,0.678,"1100015",114.3976,24.687,0,0,0,0,0,320.5187,0.693,2.002408908971,0.548072412503705,2018-07-19,14243.7957,0.34631,0.380203510751787,33.2672097157692,4.90149674683927
"RO",17,0.16180339887499,16.004,14.2922,1.546,"1100015",0.5326,3.32,0,0,0,0,0,270.1062,0.699,2.002408908971,0.491794935877124,2018-07-19,10028.3234,0.29267,0.380203510751787,33.2672097157692,4.90149674683927
"RO",97,0.0475054994678308,256.394,124.0637,1.016,"1100015",129.9933,50.587,0.445,0.027,0,0,0.472,343.9091,0.768,2.002408908971,0.501924743668654,2018-07-19,11766.3118,0.30147,0.380203510751787,33.2672097157692,4.90149674683927
"RO",6,0.027906976744186,67.303,22.9166,0.34,"1100015",37.6365,55.796,0,0,0,0,0,309.4919,0.707,2.002408908971,0.5174804251433,2018-07-19,12546.0808,0.31738,0.380203510751787,33.2672097157692,4.90149674683927
"RO",136,0.0875575285040233,211.24,196.7535,0.899,"1100015",15.2354,7.196,0,0,0,0,0,299.9481,0.711,2.002408908971,0.533916536638733,2018-07-19,12548.1968,0.32855,0.380203510751787,33.2672097157692,4.90149674683927
"RO",6,0.0261734690751952,50.115,24.8627,0.314,"1100015",21.309,42.425,0,0,0,0,0,215.846,0.536,2.002408908971,0.578771356463221,2018-07-11,9607.6559,0.26297,0.380203510751787,33.2672097157692,4.90149674683927
"RO",15,0.0363636363636364,51.31,24.5741,0.794,"1100015",24.997,48.609,0,0,0,0,0,319.4176,0.768,2.002408908971,0.536442982969544,2018-07-19,11907.8824,0.32404,0.380203510751787,33.2672097157692,4.90149674683927
"RO",11,0.0753923964228251,35.925,25.6304,0.558,"1100015",8.0316,22.307,0,0,0,0,0,297.4813,0.738,2.002408908971,0.463133619833347,2018-07-19,8670.3957,0.24938,0.380203510751787,33.2672097157692,4.90149674683927
"RO",6,0,12.16,10.1801,0.766,"1100015",0.2949,2.42,0,0,0,0,0,355.9162,0.913,2.002408908971,0.564939717519305,2018-07-19,12927.0653,0.38308,0.380203510751787,33.2672097157692,4.90149674683927
"RO",15,0.0834279326771846,50.636,42.2462,0.462,"1100015",11.3622,22.389,0,0,0,0.576,0.576,291.2387,0.713,2.002408908971,0.498899231791825,2018-07-19,10773.3186,0.29507,0.380203510751787,33.2672097157692,4.90149674683927
"RO",128,0.126960269099616,200.642,172.3884,0.965,"1100015",28.4895,14.167,0,0,0,0.117,0.117,149.7745,0.329,2.002408908971,0.652837826960039,2018-07-11,15494.4411,0.40524,0.380203510751787,33.2672097157692,4.90149674683927
"RO",12,0.0562225640964768,82.987,66.9266,0.233,"1100015",16.648,20.016,0,1.165,0,0,1.165,386.4947,0.906,2.002408908971,0.550473916308926,2018-07-19,12362.5493,0.33471,0.380203510751787,33.2672097157692,4.90149674683927
"RO",43,0.084194416981058,108.676,89.5367,0.624,"1100015",14.6883,13.485,0,0,0,0,0,212.2914,0.522,2.002408908971,0.535861958139187,2018-07-11,8907.5395,0.24189,0.380203510751787,33.2672097157692,4.90149674683927
"RO",31,0.0649113364240951,47.569,45.8393,0.879,"1100015",1.6515,3.464,0,0,0,0,0,328.3853,0.778,2.002408908971,0.581387504880777,2018-07-19,14184.5615,0.39022,0.380203510751787,33.2672097157692,4.90149674683927
"RO",11,0.0683045141350092,50.018,37.0173,0.386,"1100015",10.8451,21.634,0,0,0,0,0,201.3824,0.497,2.002408908971,0.576881777637477,2018-07-11,9736.4636,0.2666,0.380203510751787,33.2672097157692,4.90149674683927
"RO",44,0.0557601606111422,47.775,46.2054,1.238,"1100015",2.0211,4.221,0,0,0,0,0,339.1554,0.802,2.002408908971,0.579975444329223,2018-07-19,14223.8241,0.39106,0.380203510751787,33.2672097157692,4.90149674683927
"RO",8,0.0834773360562184,50.453,38.0907,0.273,"1100015",11.0285,21.81,0,0,0,0,0,273.9289,0.68,2.002408908971,0.470246054844348,2018-07-19,9425.085,0.26634,0.380203510751787,33.2672097157692,4.90149674683927
"RO",27,0.135689187289831,48.202,33.6594,1.043,"1100015",16.0339,33.19,0,0.838,0,0,0.838,346.2003,0.817,2.002408908971,0.576431236677751,2018-07-19,14135.6884,0.38873,0.380203510751787,33.2672097157692,4.90149674683927
"RO",13,0.10613814593179,24.304,13.2153,1.279,"1100015",8.4237,34.583,0,2.175,0,0,2.175,280.6442,0.696,2.002408908971,0.499483339234372,2018-07-19,11008.9149,0.31108,0.380203510751787,33.2672097157692,4.90149674683927
"RO",15,0.134961370040423,42.745,33.7265,0.578,"1100015",6.272,14.64,0,0,0,0,0,286.1777,0.716,2.002408908971,0.506391585621067,2018-07-19,11289.6653,0.32307,0.380203510751787,33.2672097157692,4.90149674683927
"RO",326,0.167839159695578,273.376,241.4025,1.756,"1100015",29.5542,10.787,0.385,0,0.289,0,0.674,190.8757,0.417,2.002408908971,0.648030921869905,2018-07-11,12011.7062,0.30867,0.380203510751787,33.2672097157692,4.90149674683927
"RO",61,0.11854742469487,68.933,56.7051,1.398,"1100015",10.2425,14.825,0,0,0.765,0,0.765,280.9432,0.689,2.002408908971,0.492004415022999,2018-07-19,10831.5607,0.30001,0.380203510751787,33.2672097157692,4.90149674683927
"RO",10,0.0220097493339644,48.853,30.0185,0.433,"1100015",18.8673,38.534,0.202,0,0,0,0.202,194.2601,0.48,2.002408908971,0.575219329065653,2018-07-11,9838.258,0.26941,0.380203510751787,33.2672097157692,4.90149674683927
"RO",18,0.062305706894718,48.333,30.7769,0.76,"1100015",18.9999,39.223,1.091,2.727,0,0,3.818,369.8651,0.875,2.002408908971,0.558699685280568,2018-07-19,13433.7923,0.36935,0.380203510751787,33.2672097157692,4.90149674683927
"RO",6,0.0921709646210166,48.493,38.0526,0.205,"1100015",9.9306,20.433,0,0,0,0,0,313.8112,0.793,2.002408908971,0.520172399897916,2018-07-19,11103.0114,0.31782,0.380203510751787,33.2672097157692,4.90149674683927
"RO",22,0.157369236330895,52.342,43.4215,0.659,"1100015",10.9664,20.905,0,0.027,0.982,0,1.009,407.4719,0.941,2.002408908971,0.570387125825502,2018-07-19,13859.2555,0.37771,0.380203510751787,33.2672097157692,4.90149674683927
"RO",25,0.100437551040962,41.687,37.5384,0.866,"1100015",0.801,1.917,0,0,0,0,0,404.7386,0.976,2.002408908971,0.55114737423716,2018-07-19,12892.0924,0.36809,0.380203510751787,33.2672097157692,4.90149674683927
"RO",73,0.0635796876855701,192.598,139.911,0.678,"1100015",48.0877,24.912,0,0,0,0,0,185.0885,0.44,2.002408908971,0.566730570961097,2018-07-11,10484.0164,0.27512,0.380203510751787,33.2672097157692,4.90149674683927
"RO",19,0.111815089350201,51.084,39.7184,0.622,"1100015",19.2763,37.65,0,0,10.861,2.406,13.267,320.3349,0.774,2.002408908971,0.534607037985901,2018-07-19,11698.481,0.31984,0.380203510751787,33.2672097157692,4.90149674683927
"RO",30,0.0350735462684472,48.215,35.7826,1.09,"1100015",11.7811,24.381,0,0,0,0,0,294.7305,0.727,2.002408908971,0.502676357529579,2018-07-19,10824.545,0.29777,0.380203510751787,33.2672097157692,4.90149674683927
"RO",37,0.0842709124822687,47.501,29.2916,1.642,"1100015",15.4876,32.532,0,0,0,0,0,288.521,0.715,2.002408908971,0.474456497794785,2018-07-19,9182.0436,0.2611,0.380203510751787,33.2672097157692,4.90149674683927
"RO",58,0.0683081296322837,147.911,121.1987,0.622,"1100015",17.1545,11.572,0.594,0.683,0,0.356,1.633,306.0524,0.738,2.002408908971,0.512682010524694,2018-07-19,11108.361,0.29944,0.380203510751787,33.2672097157692,4.90149674683927
"RO",9,0.0503233950425064,47.557,41.238,0.284,"1100015",5.611,11.772,0,0.387,0,0.101,0.488,336.0119,0.813,2.002408908971,0.571531836671847,2018-07-19,13808.4102,0.37978,0.380203510751787,33.2672097157692,4.90149674683927
"RO",8,0.0333333333333333,16.897,10.0979,1.03,"1100015",6.106,36.056,0,1.768,0,0,1.768,379.3047,0.907,2.002408908971,0.548194905308725,2018-07-19,11679.0888,0.32409,0.380203510751787,33.2672097157692,4.90149674683927
"RO",6,0.0572642353760524,48.969,42.4925,0.184,"1100015",2.1811,4.444,0,0,0,0,0,365.9967,0.899,2.002408908971,0.549519572464713,2018-07-19,11302.8181,0.32291,0.380203510751787,33.2672097157692,4.90149674683927
"RO",34,0.0786155411913944,55.816,41.567,1.063,"1100015",13.1965,23.59,0,0.16,0,0,0.16,276.289,0.677,2.002408908971,0.488737075232923,2018-07-19,10584.312,0.29847,0.380203510751787,33.2672097157692,4.90149674683927
"RO",7,0.00833333333333333,149.791,94.1307,0.097,"1100015",55.9519,37.27,0,0,0.586,0.909,1.495,303.3652,0.726,2.002408908971,0.510441077643037,2018-07-19,11613.4581,0.30895,0.380203510751787,33.2672097157692,4.90149674683927
"RO",12,0.123404979256786,94.497,90.2442,0.173,"1100015",17.4752,18.452,0,9.732,0.558,0.414,10.704,345.9886,0.811,2.002408908971,0.573611143316615,2018-07-19,14135.3887,0.38272,0.380203510751787,33.2672097157692,4.90149674683927
"RO",69,0.0980081841793227,46.107,30.3433,2.956,"1100015",13.2578,28.69,0,2.286,0,0,2.286,300.7749,0.743,2.002408908971,0.505056598953265,2018-07-19,10947.0692,0.30028,0.380203510751787,33.2672097157692,4.90149674683927
"RO",6,0.148316324759439,19.415,16.2284,0.481,"1100015",2.1334,10.964,0,0,0,0,0,324.5588,0.829,2.002408908971,0.554983437780701,2018-07-19,12202.209,0.3594,0.380203510751787,33.2672097157692,4.90149674683927
"RO",55,0.0843207424295997,113.555,102.5879,0.697,"1100015",10.0847,8.861,0,0,0,0,0,286.6251,0.698,2.002408908971,0.478013224237902,2018-07-19,9862.7234,0.26946,0.380203510751787,33.2672097157692,4.90149674683927
"RO",6,0.0148453923805041,49.767,30.2683,0.258,"1100015",17.6705,35.427,0,2.517,0,0,2.517,369.7905,0.875,2.002408908971,0.556334282683045,2018-07-19,13047.6776,0.35893,0.380203510751787,33.2672097157692,4.90149674683927
"RO",128,0.0815637361305025,269.708,201.9166,0.824,"1100015",58.0968,21.493,0,0,0,0.002,0.002,184.3647,0.431,2.002408908971,0.579126755909901,2018-07-11,10835.1586,0.27813,0.380203510751787,33.2672097157692,4.90149674683927
"RO",12,0.0556186217847897,50.648,27.4931,0.567,"1100015",19.6295,38.67,0,0,0,0,0,290.2008,0.713,2.002408908971,0.500926358386298,2018-07-19,10778.4322,0.2954,0.380203510751787,33.2672097157692,4.90149674683927
"RO",33,0.0811168939154172,51.28,20.4553,2.097,"1100015",15.7906,30.724,2.741,0,0,0,2.741,287.1414,0.706,2.002408908971,0.489741756824352,2018-07-19,10232.1713,0.28656,0.380203510751787,33.2672097157692,4.90149674683927
"RO",14,0.103185785492619,17.991,14.0192,1.298,"1100015",13.6811,75.873,0,28.48,12.275,3.66,44.415,279.3754,0.713,2.002408908971,0.481400823120357,2018-07-19,9043.0343,0.26548,0.380203510751787,33.2672097157692,4.90149674683927
"RO",9,0.0886719739361691,37.495,35.9841,0.325,"1100015",0.0409,0.109,0,0,0,0,0,227.8599,0.567,2.002408908971,0.567224077896995,2018-07-11,9183.031,0.25182,0.380203510751787,33.2672097157692,4.90149674683927
"RO",6,0.0358304985710177,53.932,31.1261,0.251,"1100015",16.2459,30.056,0,0,0,0,0,278.4159,0.692,2.002408908971,0.466811474564488,2018-07-19,9288.0286,0.26198,0.380203510751787,33.2672097157692,4.90149674683927
"RO",17,0.0703159966810733,47.258,37.3082,0.592,"1100015",6.8928,14.553,0,0,0,0,0,314.2601,0.759,2.002408908971,0.523621316782241,2018-07-19,11098.9227,0.30603,0.380203510751787,33.2672097157692,4.90149674683927
"RO",5,0.1,12.172,9.1912,0.707,"1100015",1.555,12.746,2.578,0,0,0,2.578,291.4442,0.766,2.002408908971,0.518152907669521,2018-07-19,10037.1054,0.30033,0.380203510751787,33.2672097157692,4.90149674683927
"RO",26,0.048780487804878,58.802,45.8034,0.738,"1100015",12.0571,20.459,0,0.448,0,0,0.448,377.5155,0.921,2.002408908971,0.54550503879971,2018-07-19,11589.4517,0.32744,0.380203510751787,33.2672097157692,4.90149674683927
"RO",69,0.0980081841793227,46.107,30.3433,2.956,"1100015",13.2578,28.69,0,2.286,0,0,2.286,300.7749,0.743,2.002408908971,0.505056598953266,2018-07-19,10947.0692,0.30028,0.380203510751787,33.2672097157692,4.90149674683927
"RO",16,0.100510623751326,29.171,26.7966,0.776,"1100015",0.1633,0.559,0,0,0,0,0,315.3377,0.796,2.002408908971,0.528393482114534,2018-07-19,10873.0572,0.31197,0.380203510751787,33.2672097157692,4.90149674683927
"RO",68,0.111347527471547,49.808,43.5822,2.028,"1100015",9.0494,18.128,0,1.41,4.975,0,6.385,174.1255,0.424,2.002408908971,0.553796674116423,2018-07-11,10622.1604,0.29076,0.380203510751787,33.2672097157692,4.90149674683927
"RO",13,0.0429965982852212,48.191,39.7679,0.425,"1100015",8.1882,16.953,0,0.01,0,0,0.01,384.9476,0.912,2.002408908971,0.548645118583971,2018-07-19,11909.7641,0.32735,0.380203510751787,33.2672097157692,4.90149674683927
"RO",170,0.0766363581428649,154.025,119.6515,1.847,"1100015",36.0317,23.341,0,0.718,0,0,0.718,322.1529,0.755,2.002408908971,0.538087857507353,2018-07-19,12672.5657,0.33587,0.380203510751787,33.2672097157692,4.90149674683927
"RO",27,0.16232892907215,19.824,16.7607,2.094,"1100049",4.3093,21.689,3.996,0,0,0,3.996,559.3895,1.478,2.0157658460039,0.222497085913817,2019-06-12,5110.6459,0.14866,0.292226582765579,36.8067078189301,33.6125757975217
"RO",20,0.141855865354369,24.291,24.3454,1.068,"1100049",0,0,0,0,0,0,0,557.0591,1.467,2.0157658460039,0.225384882196286,2019-06-12,5089.4881,0.14788,0.292226582765579,36.8067078189301,33.6125757975217
"RO",27,0.0866614332593147,53.759,52.4995,0.669,"1100049",0.625,1.16,0,0,0,0,0,573.5763,1.439,2.0157658460039,0.212412635944631,2019-06-12,5427.7804,0.14869,0.292226582765579,36.8067078189301,33.6125757975217
"RO",31,0.175629107706903,39.673,39.2322,1.027,"1100049",0.4413,1.11,0,0,0,0,0,342.7925,0.811,2.0157658460039,0.330722287298095,2019-06-12,12980.5445,0.36404,0.292226582765579,36.8067078189301,33.6125757975217
"RO",10,0.145107468885179,31.288,30.5641,0.425,"1100049",0,0,0,0,0,0,0,290.9333,0.706,2.0157658460039,0.320970666132974,2019-06-12,11198.8915,0.32674,0.292226582765579,36.8067078189301,33.6125757975217
"RO",31,0.222505459397759,103.055,102.8105,0.392,"1100049",0,0,0,0,0,0,0,315.5212,0.7,2.0157658460039,0.345466147214555,2019-06-12,16191.077,0.43526,0.292226582765579,36.8067078189301,33.6125757975217
"RO",24,0.207165176246764,102.597,96.2972,0.324,"1100049",3.6332,3.533,0,0,0,0,0,329.8624,0.738,2.0157658460039,0.336785181891245,2019-06-12,14663.66,0.39415,0.292226582765579,36.8067078189301,33.6125757975217
"RO",22,0.231302101850816,14.681,13.0674,2.189,"1100049",0.8976,6.1,0,0,0,0,0,577.4636,1.552,2.0157658460039,0.220229255701416,2019-06-12,5099.8344,0.15004,0.292226582765579,36.8067078189301,33.6125757975217
"RO",18,0.124583494428813,55.725,47.6394,0.491,"1100049",3.8662,6.922,0,0,0,0,0,530.648,1.349,2.0157658460039,0.205680287871656,2019-06-12,5282.8846,0.14653,0.292226582765579,36.8067078189301,33.6125757975217
"RO",6,0.0489897948556636,31.322,29.2501,0.267,"1100049",1.4607,4.653,0,0,0,0,0,567.7084,1.432,2.0157658460039,0.212222258415393,2019-06-12,5412.4139,0.14907,0.292226582765579,36.8067078189301,33.6125757975217
"RO",23,0.123737243569579,48.589,34.2037,0.874,"1100049",13.2833,27.277,0,0,0,0,0,499.8257,1.304,2.0157658460039,0.213570106734114,2019-06-12,5063.48,0.14489,0.292226582765579,36.8067078189301,33.6125757975217
"RO",72,0.235309918592491,79.699,58.9627,1.587,"1100049",24.0233,30.075,0.052,4.089,0,0,4.141,309.7935,0.69,2.0157658460039,0.35323182244654,2019-06-12,17566.1582,0.47519,0.292226582765579,36.8067078189301,33.6125757975217
"RO",46,0.261492852257377,52.22,52.3364,1.143,"1100049",0,0,0,0,0,0,0,347.9152,0.803,2.0157658460039,0.327138451150762,2019-06-12,12788.9357,0.34875,0.292226582765579,36.8067078189301,33.6125757975217
"RO",38,0.133449763294996,42.033,37.5404,1.316,"1100049",3.719,8.828,0,0,0,0,0,582.6437,1.524,2.0157658460039,0.221300925287084,2019-06-12,5212.5004,0.14953,0.292226582765579,36.8067078189301,33.6125757975217
"RO",81,0.217175787370437,69.279,60.243,1.748,"1100049",8.032,11.568,1.144,0,0,0,1.144,334.8215,0.786,2.0157658460039,0.334341774585308,2019-06-12,13711.296,0.38296,0.292226582765579,36.8067078189301,33.6125757975217
"RO",5,0.161237243569579,12.074,12.1007,0.537,"1100049",0,0,0,0,0,0,0,558.841,1.482,2.0157658460039,0.224179233679099,2019-06-12,5084.8153,0.14864,0.292226582765579,36.8067078189301,33.6125757975217
"RO",14,0.119161246696528,48.59,44.4253,0.41,"1100049",0.0823,0.169,0,0,0,0,0,504.0009,1.308,2.0157658460039,0.202092147986917,2019-06-12,5073.8181,0.14369,0.292226582765579,36.8067078189301,33.6125757975217
"RO",11,0.220032383694541,18.219,17.8965,0.799,"1100049",0,0,0,0,0,0,0,577.7761,1.547,2.0157658460039,0.232368292758894,2019-06-12,5109.9154,0.15055,0.292226582765579,36.8067078189301,33.6125757975217
"RO",13,0.0741402844913429,73.259,70.4423,0.24,"1100064",0,0,0,0,0,0,0,296.2377,0.684,2.52692484025405,0.661721595797583,2019-06-21,6142.7326,0.17049,0.339128494262695,33.7904067796611,16.6554105274765
"RO",31,0.0921689753727588,83.842,76.404,0.527,"1100064",2.6283,3.128,0,0,0,0,0,376.857,0.877,2.52692484025405,0.690935911063072,2019-06-21,5786.0726,0.15857,0.339128494262695,33.7904067796611,16.6554105274765
"RO",5,0.116855865354369,25.076,22.2529,0.292,"1100064",0,0,0,0,0,0,0,280.4984,0.697,2.52692484025405,0.640067118274284,2019-06-21,6061.9719,0.17831,0.339128494262695,33.7904067796611,16.6554105274765
"RO",49,0.0898674554376703,91.859,66.924,0.952,"1100064",21.1148,22.935,0.571,0,0,0,0.571,346.9433,0.806,2.52692484025405,0.67437415911714,2019-06-21,6209.9263,0.1688,0.339128494262695,33.7904067796611,16.6554105274765
"RO",36,0.167257960519254,45.736,41.5909,1.125,"1100064",1.7237,3.76,0,0,0,0,0,291.7398,0.745,2.52692484025405,0.64401325487132,2019-06-21,6233.5262,0.17878,0.339128494262695,33.7904067796611,16.6554105274765
"RO",43,0.217328582526469,49.72,46.3101,1.207,"1100064",0.6717,1.348,0,0,0,0,0,518.5816,1.344,2.52692484025405,0.795823036401365,2019-06-21,7803.1478,0.22273,0.339128494262695,33.7904067796611,16.6554105274765
"RO",40,0.0846266791626807,56.38,42.3899,1.227,"1100064",15.3874,27.231,0.228,0.292,3.114,0,3.634,550.2058,1.369,2.52692484025405,0.782628826661721,2019-06-21,7718.5606,0.21207,0.339128494262695,33.7904067796611,16.6554105274765
"RO",11,0.0612372435695794,10.902,8.9886,1.591,"1100064",1.4231,13.025,0,0,0,0,0,292.7933,0.729,2.52692484025405,0.649020249682614,2019-06-21,6034.218,0.18083,0.339128494262695,33.7904067796611,16.6554105274765
"RO",51,0.150901266151235,24.253,19.512,3.398,"1100064",0.4646,1.911,0,0,0,0,0,421.3339,1.12,2.52692484025405,0.695426920321003,2019-05-28,5573.8352,0.16399,0.339128494262695,33.7904067796611,16.6554105274765
"RO",9,0.100969909464416,48.563,44.5455,0.263,"1100064",3.4141,7.014,0,0,0,0,0,306.0734,0.728,2.52692484025405,0.629576470225434,2019-06-21,6394.6439,0.18022,0.339128494262695,33.7904067796611,16.6554105274765
"RO",31,0.0983280909829449,32.767,24.97,1.614,"1100064",7.3925,22.51,0,0,0,0,0,332.5989,0.784,2.52692484025405,0.67694279094442,2019-06-21,5680.3524,0.15827,0.339128494262695,33.7904067796611,16.6554105274765
"RO",11,0.0740740740740741,40.567,31.8133,0.449,"1100064",5.0689,12.467,0,0,0,0,0,330.8324,0.778,2.52692484025405,0.673133585960092,2019-06-21,6156.8422,0.17019,0.339128494262695,33.7904067796611,16.6554105274765
"RO",26,0.139981445192116,81.465,78.7286,0.429,"1100064",0.1395,0.171,0,0,0,0,0,275.3222,0.648,2.52692484025405,0.659172644222523,2019-06-21,5219.9712,0.14341,0.339128494262695,33.7904067796611,16.6554105274765
"RO",42,0.174544367201557,93.16,71.3435,0.765,"1100064",8.478,9.08,0,0,0,0,0,298.1893,0.683,2.52692484025405,0.642829699258418,2019-06-21,6403.4417,0.17618,0.339128494262695,33.7904067796611,16.6554105274765
"RO",33,0.0853462568790636,114.404,108.6578,0.395,"1100064",3.4941,3.047,0.459,1.595,0,0,2.054,399.0335,0.848,2.52692484025405,0.686675760023997,2019-06-21,6816.3408,0.17013,0.339128494262695,33.7904067796611,16.6554105274765
"RO",48,0.192965251750774,75.554,54.8319,1.138,"1100064",4.4067,5.819,0,0,0,0,0,328.4024,0.754,2.52692484025405,0.68385032810683,2019-06-21,5946.7629,0.16204,0.339128494262695,33.7904067796611,16.6554105274765
"RO",10,0.0742839746698108,54.013,48.1011,0.27,"1100064",3.7347,6.899,0,0,0,0,0,323.2447,0.762,2.52692484025405,0.655945375213809,2019-06-21,6282.0255,0.17773,0.339128494262695,33.7904067796611,16.6554105274765
"RO",5,0.0485620906056456,31.468,24.3838,0.267,"1100064",8.0499,25.524,0,0,0,0,0,300.8753,0.731,2.52692484025405,0.655053367253384,2019-06-21,6107.6395,0.17821,0.339128494262695,33.7904067796611,16.6554105274765
"RO",55,0.0639594641887757,85.153,55.7094,1.283,"1100064",28.2163,33.062,0,0.156,0,0,0.156,546.4682,1.363,2.52692484025405,0.789281561774054,2019-06-21,7871.1222,0.21586,0.339128494262695,33.7904067796611,16.6554105274765
"RO",58,0.102879454220197,136.126,90.5752,0.832,"1100064",39.9618,29.291,0,0,0,0,0,347.4053,0.791,2.52692484025405,0.679359075506727,2019-06-21,5976.9364,0.16046,0.339128494262695,33.7904067796611,16.6554105274765
"RO",41,0.0872088201884423,93.77,86.7569,0.614,"1100064",4.5697,4.862,0,0,0,0,0,318.6437,0.737,2.52692484025405,0.672543951050844,2019-06-21,5587.2484,0.15284,0.339128494262695,33.7904067796611,16.6554105274765
"RO",73,0.201267762353326,24.282,19.3475,4.905,"1100064",0.1763,0.725,0,0,0,0,0,331.7189,0.83,2.52692484025405,0.682752979717267,2019-06-21,5270.2724,0.15518,0.339128494262695,33.7904067796611,16.6554105274765
"RO",30,0.199621301250487,24.285,23.7617,1.641,"1100064",0,0,0,0,0,0,0,310.8362,0.773,2.52692484025405,0.671613728940924,2019-06-21,5645.2158,0.16602,0.339128494262695,33.7904067796611,16.6554105274765
"RO",43,0.0865150755386367,169.561,126.946,0.44,"1100064",25.7009,15.124,0,0.021,0,0,0.021,350.2813,0.795,2.52692484025405,0.683874029172463,2019-06-21,5661.1639,0.15089,0.339128494262695,33.7904067796611,16.6554105274765
"RO",21,0.0537457478565265,30.359,24.8622,1.098,"1100064",0.9567,3.144,0,0,0,0,0,393.9319,1.04,2.52692484025405,0.687502337342272,2019-05-28,5590.2087,0.16238,0.339128494262695,33.7904067796611,16.6554105274765
"RO",9,0.0818368414141019,89.634,84.3871,0.139,"1100064",1.4291,1.591,0,0,0,0,0,378.5638,0.879,2.52692484025405,0.694418525509848,2019-06-21,5872.6102,0.16049,0.339128494262695,33.7904067796611,16.6554105274765
"RO",29,0.220143291846906,24.292,24.2031,1.558,"1100064",0,0,0,0,0,0,0,346.1563,0.838,2.52692484025405,0.675825900070986,2019-06-21,5843.7316,0.16482,0.339128494262695,33.7904067796611,16.6554105274765
"RO",63,0.110100685514998,144.515,109.6476,0.747,"1100064",35.6958,24.645,0,0,0,0,0,313.5724,0.711,2.52692484025405,0.656754751597897,2019-06-21,6001.8559,0.16206,0.339128494262695,33.7904067796611,16.6554105274765
"RO",82,0.197138742741922,66.404,39.7071,2.685,"1100064",11.846,17.8,0,0,0,0,0,324.8774,0.747,2.52692484025405,0.683458922597667,2019-06-21,5989.4788,0.16364,0.339128494262695,33.7904067796611,16.6554105274765
"RO",104,0.165644584809207,100.773,87.7017,1.542,"1100064",3.1079,3.077,0,0,0,0,0,341.6428,0.77,2.52692484025405,0.663663372419414,2019-06-21,6535.6809,0.17577,0.339128494262695,33.7904067796611,16.6554105274765
"RO",6,0.111237243569579,22.118,21.91,0.356,"1100064",0,0,0,0,0,0,0,284.1507,0.692,2.52692484025405,0.643574776625519,2019-06-21,6165.2104,0.17847,0.339128494262695,33.7904067796611,16.6554105274765
"RO",63,0.0435546985612186,115.732,89.7155,0.913,"1100064",22.9819,19.814,0,0,0,0.793,0.793,589.9885,1.437,2.52692484025405,0.807251273206455,2019-06-21,8479.5887,0.22405,0.339128494262695,33.7904067796611,16.6554105274765
"RO",60,0.166926442794798,73.152,69.2524,1.126,"1100064",3.0851,4.208,0,0,0,0,0,297.1585,0.689,2.52692484025405,0.663329893061302,2019-06-21,6067.7148,0.16857,0.339128494262695,33.7904067796611,16.6554105274765
"RO",12,0.0925272771507852,37.044,25.9565,0.601,"1100064",9.3605,25.212,4.486,0,0,0,4.486,322.1434,0.793,2.52692484025405,0.676198280641874,2019-06-21,5614.2076,0.16304,0.339128494262695,33.7904067796611,16.6554105274765
"RO",5,0.163299316185545,6.547,6.5615,0.991,"1100064",0,0,0,0,0,0,0,304.856,0.778,2.52692484025405,0.673661026547476,2019-06-21,5458.9851,0.16543,0.339128494262695,33.7904067796611,16.6554105274765
"RO",25,0.139970195009088,47.315,36.9249,0.88,"1100064",14.0368,29.6,0,0,0,4.445,4.445,274.0089,0.657,2.52692484025405,0.653913871551404,2019-06-21,5914.491,0.16574,0.339128494262695,33.7904067796611,16.6554105274765
"RO",28,0.0709901951359279,30.341,22.2043,1.639,"1100064",6.4606,21.246,0,0,0,0,0,306.7581,0.751,2.52692484025405,0.660824459108543,2019-06-21,5993.0913,0.1753,0.339128494262695,33.7904067796611,16.6554105274765
"RO",117,0.126151280164339,142.555,111.9269,1.359,"1100064",15.3763,10.762,0,0,0,1.166,1.166,376.4048,0.856,2.52692484025405,0.688185078532248,2019-06-21,5929.2823,0.15862,0.339128494262695,33.7904067796611,16.6554105274765
"RO",13,0.106406368723403,30.119,28.2787,0.598,"1100064",0.9692,3.211,0,0,0,0,0,320.2193,0.76,2.52692484025405,0.653056496240371,2019-06-21,6264.0296,0.179,0.339128494262695,33.7904067796611,16.6554105274765
"RO",14,0.130872927493085,27.803,21.7149,0.838,"1100064",7.1793,25.764,0,0,0,2.072,2.072,282.105,0.679,2.52692484025405,0.652896754056401,2019-06-21,5894.8197,0.16655,0.339128494262695,33.7904067796611,16.6554105274765
"RO",59,0.221548870949702,32.114,28.4004,2.701,"1100064",2.452,7.618,0,0,0,0,0,539.233,1.379,2.52692484025405,0.782714068425329,2019-06-21,7540.5785,0.21233,0.339128494262695,33.7904067796611,16.6554105274765
"RO",23,0.140206506185557,35.745,34.3256,0.871,"1100064",0.048,0.134,0,0,0,0,0,311.7158,0.749,2.52692484025405,0.625989612636057,2019-06-21,6627.5197,0.18687,0.339128494262695,33.7904067796611,16.6554105274765
"RO",24,0.0324270452866346,139.972,92.2919,0.338,"1100064",46.0231,32.807,0,0,0,0,0,585.094,1.414,2.52692484025405,0.810360897594841,2019-06-21,8412.5106,0.22056,0.339128494262695,33.7904067796611,16.6554105274765
"RO",6,0.0460677838770227,80.486,75.0615,0.104,"1100064",2.9899,3.707,0,0,0,0,0,303.3236,0.713,2.52692484025405,0.645953518488565,2019-06-21,6256.4026,0.17308,0.339128494262695,33.7904067796611,16.6554105274765
"RO",13,0.0948383193615851,28.117,27.3582,0.618,"1100064",0,0,0,0,0,0,0,320.9699,0.79,2.52692484025405,0.663329287637398,2019-06-21,5961.0992,0.17425,0.339128494262695,33.7904067796611,16.6554105274765
"RO",28,0.1140761152795,47.458,32.3868,1.124,"1100064",18.3689,38.619,0,0,0,5.553,5.553,278.0261,0.666,2.52692484025405,0.653592394849575,2019-06-21,5949.1541,0.16673,0.339128494262695,33.7904067796611,16.6554105274765
"RO",70,0.0816359983133323,70.039,57.914,1.571,"1100064",9.9456,14.168,0,0,0,0,0,592.4522,1.461,2.52692484025405,0.804532292628543,2019-06-21,8426.1682,0.22523,0.339128494262695,33.7904067796611,16.6554105274765
"RO",17,0.0721806745390568,56.466,54.5591,0.405,"1100064",2.2789,4.027,0,0,0.929,0,0.929,347.5087,0.821,2.52692484025405,0.676237385737246,2019-06-21,6023.3891,0.16591,0.339128494262695,33.7904067796611,16.6554105274765
"RO",9,0.0704124145231932,35.309,29.9043,0.391,"1100064",0.3204,0.905,0,0,0,0,0,499.7591,1.314,2.52692484025405,0.791790996042737,2019-06-21,7514.4557,0.21842,0.339128494262695,33.7904067796611,16.6554105274765
"RO",9,0.117104113891562,19.418,17.7713,0.658,"1100064",0,0,0,0,0,0,0,306.5587,0.766,2.52692484025405,0.671819017342612,2019-06-21,5546.17,0.16401,0.339128494262695,33.7904067796611,16.6554105274765
"RO",34,0.174762078171912,19.417,17.0498,2.592,"1100064",2.2792,11.712,0,0,0,0,0,246.8602,0.636,2.52692484025405,0.654417082216339,2019-06-21,5445.7458,0.16113,0.339128494262695,33.7904067796611,16.6554105274765
"RO",62,0.121443450831176,57.838,49.3749,1.632,"1100064",14.9781,25.839,0,0,5.066,2.493,7.559,547.2183,1.367,2.52692484025405,0.779794624242266,2019-06-21,7549.8455,0.20834,0.339128494262695,33.7904067796611,16.6554105274765
"RO",63,0.125370350905587,46.28,42.4409,1.93,"1100064",4.1021,8.844,0,0,0,0,0,313.0048,0.759,2.52692484025405,0.669564884341803,2019-06-21,5999.85,0.17198,0.339128494262695,33.7904067796611,16.6554105274765
"RO",13,0.22527623780503,23.82,20.0581,0.843,"1100064",0.0151,0.063,0,0,0,0,0,303.3826,0.736,2.52692484025405,0.665947634719462,2019-06-21,5493.5861,0.15982,0.339128494262695,33.7904067796611,16.6554105274765
"RO",43,0.19921786731593,49.719,46.424,1.204,"1100064",0.5332,1.07,0,0,0,0,0,518.1144,1.342,2.52692484025405,0.795768552392981,2019-06-21,7803.668,0.22277,0.339128494262695,33.7904067796611,16.6554105274765
"RO",93,0.0852234398960235,160.287,148.9058,0.812,"1100064",8.5916,5.348,0,0,0,0,0,333.2127,0.751,2.52692484025405,0.619002712767433,2019-06-21,7120.3934,0.19007,0.339128494262695,33.7904067796611,16.6554105274765
"RO",9,0.102389339119464,24.1,24.1541,0.484,"1100064",0,0,0,0,0,0,0,284.9244,0.714,2.52692484025405,0.628150920963335,2019-06-21,6193.115,0.18235,0.339128494262695,33.7904067796611,16.6554105274765
"RO",9,0.104880496919432,34.045,27.7916,0.421,"1100064",1.599,4.686,0,0,0,0,0,278.8014,0.666,2.52692484025405,0.676665179511416,2019-06-21,4913.0662,0.1389,0.339128494262695,33.7904067796611,16.6554105274765
"RO",19,0.0889249267341656,43.262,42.9621,0.575,"1100064",0.0565,0.13,0,0,0,0,0,321.4403,0.744,2.52692484025405,0.654282727207063,2019-06-21,6344.0552,0.17728,0.339128494262695,33.7904067796611,16.6554105274765
"RO",11,0.129027623112899,18.281,18.3201,0.781,"1100064",0,0,0,0,0,0,0,275.7445,0.672,2.52692484025405,0.658684089377815,2019-06-21,5844.2939,0.17217,0.339128494262695,33.7904067796611,16.6554105274765
"RO",15,0.043409656027153,49.631,45.1923,0.431,"1100064",3.8313,7.702,0,0,0,0,0,569.6707,1.484,2.52692484025405,0.803752295035298,2019-06-21,7868.5107,0.22182,0.339128494262695,33.7904067796611,16.6554105274765
"RO",22,0.089484543402817,98.826,90.7132,0.315,"1100064",7.6805,7.754,0,0,0,0,0,348.3251,0.832,2.52692484025405,0.649402028823597,2019-06-21,6215.0607,0.16775,0.339128494262695,33.7904067796611,16.6554105274765
"RO",24,0.0571062648040471,157.926,143.6378,0.217,"1100064",3.9663,2.506,0,0,0,0,0,322.9581,0.723,2.52692484025405,0.666061401078951,2019-06-21,6147.5232,0.16466,0.339128494262695,33.7904067796611,16.6554105274765
"RO",25,0.0403093108923949,47.313,24.8759,1.306,"1100064",15.6992,33.107,0,0,0,0,0,349.686,0.845,2.52692484025405,0.6899436562015,2019-06-21,5387.6017,0.1541,0.339128494262695,33.7904067796611,16.6554105274765
"RO",6,0.121991252733426,50.544,42.0944,0.185,"1100064",7.4656,14.737,0,0,0,0.089,0.089,331.8425,0.779,2.52692484025405,0.672449652580336,2019-06-21,6203.0646,0.17071,0.339128494262695,33.7904067796611,16.6554105274765
"RO",11,0.0515928927463093,36.41,22.6599,0.631,"1100064",7.7153,21.143,0,0,0,0,0,317.0564,0.755,2.52692484025405,0.67847153010983,2019-06-21,5129.6228,0.14367,0.339128494262695,33.7904067796611,16.6554105274765
"RO",21,0.187002957891264,22.39,17.9783,1.518,"1100064",0.7012,3.125,0,0,0,0,0,316.6545,0.788,2.52692484025405,0.666138148739532,2019-06-21,5776.2481,0.1704,0.339128494262695,33.7904067796611,16.6554105274765
"RO",115,0.125190749237489,116.174,86.2026,1.734,"1100064",28.1931,24.214,0,0.677,0,0,0.677,582.1425,1.421,2.52692484025405,0.817617209458849,2019-06-21,8181.7734,0.21629,0.339128494262695,33.7904067796611,16.6554105274765
"RO",95,0.0765823746131502,226.053,214.2261,0.576,"1100064",12.5034,5.519,0,0.167,0.45,0,0.617,307.199,0.684,2.52692484025405,0.64950579847156,2019-06-21,6559.5343,0.17153,0.339128494262695,33.7904067796611,16.6554105274765
"RO",22,0.0706144009177093,117.088,91.87,0.311,"1100064",19.6969,16.785,0,0,0,0,0,355.7537,0.816,2.52692484025405,0.680033921221177,2019-06-21,6099.3672,0.16354,0.339128494262695,33.7904067796611,16.6554105274765
"RO",62,0.121443450831176,57.832,49.3042,1.635,"1100064",14.8832,25.678,0,0,4.951,2.488,7.439,547.2183,1.367,2.52692484025405,0.779807520261095,2019-06-21,7545.4226,0.20816,0.339128494262695,33.7904067796611,16.6554105274765
"RO",23,0.0977293604475104,55.029,51.3697,0.582,"1100064",2.7532,4.992,0,0,0,0,0,319.0063,0.748,2.52692484025405,0.624293109812639,2019-06-21,6840.7081,0.18853,0.339128494262695,33.7904067796611,16.6554105274765
"RO",6,0.0404499067525744,33.801,12.3712,0.63,"1100064",17.8853,52.796,0,0,0,0,0,284.6681,0.683,2.52692484025405,0.678941876730666,2019-06-21,4939.3473,0.13984,0.339128494262695,33.7904067796611,16.6554105274765
"RO",14,0.0617505951541068,83.222,54.6205,0.333,"1100064",11.5038,13.792,0,0.673,0,0,0.673,365.7299,0.853,2.52692484025405,0.690473487352583,2019-06-21,5657.582,0.15484,0.339128494262695,33.7904067796611,16.6554105274765
"RO",6,0.0813324161518548,75.832,58.9791,0.132,"1100064",12.7835,16.82,0,0,0,0,0,284.6786,0.716,2.52692484025405,0.646891664971133,2019-06-21,6244.3213,0.17274,0.339128494262695,33.7904067796611,16.6554105274765
"RO",93,0.124020261868746,116.112,97.2367,1.243,"1100064",24.7833,21.297,1.129,7.602,2.559,0,11.29,582.1089,1.416,2.52692484025405,0.814196701658656,2019-06-21,8298.3831,0.21883,0.339128494262695,33.7904067796611,16.6554105274765
"RO",5,0.145107468885179,29.302,27.2109,0.239,"1100064",1.8992,6.467,0,0,0,0,0,278.9698,0.676,2.52692484025405,0.640082434086662,2019-06-21,6279.5166,0.17904,0.339128494262695,33.7904067796611,16.6554105274765
"RO",29,0.0813815553101118,61.736,53.5423,0.704,"1100064",5.0417,8.148,0,0,0,0,0,329.8194,0.776,2.52692484025405,0.695082260893041,2019-06-21,5227.0218,0.14693,0.339128494262695,33.7904067796611,16.6554105274765
"RO",8,0.0537457478565265,31.733,22.2888,0.467,"1100064",8.7552,27.529,0,0,0,0,0,560.2556,1.462,2.52692484025405,0.799324176111524,2019-06-21,7965.0716,0.22668,0.339128494262695,33.7904067796611,16.6554105274765
"RO",23,0,16.991,11.405,2.622,"1100064",0.1753,1.029,0,0,0,0,0,347.9756,0.881,2.52692484025405,0.696318731511476,2019-06-21,5155.5626,0.15335,0.339128494262695,33.7904067796611,16.6554105274765
"RO",10,0.150228417273874,25.698,20.6063,0.631,"1100064",0.0877,0.34,0,0,0,0,0,302.0436,0.792,2.52692484025405,0.635893557459304,2019-06-21,6456.5884,0.18694,0.339128494262695,33.7904067796611,16.6554105274765
"RO",21,0.219082923114092,37.618,35.2274,0.775,"1100064",0,0,0,0,0,0,0,288.6565,0.684,2.52692484025405,0.644631494073183,2019-06-21,6149.6423,0.17296,0.339128494262695,33.7904067796611,16.6554105274765
"RO",69,0.0760060823157248,86.818,78.422,1.144,"1100064",20.586,23.659,18.692,13.75,0.043,0,32.485,545.9402,1.354,2.52692484025405,0.785900566441303,2019-06-21,7831.6759,0.21416,0.339128494262695,33.7904067796611,16.6554105274765
"RO",5,0.0541282162729703,66.731,54.2199,0.12,"1100064",0.3966,0.593,0,0,0,0,0,296.09,0.687,2.52692484025405,0.659258123025839,2019-06-21,6210.8701,0.1728,0.339128494262695,33.7904067796611,16.6554105274765
"RO",6,0.0286643988568141,70.392,62.5191,0.125,"1100064",4.3746,6.201,0,0,0,0,0,314.2285,0.735,2.52692484025405,0.690541544259423,2019-06-21,5290.7059,0.14784,0.339128494262695,33.7904067796611,16.6554105274765
"RO",12,0.117370357282402,92.457,76.4837,0.204,"1100064",1.5681,1.692,0,0,0,0,0,334.191,0.774,2.52692484025405,0.671509493801037,2019-06-21,6364.1699,0.1728,0.339128494262695,33.7904067796611,16.6554105274765
"RO",17,0.0247193874599066,53.246,37.7679,0.585,"1100064",15.2376,28.553,0,0,0,0,0,306.0036,0.716,2.52692484025405,0.666995339412062,2019-06-21,5285.2426,0.14686,0.339128494262695,33.7904067796611,16.6554105274765
"RO",8,0.261718811546373,24.242,15.873,0.655,"1100114",8.1715,33.633,0,0.382,0,0,0.382,671.5609,1.652,2.1195680540955,0.387957201409324,2019-07-18,5167.241,0.14273,0.496771017025257,36.5632639563487,26.432444513282
"RO",15,0.100382857160842,46.647,46.2206,0.422,"1100114",0,0,0,0,0,0,0,235.0683,0.579,2.1195680540955,0.142906532183508,2019-08-09,3804.7552,0.10484,0.496771017025257,36.5632639563487,26.432444513282
"RO",7,0.229496802982555,38.088,32.5165,0.28,"1100114",4.3379,11.364,0.001,0,0,0,0.001,213.5875,0.538,2.1195680540955,0.204987872453359,2020-07-16,2824.5272,0.07737,0.496771017025257,36.5632639563487,26.432444513282
"RO",117,0.281980859342089,108.357,104.031,1.462,"1100114",0.3267,0.301,0,0,0,0,0,288.8537,0.697,2.1195680540955,0.148056035614097,2020-07-16,3751.686,0.10016,0.496771017025257,36.5632639563487,26.432444513282
"RO",7,0.0593265299037757,22.751,21.4247,0.425,"1100114",1.3771,6.04,0.478,0.673,0,0,1.151,660.3791,1.643,2.1195680540955,0.385639693093332,2019-07-18,5063.7355,0.14094,0.496771017025257,36.5632639563487,26.432444513282
"RO",33,0.117281665784715,99.043,94.9165,0.452,"1100114",4.3475,4.38,0,0,0,0,0,288.6768,0.712,2.1195680540955,0.12441072972655,2019-08-09,3707.3307,0.10011,0.496771017025257,36.5632639563487,26.432444513282
"RO",8,0.117757446937367,47.95,45.0671,0.231,"1100114",1.0553,2.196,0,0,0,0,0,227.4819,0.562,2.1195680540955,0.136500325258394,2019-08-09,3774.7124,0.10387,0.496771017025257,36.5632639563487,26.432444513282
"RO",48,0.107419611993644,94.432,73.9932,0.843,"1100114",20.5424,21.705,0.139,0,0,0,0.139,291.9713,0.72,2.1195680540955,0.136561593735518,2019-08-09,3920.3827,0.10628,0.496771017025257,36.5632639563487,26.432444513282
"RO",51,0.120126674988523,97.908,93.7524,0.707,"1100114",2.3034,2.347,0,0,0,0,0,250.0843,0.61,2.1195680540955,0.12294268974856,2019-08-09,3712.9018,0.10034,0.496771017025257,36.5632639563487,26.432444513282
"RO",65,0.282465850473015,91.71,91.781,0.921,"1100114",2.885,3.139,1.733,2.126,0,0,3.859,310.852,0.759,2.1195680540955,0.148755279919477,2020-07-16,2888.255,0.07842,0.496771017025257,36.5632639563487,26.432444513282
"RO",6,0.100443721816613,96.21,94.7698,0.082,"1100114",1.7437,1.808,0,0,0,0,0,276.2865,0.677,2.1195680540955,0.13211545020756,2019-08-09,3865.4397,0.10457,0.496771017025257,36.5632639563487,26.432444513282
"RO",37,0.237964196900577,42.956,38.8421,1.238,"1100114",4.4339,10.299,4.086,0,0,0,4.086,223.3169,0.563,2.1195680540955,0.206678914733619,2020-07-16,2862.9861,0.07822,0.496771017025257,36.5632639563487,26.432444513282
"RO",12,0.197055573341007,95.656,62.4915,0.25,"1100114",24.0018,25.036,0,0,0,0.019,0.019,336.4482,0.816,2.1195680540955,0.154557765084222,2020-07-16,3118.5576,0.08437,0.496771017025257,36.5632639563487,26.432444513282
"RO",51,0.212112517945816,25.559,19.2735,3.44,"1100114",6.4984,25.368,0,0,0,0,0,228.8159,0.575,2.1195680540955,0.116771866655383,2019-08-09,3604.0663,0.09931,0.496771017025257,36.5632639563487,26.432444513282
"RO",33,0.239215103827514,29.177,29.168,1.471,"1100114",0,0,0,0,0,0,0,214.2979,0.559,2.1195680540955,0.20431688487367,2020-07-16,2758.6204,0.07835,0.496771017025257,36.5632639563487,26.432444513282
"RO",13,0.220227028584982,43.644,42.3832,0.399,"1100114",2.608,5.962,2.261,1.733,0,0,3.994,624.5545,1.551,2.1195680540955,0.367838597945909,2019-07-18,5101.2235,0.14026,0.496771017025257,36.5632639563487,26.432444513282
"RO",23,0.291398940992953,35.918,35.2006,0.849,"1100114",0.5326,1.479,0,0,0,0,0,309.8798,0.807,2.1195680540955,0.163217031950767,2020-07-16,2690.1052,0.07693,0.496771017025257,36.5632639563487,26.432444513282
"RO",42,0.143976246648263,76.091,74.3772,0.734,"1100114",2.5764,3.378,0,0,0,0,0,234.7651,0.579,2.1195680540955,0.119338250015289,2019-08-09,3671.1713,0.09965,0.496771017025257,36.5632639563487,26.432444513282
"RO",52,0.110551024386151,89.824,77.3831,0.874,"1100114",8.8362,9.815,0.156,0,0,0,0.156,686.9336,1.682,2.1195680540955,0.383164895689797,2019-07-18,5031.4327,0.13724,0.496771017025257,36.5632639563487,26.432444513282
"RO",8,0.101490232039354,19.788,19.4855,0.534,"1100114",0,0,0,0,0,0,0,230.2267,0.574,2.1195680540955,0.142159185681728,2019-08-09,3767.8694,0.1047,0.496771017025257,36.5632639563487,26.432444513282
"RO",34,0.205567316388083,99.043,86.3125,0.512,"1100114",0.0626,0.063,0,0,0,0,0,345.8618,0.855,2.1195680540955,0.148677901605099,2020-07-16,3005.1595,0.08137,0.496771017025257,36.5632639563487,26.432444513282
"RO",6,0.23846150564265,56.578,55.598,0.14,"1100114",0,0,0,0,0,0,0,689.7629,1.669,2.1195680540955,0.382170203138258,2019-07-18,5157.4203,0.13914,0.496771017025257,36.5632639563487,26.432444513282
"RO",8,0.0290865957465663,93.852,86.2325,0.121,"1100114",6.6891,7.111,0,0,0,0,0,307.9107,0.764,2.1195680540955,0.140891315688688,2019-08-09,4020.1641,0.10879,0.496771017025257,36.5632639563487,26.432444513282
"RO",8,0.258070345026621,45.508,45.1464,0.23,"1100114",1.4735,3.231,0,0,0,0,0,655.6154,1.624,2.1195680540955,0.382872784931395,2019-07-18,5035.398,0.13902,0.496771017025257,36.5632639563487,26.432444513282
"RO",44,0.283857273290073,95.402,71.4054,0.801,"1100114",21.3338,22.312,0,0,0,0,0,268.6463,0.678,2.1195680540955,0.235518454853933,2020-07-16,3252.916,0.08811,0.496771017025257,36.5632639563487,26.432444513282
"RO",22,0.122197336826846,88.275,74.2499,0.385,"1100114",12.1049,13.682,0,0,0,0,0,702.0411,1.716,2.1195680540955,0.39266558984623,2019-07-18,5444.0994,0.14847,0.496771017025257,36.5632639563487,26.432444513282
"RO",6,0.179050563785135,54.09,53.6619,0.145,"1100114",0,0,0,0,0,0,0,640.5717,1.556,2.1195680540955,0.370872168515127,2019-07-18,5201.2098,0.13967,0.496771017025257,36.5632639563487,26.432444513282
"RO",11,0.231105216664443,17.018,10.7467,1.331,"1100114",7.6086,44.611,0,0,0,2.073,2.073,293.8286,0.741,2.1195680540955,0.152271899120209,2020-07-16,2818.5653,0.07844,0.496771017025257,36.5632639563487,26.432444513282
"RO",49,0.264674568560929,93.188,84.9906,0.749,"1100114",4.7571,5.093,0,0,0,0,0,320.6152,0.779,2.1195680540955,0.137905393882465,2020-07-16,3014.7962,0.08175,0.496771017025257,36.5632639563487,26.432444513282
"RO",5,0.264330352493528,24.758,24.495,0.265,"1100114",0,0,0,0,0,0,0,622.472,1.567,2.1195680540955,0.371835152912781,2019-07-18,5060.5227,0.14064,0.496771017025257,36.5632639563487,26.432444513282
"RO",7,0.145838953043451,62.86,61.6043,0.148,"1100114",1.0367,1.646,0,0,0,0.003,0.003,719.9484,1.764,2.1195680540955,0.401436818846637,2019-07-18,5778.8857,0.15846,0.496771017025257,36.5632639563487,26.432444513282
"RO",26,0.239289415166605,50.337,49.4634,0.683,"1100114",3.9828,7.895,0,4.888,1.229,0,6.117,536.4278,1.314,2.1195680540955,0.375082881920825,2019-07-18,4769.6267,0.13036,0.496771017025257,36.5632639563487,26.432444513282
"RO",16,0.14153182452135,89.364,72.1723,0.288,"1100114",13.6583,15.25,0,0,0,0,0,726.099,1.775,2.1195680540955,0.39739704177786,2019-07-18,5727.1141,0.15606,0.496771017025257,36.5632639563487,26.432444513282
"RO",35,0.220937293541139,91.529,90.4505,0.503,"1100114",0,0,0,0,0,0,0,301.9274,0.75,2.1195680540955,0.145551558334679,2019-08-09,4030.0311,0.10946,0.496771017025257,36.5632639563487,26.432444513282
"RO",8,0.286175570653329,15.62,11.9253,0.872,"1100114",4.3293,27.655,0,0,0,0,0,642.5742,1.603,2.1195680540955,0.376518133402563,2019-07-18,4850.8941,0.135,0.496771017025257,36.5632639563487,26.432444513282
"RO",24,0.280819950636149,58.1,58.2305,0.536,"1100114",0,0,0,0,0,0,0,270.5131,0.721,2.1195680540955,0.243730847368945,2020-07-16,3169.3981,0.0897,0.496771017025257,36.5632639563487,26.432444513282
"RO",11,0.254692751197508,44.964,41.7868,0.342,"1100114",0.9245,2.051,0,0,0,0,0,236.699,0.601,2.1195680540955,0.201173390252045,2020-07-16,3050.4629,0.08405,0.496771017025257,36.5632639563487,26.432444513282
"RO",52,0.280328528606482,95.956,96.1704,0.703,"1100114",0,0,0,0,0,0,0,250.5553,0.611,2.1195680540955,0.180243992297636,2020-07-16,3390.3757,0.09192,0.496771017025257,36.5632639563487,26.432444513282
"RO",7,0.186615729554614,93.961,82.8219,0.11,"1100114",10.8648,11.537,0,0,0,0,0,684.5093,1.671,2.1195680540955,0.379302423677791,2019-07-18,5072.4559,0.13767,0.496771017025257,36.5632639563487,26.432444513282
"RO",27,0.148334599770498,49.499,46.6165,0.753,"1100114",3.2273,6.505,0,0,0,0,0,256.2515,0.634,2.1195680540955,0.11835537916818,2019-08-09,3514.5801,0.09636,0.496771017025257,36.5632639563487,26.432444513282
"RO",19,0.109054462010817,98.5,89.3442,0.276,"1100114",8.0755,8.18,0,0,0,0,0,256.936,0.626,2.1195680540955,0.127434341759864,2019-08-09,3766.1433,0.10182,0.496771017025257,36.5632639563487,26.432444513282
"RO",17,0.208030453544893,56.588,56.1691,0.393,"1100114",0.0144,0.025,0,0,0,0,0,682.5353,1.651,2.1195680540955,0.379840881759825,2019-07-18,5189.9209,0.14007,0.496771017025257,36.5632639563487,26.432444513282
"RO",16,0.168772662063187,120.329,86.1178,0.242,"1100114",7.0517,5.847,0,0,0,0.257,0.257,264.115,0.634,2.1195680540955,0.138651094697613,2020-07-16,3527.5703,0.09375,0.496771017025257,36.5632639563487,26.432444513282
"RO",109,0.292054945937719,187.718,181.8756,0.779,"1100114",7.9702,4.236,0.47,1.096,0,0,1.566,326.8332,0.773,2.1195680540955,0.146637208676066,2020-07-16,2959.3076,0.078,0.496771017025257,36.5632639563487,26.432444513282
"RO",73,0.233386314913163,117.819,88.9191,1.067,"1100114",23.9321,20.267,0,0,0,0,0,221.6805,0.544,2.1195680540955,0.201677729032679,2020-07-16,2803.266,0.07529,0.496771017025257,36.5632639563487,26.432444513282
"RO",5,0.158007960904254,24.135,24.1887,0.269,"1100114",0,0,0,0,0,0,0,624.9002,1.577,2.1195680540955,0.372844508476486,2019-07-18,5054.2296,0.14074,0.496771017025257,36.5632639563487,26.432444513282
"RO",5,0.096537924132132,35.316,33.8984,0.192,"1100114",1.7054,4.818,0,0,0,0,0,255.9975,0.637,2.1195680540955,0.120282118407956,2019-08-09,3518.01,0.09692,0.496771017025257,36.5632639563487,26.432444513282
"RO",33,0.212928820033631,58.983,59.0616,0.726,"1100114",0,0,0,0,0,0,0,266.4059,0.709,2.1195680540955,0.239825163182074,2020-07-16,3135.5123,0.08876,0.496771017025257,36.5632639563487,26.432444513282
"RO",5,0.178432513955655,15.696,15.716,0.414,"1100114",0,0,0,0,0,0,0,630.6392,1.573,2.1195680540955,0.375025559258774,2019-07-18,4819.3708,0.13426,0.496771017025257,36.5632639563487,26.432444513282
"RO",19,0.0870150043621723,96.523,89.1871,0.277,"1100114",7.959,8.227,0,0,0,0,0,227.4306,0.559,2.1195680540955,0.114194396112908,2019-08-09,3617.8859,0.09772,0.496771017025257,36.5632639563487,26.432444513282
"RO",26,0.0520072833622674,97.4,83.4833,0.405,"1100114",13.7373,14.073,0,0,0,0,0,255.3491,0.623,2.1195680540955,0.114781021485746,2019-08-09,3489.8368,0.09444,0.496771017025257,36.5632639563487,26.432444513282
"RO",30,0.23287103548684,95.421,73.6236,0.53,"1100114",22.305,23.323,0,0,0,0,0,290.9313,0.732,2.1195680540955,0.231477170506261,2020-07-16,3300.4385,0.08941,0.496771017025257,36.5632639563487,26.432444513282
"RO",6,0.056801996716381,75.206,73.355,0.106,"1100114",0.6077,0.806,0,0,0,0,0,217.3329,0.549,2.1195680540955,0.108593908413447,2019-08-09,3545.6903,0.09841,0.496771017025257,36.5632639563487,26.432444513282
"RO",34,0.285965876988566,95.458,87.2285,0.507,"1100114",5.7866,6.048,0,0,0,0,0,340.7424,0.832,2.1195680540955,0.145069903643344,2020-07-16,2982.9715,0.08075,0.496771017025257,36.5632639563487,26.432444513282
"RO",84,0.0666479641808396,289.522,249.8956,0.437,"1100296",15.4129,5.312,0,0,0,0,0,102.3706,0.236,2.00352325032883,0.40832876639448,2017-07-28,11775.7616,0.29965,0.311644033193588,35.2445270128483,8.37246075291619
"RO",7,0.0177595795578675,694.208,328.0901,0.028,"1100296",128.8309,18.516,0,0,0,0,0,156.1158,0.325,2.00352325032883,0.380778930922723,2017-07-28,13824.182,0.32008,0.311644033193588,35.2445270128483,8.37246075291619
"RO",10,0.0444792396054012,43.517,32.7448,0.397,"1100296",8.1734,18.74,0,0,0,0,0,165.0397,0.42,2.00352325032883,0.348962533165279,2017-07-28,11324.4546,0.31419,0.311644033193588,35.2445270128483,8.37246075291619
"RO",9,0.0540403296588073,66.236,46.5889,0.251,"1100296",21.9824,33.114,0,3.399,0,0,3.399,142.8725,0.344,2.00352325032883,0.364240888607464,2017-07-28,12379.2274,0.32739,0.311644033193588,35.2445270128483,8.37246075291619
"RO",14,0.273218056540037,24.527,24.5265,0.742,"1100296",0,0,0,0,0,0,0,279.9609,0.728,2.00352325032883,0.294149626949223,2020-08-12,7766.7751,0.22435,0.311644033193588,35.2445270128483,8.37246075291619
"RO",6,0.258113883008419,6.076,6.0621,1.287,"1100296",0,0,0,0,0,0,0,260.4635,0.706,2.00352325032883,0.285221808795411,2020-08-12,7016.7371,0.21081,0.311644033193588,35.2445270128483,8.37246075291619
"RO",34,0.141355423543216,37.536,36.8971,1.198,"1100296",0,0,0,0,0,0,0,171.0629,0.449,2.00352325032883,0.341015078893604,2017-07-28,10779.8087,0.30903,0.311644033193588,35.2445270128483,8.37246075291619
"RO",67,0.177246742889675,31.38,30.0955,2.894,"1100296",0.643,2.045,0,0,0,0,0,141.5545,0.365,2.00352325032883,0.357473062235944,2017-07-28,11364.2727,0.32466,0.311644033193588,35.2445270128483,8.37246075291619
"RO",41,0.0366282873945624,291.632,247.39,0.215,"1100296",21.9952,7.525,0,0,0,0,0,128.8956,0.294,2.00352325032883,0.404594181752217,2017-07-28,11613.4474,0.29558,0.311644033193588,35.2445270128483,8.37246075291619
"RO",6,0.218181818181818,21.653,18.3744,0.425,"1100296",3.6755,16.938,0,0,0,0,0,293.7816,0.733,2.00352325032883,0.286694246070457,2020-08-12,7667.7023,0.21102,0.311644033193588,35.2445270128483,8.37246075291619
"RO",7,0.0285714285714286,66.011,44.7004,0.204,"1100296",18.899,28.566,0,0.292,0,0,0.292,143.5468,0.346,2.00352325032883,0.366480747658808,2017-07-28,12444.7058,0.32885,0.311644033193588,35.2445270128483,8.37246075291619
"RO",14,0.280261497843368,25.708,25.6844,0.709,"1100296",0,0,0,0,0,0,0,281.108,0.73,2.00352325032883,0.294191540727982,2020-08-12,7787.9986,0.22447,0.311644033193588,35.2445270128483,8.37246075291619
"RO",48,0.26021884507587,98.123,90.5422,0.689,"1100296",17.9044,18.206,0,2.507,1.343,0.448,4.298,305.7126,0.744,2.00352325032883,0.294983713671402,2020-08-12,8239.3404,0.22246,0.311644033193588,35.2445270128483,8.37246075291619
"RO",46,0.267474441679951,99.638,88.6758,0.674,"1100296",4.5843,4.591,0,0,0,0,0,268.293,0.649,2.00352325032883,0.289383433279642,2020-08-12,8661.2195,0.23376,0.311644033193588,35.2445270128483,8.37246075291619
"RO",66,0.259048772090846,84.032,83.8812,1.023,"1100296",0.1659,0.197,0,0,0,0,0,294.0208,0.721,2.00352325032883,0.299330535486224,2020-08-12,8773.9144,0.23838,0.311644033193588,35.2445270128483,8.37246075291619
"RO",8,0.25663553970333,96.611,87.8368,0.118,"1100296",3.1813,3.286,0,0,0,0,0,297.6793,0.727,2.00352325032883,0.290024933076831,2020-08-12,7907.5398,0.21362,0.311644033193588,35.2445270128483,8.37246075291619
"RO",27,0.117322690943036,30.019,28.0745,1.25,"1100296",1.0228,3.4,0,0,0,0,0,144.9788,0.368,2.00352325032883,0.35949557275502,2017-07-28,11317.2044,0.31688,0.311644033193588,35.2445270128483,8.37246075291619
"RO",23,0.215959179422654,29.218,19.0021,1.574,"1100296",8.5917,29.34,0,0,0,0,0,379.3528,1.016,2.00352325032883,0.301650633353022,2020-08-12,8410.199,0.24608,0.311644033193588,35.2445270128483,8.37246075291619
"RO",23,0.117021918304687,40.226,34.1433,0.876,"1100296",3.4781,8.627,0,0,0,0,0,141.6798,0.36,2.00352325032883,0.363685257241663,2017-07-28,11325.8296,0.31632,0.311644033193588,35.2445270128483,8.37246075291619
"RO",23,0.117021918304687,39.549,33.4922,0.893,"1100296",3.4781,8.775,0,0,0,0,0,141.6798,0.36,2.00352325032883,0.363693822143649,2017-07-28,11321.3351,0.31632,0.311644033193588,35.2445270128483,8.37246075291619
"RO",20,0.259679060450733,24.997,14.7586,1.762,"1100296",10.5079,41.942,0,0,0,0,0,398.5753,1.067,2.00352325032883,0.31027184428364,2020-08-12,8750.7119,0.25616,0.311644033193588,35.2445270128483,8.37246075291619
"RO",30,0.119267153178348,32.889,32.4783,1.201,"1100296",1.2587,3.819,0,0,0,0,0,122.7779,0.319,2.00352325032883,0.356566622188168,2017-07-28,11882.5009,0.33814,0.311644033193588,35.2445270128483,8.37246075291619
"RO",10,0.0778498534683311,42.424,36.9241,0.352,"1100296",3.4862,8.199,0,0,0,0,0,149.9086,0.38,2.00352325032883,0.356314539332485,2017-07-28,11317.9573,0.31518,0.311644033193588,35.2445270128483,8.37246075291619
"RO",27,0.127110908863423,42.435,36.8606,0.952,"1100296",0.6277,1.476,0,0,0,0,0,144.2661,0.364,2.00352325032883,0.361304637753108,2017-07-28,11359.3283,0.31695,0.311644033193588,35.2445270128483,8.37246075291619
"RO",6,0.0287479787288034,35.766,33.3527,0.234,"1100296",0.0538,0.15,0,0,0,0,0,167.5523,0.426,2.00352325032883,0.344423516604149,2017-07-28,11346.0278,0.31519,0.311644033193588,35.2445270128483,8.37246075291619
"RO",44,0.104696656127003,76.808,72.7663,0.786,"1100296",6.1139,7.942,0,0,0,0,0,134.7452,0.338,2.00352325032883,0.357623196225073,2017-07-28,12113.2301,0.3329,0.311644033193588,35.2445270128483,8.37246075291619
"RO",8,0.0625,49.943,39.4603,0.264,"1100296",11.5544,23.084,0,0,0,0,0,136.2755,0.339,2.00352325032883,0.353143323116652,2017-07-28,12202.2791,0.33403,0.311644033193588,35.2445270128483,8.37246075291619
"RO",6,0.17633227950972,69.579,51.6625,0.151,"1100296",18.9992,27.245,0,0,0,0,0,296.5349,0.732,2.00352325032883,0.285611856618381,2020-08-12,7702.088,0.2102,0.311644033193588,35.2445270128483,8.37246075291619
"RO",5,0.179778678238928,30.849,19.8103,0.328,"1100296",10.9712,35.484,0,0,0,0.854,0.854,293.3939,0.731,2.00352325032883,0.282956646540324,2020-08-12,7615.3733,0.20986,0.311644033193588,35.2445270128483,8.37246075291619
"RO",20,0.219301610262827,16.224,16.2606,1.599,"1100296",0,0,0,0,0,0,0,280.1276,0.747,2.00352325032883,0.29575556694383,2020-08-12,7569.8911,0.22385,0.311644033193588,35.2445270128483,8.37246075291619
"RO",7,0.201398389299186,10.629,10.1131,0.9,"1100296",0,0,0,0,0,0,0,348.6981,0.935,2.00352325032883,0.299572423073102,2020-08-12,8304.918,0.24505,0.311644033193588,35.2445270128483,8.37246075291619
"RO",5,0.179778678238928,14.419,8.5906,0.757,"1100296",5.9567,41.219,0,0,0,1.181,1.181,292.7119,0.732,2.00352325032883,0.283195601844514,2020-08-12,7581.5214,0.20995,0.311644033193588,35.2445270128483,8.37246075291619
"RO",28,0.19310304435279,100.631,68.3764,0.532,"1100338",32.4037,32.128,0,0,0.79,0,0.79,1140.9092,2.815,1.82949809767417,2.45367564691785,2019-07-10,14495.4388,0.39106,0.32755863868096,33.7673185494344,4.47331758434793
"RO",15,0.284687705148381,30.389,27.1724,0.718,"1100338",9.0853,29.83,2.595,13.446,9.404,0,25.445,5543.7355,13.987,1.82949809767417,1.92680127384659,2019-06-13,9916.6889,0.2727,0.32755863868096,33.7673185494344,4.47331758434793
"RO",9,0.216262285401344,25.459,16.3658,0.715,"1100338",9.645,37.799,0,0.285,0,0,0.285,4652.1428,11.885,1.82949809767417,1.90701796547035,2019-06-13,9331.22,0.25672,0.32755863868096,33.7673185494344,4.47331758434793
"RO",11,0.112360956446232,38.322,36.0771,0.396,"1100338",20.1526,52.469,2.204,22.5,0,0.645,25.349,6093.3472,15.19,1.82949809767417,1.94834427990507,2019-06-13,10809.2385,0.29404,0.32755863868096,33.7673185494344,4.47331758434793
"RO",39,0.26455161906762,97.494,96.9629,0.523,"1100338",1.1675,1.195,0,0.265,0.363,0.129,0.757,950.6283,2.339,1.82949809767417,2.39815811950346,2019-07-10,19495.0996,0.52685,0.32755863868096,33.7673185494344,4.47331758434793
"RO",46,0.115323498102882,98.849,94.8759,0.63,"1100338",2.3446,2.367,0,0,0,0,0,876.8281,2.18,1.82949809767417,2.47111102880117,2019-07-10,17778.6968,0.48001,0.32755863868096,33.7673185494344,4.47331758434793
"RO",11,0.11425113047838,89.298,88.6401,0.161,"1100338",5.8856,6.576,0.989,5.537,0,0,6.526,883.3574,2.152,1.82949809767417,2.39494195065806,2019-07-10,19688.8468,0.53252,0.32755863868096,33.7673185494344,4.47331758434793
"RO",33,0.095636309546553,97.872,98.091,0.437,"1100338",0,0,0,0,0,0,0,1012.2743,2.513,1.82949809767417,2.47845718359081,2019-07-10,14189.6687,0.38302,0.32755863868096,33.7673185494344,4.47331758434793
"RO",113,0.216933290455715,99.031,93.3357,1.574,"1100338",3.3518,3.377,0,0,0,0,0,819.4711,2.009,1.82949809767417,2.4581460320852,2019-07-10,18281.6403,0.49376,0.32755863868096,33.7673185494344,4.47331758434793
"RO",6,0.0610613011184583,99.653,85.2404,0.092,"1100338",23.4342,23.463,8.154,0,0,4.392,12.546,3737.5995,8.608,1.82949809767417,2.13539221609772,2019-07-10,15708.4604,0.4243,0.32755863868096,33.7673185494344,4.47331758434793
"RO",6,0.0933769365512854,103.768,72.4875,0.108,"1100338",20.5199,19.731,0,0,0.13,0,0.13,1199.6204,2.956,1.82949809767417,2.41624579852716,2019-07-10,16282.7696,0.43866,0.32755863868096,33.7673185494344,4.47331758434793
"RO",43,0.126671142735758,96.682,82.0415,0.681,"1100338",40.111,41.395,0.548,2.226,19.493,0.556,22.823,985.9777,2.439,1.82949809767417,2.40117135791774,2019-07-10,19271.783,0.52078,0.32755863868096,33.7673185494344,4.47331758434793
"RO",9,0.197956403429289,49.859,48.5499,0.241,"1100338",1.5635,3.129,0.006,0,0,0,0.006,671.986,1.644,1.82949809767417,2.46530776212168,2019-07-10,21678.712,0.59477,0.32755863868096,33.7673185494344,4.47331758434793
"RO",23,0.234181130981254,98.184,59.261,0.505,"1100338",39.2376,39.874,0,0,0,0,0,1159.0848,2.871,1.82949809767417,2.39154660695576,2019-07-10,18801.3001,0.50756,0.32755863868096,33.7673185494344,4.47331758434793
"RO",32,0.172673298253537,99.688,96.9968,0.429,"1100338",3.0334,3.036,0,0,0.62,0,0.62,910.8262,2.218,1.82949809767417,2.43740078137182,2019-07-10,18457.7503,0.49804,0.32755863868096,33.7673185494344,4.47331758434793
"RO",14,0.0477353496398811,46.766,23.5745,0.772,"1100338",23.2117,49.523,0,0,0,0,0,800.5554,1.973,1.82949809767417,2.40997995885814,2019-07-10,19272.7433,0.52839,0.32755863868096,33.7673185494344,4.47331758434793
"RO",46,0.246799665745337,97.13,95.602,0.626,"1100338",0.186,0.191,0,0,0,0.083,0.083,987.0332,2.446,1.82949809767417,2.44578287910156,2019-07-10,17444.2592,0.4708,0.32755863868096,33.7673185494344,4.47331758434793
"RO",38,0.270311799987875,51.066,50.7575,0.973,"1100338",26.0447,50.888,3.57,9.04,5.638,14.533,32.781,5919.4452,14.854,1.82949809767417,1.94243688318138,2019-06-13,10360.7415,0.28317,0.32755863868096,33.7673185494344,4.47331758434793
"RO",101,0.254281326185229,98.501,80.1454,1.638,"1100338",25.2329,25.56,7.176,4.891,1.139,0.347,13.553,4807.8239,12.008,1.82949809767417,1.90997824272569,2019-06-13,9522.7587,0.25645,0.32755863868096,33.7673185494344,4.47331758434793
"RO",24,0.154594700855273,99.798,79.4617,0.393,"1100338",44.9725,44.963,0,0,0,0,0,1140.8428,2.838,1.82949809767417,2.38792308989074,2019-07-10,19171.5535,0.51735,0.32755863868096,33.7673185494344,4.47331758434793
"RO",53,0.16726435673294,168.815,140.2944,0.491,"1100338",71.1608,42.059,0.216,1.281,9.261,0.694,11.452,7459.0353,17.916,1.82949809767417,1.97203686979686,2019-06-13,13283.7998,0.34834,0.32755863868096,33.7673185494344,4.47331758434793
"RO",7,0.075199552047878,45.414,21.7316,0.419,"1100338",23.3339,51.266,0,0,0,0.059,0.059,3142.3536,7.408,1.82949809767417,2.17479509989863,2019-07-10,15478.1235,0.42607,0.32755863868096,33.7673185494344,4.47331758434793
"RO",103,0.197735866425225,100.207,99.8202,1.341,"1100338",0.8175,0.814,0.014,0,0,0,0.014,873.8288,2.169,1.82949809767417,2.48804387525067,2019-07-10,17550.1291,0.47367,0.32755863868096,33.7673185494344,4.47331758434793
"RO",33,0.270540088670861,48.747,48.856,0.878,"1100338",2.5891,5.3,33.394,3.531,0.127,0,37.052,7768.0886,19.454,1.82949809767417,1.98298151163156,2019-06-13,14022.4573,0.3834,0.32755863868096,33.7673185494344,4.47331758434793
"RO",16,0.0995612483144134,90.42,89.5601,0.232,"1100338",0,0,0,0,0,0,0,1179.6251,2.923,1.82949809767417,2.43389315746188,2019-07-10,16024.7963,0.43426,0.32755863868096,33.7673185494344,4.47331758434793
"RO",7,0.0310585683395538,91.643,61.6907,0.148,"1100338",35.7564,38.93,0,0,0,0.789,0.789,1054.4207,2.578,1.82949809767417,2.40767589585776,2019-07-10,18718.0262,0.50568,0.32755863868096,33.7673185494344,4.47331758434793
"RO",16,0.109667319926611,45.772,36.5821,0.569,"1100338",8.1598,17.787,0,0,0,0,0,961.5328,2.43,1.82949809767417,2.47914786666131,2019-07-10,15737.2302,0.43217,0.32755863868096,33.7673185494344,4.47331758434793
"RO",5,0.0627179953233305,76.694,75.8737,0.086,"1100338",0,0,0,0,0,0,0,1184.8683,2.949,1.82949809767417,2.42472817903784,2019-07-10,16178.6172,0.44175,0.32755863868096,33.7673185494344,4.47331758434793
"RO",40,0.281635596034609,51.431,50.6762,1.026,"1100338",2.9623,5.747,8.799,2.6,0.001,0,11.4,5425.9444,13.513,1.82949809767417,1.90778815407464,2019-06-13,9979.1045,0.27199,0.32755863868096,33.7673185494344,4.47331758434793
"RO",7,0.0667557013432326,50.916,48.0585,0.189,"1100338",20.1267,39.441,2.94,10.539,2.923,1.323,17.725,6801.6681,17.309,1.82949809767417,1.96154375282233,2019-06-13,11666.9358,0.32192,0.32755863868096,33.7673185494344,4.47331758434793
"RO",14,0.170354333125301,52.302,46.7945,0.389,"1100338",13.4523,25.663,5.187,6.401,5.04,0,16.628,5321.4789,13.278,1.82949809767417,1.91489149955007,2019-06-13,9514.1502,0.25925,0.32755863868096,33.7673185494344,4.47331758434793
"RO",13,0.0585316260519135,99.749,81.2245,0.208,"1100338",63.2124,63.23,2.302,20.137,20.15,0.439,43.028,806.8553,1.971,1.82949809767417,2.45277906368804,2019-07-10,20064.4321,0.54172,0.32755863868096,33.7673185494344,4.47331758434793
"RO",33,0.083607325819819,101.638,55.8928,0.768,"1100338",39.8853,39.155,0,0,0,0,0,1210.6728,2.989,1.82949809767417,2.42563629997518,2019-07-10,14289.3249,0.3863,0.32755863868096,33.7673185494344,4.47331758434793
"RO",89,0.2280888305074,202.575,199.7841,0.579,"1100338",3.8801,1.911,0,0,0,0,0,1172.5784,2.811,1.82949809767417,2.39910139597034,2019-07-10,18082.2665,0.47319,0.32755863868096,33.7673185494344,4.47331758434793
"RO",43,0.114873678703565,99.69,84.5287,0.661,"1100338",41.356,41.392,0.532,2.03,20.062,0.431,23.055,989.5141,2.445,1.82949809767417,2.40143588750006,2019-07-10,19271.1416,0.52029,0.32755863868096,33.7673185494344,4.47331758434793
"RO",49,0.187215765194912,93.786,93.5538,0.681,"1100338",0,0,0,0,0,0,0,1011.1365,2.506,1.82949809767417,2.44901230567042,2019-07-10,17103.4049,0.46213,0.32755863868096,33.7673185494344,4.47331758434793
"RO",95,0.207999496088517,196.978,150.027,0.823,"1100338",64.3955,32.619,1.456,5.449,1.378,0.3,8.583,5830.881,13.976,1.82949809767417,1.9348399106758,2019-06-13,10576.7837,0.27655,0.32755863868096,33.7673185494344,4.47331758434793
"RO",28,0.256189087749217,48.616,45.0578,0.808,"1100338",10.0889,20.706,6.08,2.238,10.203,0,18.521,5724.3873,14.409,1.82949809767417,1.9193797795325,2019-06-13,10371.4303,0.28455,0.32755863868096,33.7673185494344,4.47331758434793
"RO",6,0.0416496563917521,46.815,28.468,0.274,"1100338",18.3742,39.161,0,0,0,0,0,818.8836,2.016,1.82949809767417,2.41175966157015,2019-07-10,19193.1401,0.52597,0.32755863868096,33.7673185494344,4.47331758434793
"RO",41,0.134741433031267,98.822,92.9157,0.574,"1100338",6.1549,6.214,0,0,0,0,0,801.1396,1.946,1.82949809767417,2.40722668654382,2019-07-10,19806.6178,0.53492,0.32755863868096,33.7673185494344,4.47331758434793
"RO",23,0.0763984023185697,99.806,81.296,0.368,"1100338",19.701,19.695,0,0,0.531,0,0.531,1126.3985,2.796,1.82949809767417,2.44675654062581,2019-07-10,15049.0118,0.40631,0.32755863868096,33.7673185494344,4.47331758434793
"RO",10,0.264041781233517,25.714,25.7713,0.504,"1100338",0,0,0,0,0,0,0,5746.4536,14.877,1.82949809767417,1.92326484785108,2019-06-13,10326.313,0.29147,0.32755863868096,33.7673185494344,4.47331758434793
"RO",7,0.10561862178479,24.629,24.1878,0.376,"1100338",0.2752,1.115,0,0,0,0,0,680.8258,1.69,1.82949809767417,2.47199255012279,2019-07-10,20080.9868,0.55487,0.32755863868096,33.7673185494344,4.47331758434793
"RO",7,0.11736223954553,48.19,47.7013,0.191,"1100338",1.5917,3.296,0,1.417,1.645,0,3.062,1094.2896,2.723,1.82949809767417,2.42309790373941,2019-07-10,17106.406,0.46879,0.32755863868096,33.7673185494344,4.47331758434793
"RO",6,0.0905007394728159,97.931,51.0431,0.153,"1100338",47.1204,48.008,0,0,0,0,0,894.0596,2.182,1.82949809767417,2.41365467484529,2019-07-10,19329.5427,0.52228,0.32755863868096,33.7673185494344,4.47331758434793
"RO",66,0.156821690396108,101.047,59.431,1.444,"1100338",29.6486,29.276,0,0,0,0,0,924.8215,2.294,1.82949809767417,2.45040165801573,2019-07-10,17466.9883,0.47082,0.32755863868096,33.7673185494344,4.47331758434793
"RO",48,0.153009617101167,72.138,72.299,0.863,"1100338",0,0,0,0,0,0,0,3392.2214,7.981,1.82949809767417,2.18202467797258,2019-07-10,15226.845,0.42597,0.32755863868096,33.7673185494344,4.47331758434793
"RO",7,0.127760738919411,50.165,36.5682,0.249,"1100338",22.7394,45.228,3.402,14.657,2.103,0.174,20.336,6714.4016,16.969,1.82949809767417,1.95818372952586,2019-06-13,11473.6061,0.31447,0.32755863868096,33.7673185494344,4.47331758434793
"RO",29,0.231467089115107,50.779,37.6195,1.002,"1100338",19.86,39.023,11.249,5.268,0.875,0,17.392,7460.3227,18.805,1.82949809767417,1.97375156846494,2019-06-13,12413.4588,0.34077,0.32755863868096,33.7673185494344,4.47331758434793
"RO",34,0.132033020918377,100.496,91.769,0.482,"1100338",10.2066,10.134,0,0,0,0,0,671.7118,1.64,1.82949809767417,2.50281626024604,2019-07-10,20610.7661,0.55533,0.32755863868096,33.7673185494344,4.47331758434793
"RO",9,0.0820512820512821,57.3,56.8244,0.206,"1100338",0.3271,0.57,0,0,0,0,0,1128.1221,2.924,1.82949809767417,2.43043099768096,2019-07-10,15137.5605,0.43007,0.32755863868096,33.7673185494344,4.47331758434793
"RO",8,0.189379854562704,32.854,26.3887,0.394,"1100338",7.0213,21.323,0,0,0,0.21,0.21,1144.8873,2.895,1.82949809767417,2.3952402398191,2019-07-10,17906.8128,0.49452,0.32755863868096,33.7673185494344,4.47331758434793
"RO",57,0.261354864839171,54.061,39.11,1.895,"1100338",23.6844,43.713,2.639,9.799,1.267,0.611,14.316,5175.9388,12.825,1.82949809767417,1.90805213004798,2019-06-13,9434.3108,0.25638,0.32755863868096,33.7673185494344,4.47331758434793
"RO",23,0.234181130981254,98.855,62.1201,0.481,"1100338",42.9791,43.38,0,0,0,0,0,1157.5358,2.867,1.82949809767417,2.39088069684551,2019-07-10,18833.5709,0.50787,0.32755863868096,33.7673185494344,4.47331758434793
"RO",17,0.103891707568773,113.043,43.2463,0.511,"1100338",83.0317,73.289,0,8.353,2.413,0,10.766,1184.8989,2.893,1.82949809767417,2.40151818808547,2019-07-10,17668.5116,0.47281,0.32755863868096,33.7673185494344,4.47331758434793
"RO",27,0.249083941472935,25.115,25.1707,1.394,"1100338",0.0412,0.164,0,0,0,0,0,4459.6735,11.879,1.82949809767417,1.8819582164782,2019-06-13,8883.9017,0.25946,0.32755863868096,33.7673185494344,4.47331758434793
"RO",99,0.224967667870745,92.685,91.599,1.405,"1100338",0.4337,0.467,0,0,0,0,0,1044.7744,2.591,1.82949809767417,2.46185852746079,2019-07-10,16082.0887,0.43488,0.32755863868096,33.7673185494344,4.47331758434793
"RO",17,0.282236067458245,100.265,99.4496,0.222,"1100338",1.7684,1.76,0,0,0.672,0.224,0.896,771.9017,1.881,1.82949809767417,2.46198349096039,2019-07-10,18843.4616,0.50843,0.32755863868096,33.7673185494344,4.47331758434793
"RO",16,0.0753497240912122,179.732,143.5043,0.145,"1100338",47.0827,26.138,0,0.626,4.99,0.663,6.279,1064.3257,2.539,1.82949809767417,2.42442448593546,2019-07-10,19502.7655,0.51349,0.32755863868096,33.7673185494344,4.47331758434793
"RO",49,0.198031519163357,98.096,77.6039,0.821,"1100338",20.0182,20.361,0.54,0,0.72,0.9,2.16,1201.7623,2.965,1.82949809767417,2.41808187121429,2019-07-10,14698.7113,0.39755,0.32755863868096,33.7673185494344,4.47331758434793
"RO",26,0.230419591424696,97.671,85.835,0.394,"1100338",8.7871,8.977,0,0,0,0,0,1177.9694,2.903,1.82949809767417,2.41481239578207,2019-07-10,15124.2807,0.40779,0.32755863868096,33.7673185494344,4.47331758434793
"RO",10,0.25287225769222,46.828,42.5663,0.305,"1100338",9.8274,20.939,13.836,9.134,0.417,0,23.387,7397.6769,18.664,1.82949809767417,1.97485748851587,2019-06-13,12731.8727,0.35069,0.32755863868096,33.7673185494344,4.47331758434793
"RO",7,0.0676001455305595,99.309,99.3329,0.092,"1100338",0,0,0,0,0,0,0,1016.8393,2.518,1.82949809767417,2.45217869717529,2019-07-10,16814.4207,0.45371,0.32755863868096,33.7673185494344,4.47331758434793
"RO",23,0.172558749001864,104.084,104.3174,0.287,"1100338",8.8895,8.522,0,0.041,4.493,0,4.534,3925.108,8.879,1.82949809767417,2.15471072040605,2019-07-10,16781.0337,0.45254,0.32755863868096,33.7673185494344,4.47331758434793
"RO",38,0.175259660282292,99.116,98.4513,0.502,"1100338",0.0033,0.003,0,0,0,0,0,975.4282,2.438,1.82949809767417,2.46335108835563,2019-07-10,16540.5608,0.44674,0.32755863868096,33.7673185494344,4.47331758434793
"RO",46,0.150598070410649,97.993,87.8199,0.681,"1100338",16.9537,17.262,0,0,6.309,0,6.309,725.8011,1.764,1.82949809767417,2.46558712484961,2019-07-10,19432.5875,0.52498,0.32755863868096,33.7673185494344,4.47331758434793
"RO",13,0.262283539269436,44.335,44.2383,0.382,"1100338",0.3606,0.812,0.17,0,0,0,0.17,5781.0945,14.815,1.82949809767417,1.92392360628218,2019-06-13,10377.0118,0.28988,0.32755863868096,33.7673185494344,4.47331758434793
"RO",15,0.0321244556430581,95.045,76.4584,0.255,"1100338",14.9708,15.716,4.451,0,0,0,4.451,1174.6225,2.916,1.82949809767417,2.43711157481476,2019-07-10,15743.5938,0.4258,0.32755863868096,33.7673185494344,4.47331758434793
"RO",23,0.18507370413668,50.897,45.3477,0.659,"1100338",10.3847,20.358,15.427,8.96,0.147,0,24.534,5772.813,14.481,1.82949809767417,1.92212302737844,2019-06-13,10424.8573,0.28494,0.32755863868096,33.7673185494344,4.47331758434793
"RO",11,0.172474487139159,25.67,21.4865,0.666,"1100338",6.337,24.631,6.915,7.967,0,0,14.882,7633.932,19.349,1.82949809767417,1.97920231017474,2019-06-13,12813.1933,0.35494,0.32755863868096,33.7673185494344,4.47331758434793
"RO",42,0.255964364333543,47.172,42.9166,1.272,"1100338",20.0761,42.464,14.621,10.566,8.506,3.517,37.21,5110.8646,12.708,1.82949809767417,1.90616586873468,2019-06-13,9370.7059,0.25573,0.32755863868096,33.7673185494344,4.47331758434793
"RO",8,0.0713321707815353,101.51,70.1911,0.148,"1100338",55.2114,54.269,2.458,0,0,8.457,10.915,3882.5685,8.821,1.82949809767417,2.13130679220451,2019-07-10,15940.6693,0.42651,0.32755863868096,33.7673185494344,4.47331758434793
"RO",7,0.0533951531991554,101.375,77.897,0.117,"1100338",33.2315,32.708,0.523,7.068,1.133,0,8.724,837.5652,2.023,1.82949809767417,2.39183258599533,2019-07-10,19901.6353,0.53722,0.32755863868096,33.7673185494344,4.47331758434793
"RO",35,0.187775818285769,98.761,98.4511,0.462,"1100338",0,0,0,0,0,0,0,1026.4062,2.537,1.82949809767417,2.45540057543457,2019-07-10,16556.4212,0.44692,0.32755863868096,33.7673185494344,4.47331758434793
"RO",14,0.201020952428912,16.887,16.6297,1.094,"1100338",2.0348,12.023,9.644,9.078,2.884,0,21.606,3922.8366,10.758,1.82949809767417,1.89136111532675,2019-06-13,8413.8099,0.24889,0.32755863868096,33.7673185494344,4.47331758434793
"RO",13,0.181175837687145,99.262,86.514,0.195,"1100338",14.6278,14.704,0,0,0,0.062,0.062,852.4433,2.079,1.82949809767417,2.44503511095159,2019-07-10,19222.7778,0.51907,0.32755863868096,33.7673185494344,4.47331758434793
"RO",10,0.0860069523003462,50.925,37.7752,0.344,"1100338",23.2652,45.584,2.448,10.341,4.309,0.607,17.705,6718.8876,17.058,1.82949809767417,1.95905571242443,2019-06-13,11499.458,0.31666,0.32755863868096,33.7673185494344,4.47331758434793
"RO",32,0.19849975987299,78.964,73.7457,0.564,"1100338",15.8834,20.07,4.242,1.79,0.895,0.895,7.822,6254.1,15.762,1.82949809767417,1.95590925895099,2019-06-13,10899.911,0.29672,0.32755863868096,33.7673185494344,4.47331758434793
"RO",10,0.0696636978831835,50.84,35.7027,0.364,"1100338",24.8788,48.826,2.032,9.873,4.27,0.608,16.783,6750.4809,17.056,1.82949809767417,1.95932322884869,2019-06-13,11549.6114,0.31654,0.32755863868096,33.7673185494344,4.47331758434793
"RO",7,0.0176889917987346,105.288,30.2248,0.301,"1100338",71.3966,67.659,11.303,0,0.37,0.028,11.701,1078.0958,2.597,1.82949809767417,2.41276871703627,2019-07-10,15494.8943,0.41636,0.32755863868096,33.7673185494344,4.47331758434793
"RO",48,0.162776188405497,72.15,72.311,0.863,"1100338",0,0,0,0,0,0,0,3425.0944,8.023,1.82949809767417,2.1820518090291,2019-07-10,15356.9991,0.42712,0.32755863868096,33.7673185494344,4.47331758434793
"RO",22,0.20040418728391,78.859,79.0357,0.362,"1100338",0,0,0,0,0,0,0,3152.1542,7.478,1.82949809767417,2.15922550832215,2019-07-10,15240.7962,0.41968,0.32755863868096,33.7673185494344,4.47331758434793
"RO",24,0.180623997951077,99.116,67.0303,0.465,"1100338",33.3219,33.544,3.963,0,1.331,0,5.294,3948.2922,8.995,1.82949809767417,2.14561366316878,2019-07-10,16605.1048,0.44902,0.32755863868096,33.7673185494344,4.47331758434793
"RO",7,0.0268956696984114,99.293,47.8183,0.19,"1100338",56.9598,57.237,16.825,0,3.125,1.182,21.132,1100.3782,2.679,1.82949809767417,2.4167264399909,2019-07-10,14752.9969,0.39776,0.32755863868096,33.7673185494344,4.47331758434793
"RO",9,0.228575025214079,52.198,52.315,0.224,"1100338",0,0,0,0,0,0,0,949.3193,2.391,1.82949809767417,2.48101491243416,2019-07-10,16100.188,0.44069,0.32755863868096,33.7673185494344,4.47331758434793
"RO",8,0.25933493462416,23.035,18.9,0.55,"1100338",6.451,27.942,0,4.931,4.743,0,9.674,5566.4401,14.025,1.82949809767417,1.92813462556757,2019-06-13,10008.949,0.27484,0.32755863868096,33.7673185494344,4.47331758434793
"RO",22,0.156716136440391,98.155,68.968,0.415,"1100338",36.0784,36.674,0.63,0.065,0.64,0.763,2.098,1139.9622,2.817,1.82949809767417,2.39923600996564,2019-07-10,18129.3478,0.48953,0.32755863868096,33.7673185494344,4.47331758434793
"RO",6,0.109981990921759,25.02,24.9598,0.313,"1100338",8.9875,35.84,3.471,26.97,2.044,0.501,32.986,5603.5821,14.22,1.82949809767417,1.94102102358106,2019-06-13,10073.3724,0.27759,0.32755863868096,33.7673185494344,4.47331758434793
"RO",11,0.179536483126411,51.624,43.1814,0.331,"1100338",10.4992,20.292,6.325,0.562,0,0,6.887,5297.8322,13.312,1.82949809767417,1.92228424552056,2019-06-13,9630.9693,0.26241,0.32755863868096,33.7673185494344,4.47331758434793
"RO",9,0.0703159966810732,96.941,80.0808,0.146,"1100338",50.944,52.434,0,11.786,21.703,0,33.489,1130.113,2.786,1.82949809767417,2.4030278377177,2019-07-10,17841.3215,0.48271,0.32755863868096,33.7673185494344,4.47331758434793
"RO",64,0.12065254541591,100.75,49.1305,1.693,"1100338",54.4801,53.954,0,2.608,0,0,2.608,1193.9312,2.928,1.82949809767417,2.43537580964667,2019-07-10,13226.3194,0.35649,0.32755863868096,33.7673185494344,4.47331758434793
"RO",17,0.24776621659506,50.801,46.6192,0.474,"1100338",6.9368,13.624,2.948,0,0,0,2.948,5149.8936,12.94,1.82949809767417,1.91090260860468,2019-06-13,9259.1634,0.25463,0.32755863868096,33.7673185494344,4.47331758434793
"RO",28,0.18174950622512,104.503,100.8556,0.361,"1100338",4.8006,4.583,13.481,0,0,0,13.481,4254.0208,9.59,1.82949809767417,2.14234303832985,2019-07-10,16874.0258,0.4514,0.32755863868096,33.7673185494344,4.47331758434793
"RO",52,0.0994618953702956,182.116,172.6825,0.391,"1100338",40.687,22.291,0,0,7.415,0.631,8.046,3630.1693,8.14,1.82949809767417,2.17857736185141,2019-07-10,16162.1096,0.42817,0.32755863868096,33.7673185494344,4.47331758434793
"RO",13,0.111237243569579,50.268,46.4356,0.364,"1100338",3.364,6.677,1.406,0,0,0,1.406,1107.8693,2.758,1.82949809767417,2.42489902733957,2019-07-10,16855.2186,0.46234,0.32755863868096,33.7673185494344,4.47331758434793
"RO",14,0.128192168053237,49.678,45.7932,0.397,"1100338",8.3985,16.868,22.747,4.387,0,1.485,28.619,5137.4373,12.921,1.82949809767417,1.91803868857776,2019-06-13,9431.831,0.25712,0.32755863868096,33.7673185494344,4.47331758434793
"RO",23,0.109471462150234,106.841,74.2019,0.403,"1100338",41.5705,38.822,4.125,1.621,0.409,0.879,7.034,7749.7044,19.003,1.82949809767417,1.97966081737114,2019-06-13,13959.756,0.3741,0.32755863868096,33.7673185494344,4.47331758434793
"RO",9,0.135622306027694,56.024,54.1479,0.216,"1100338",9.3933,16.729,0.115,2.19,3.609,2.866,8.78,5658.2204,14.16,1.82949809767417,1.91721012789669,2019-06-13,10339.0608,0.28222,0.32755863868096,33.7673185494344,4.47331758434793
"RO",108,0.259599769527717,95.102,66.2586,2.119,"1100338",33.8533,35.517,0,0,0.65,0,0.65,1122.5595,2.745,1.82949809767417,2.38641112389106,2019-07-10,19847.0799,0.5271,0.32755863868096,33.7673185494344,4.47331758434793
"RO",34,0.221380315261169,48.435,46.6864,0.947,"1100338",19.2776,39.712,11.539,8.695,5.996,6.579,32.809,6520.7715,16.528,1.82949809767417,1.95432986748274,2019-06-13,11176.472,0.30665,0.32755863868096,33.7673185494344,4.47331758434793
"RO",25,0.24202284733762,52.798,42.8442,0.759,"1100338",14.1329,26.708,0.778,3.455,0.924,0,5.157,5319.4476,13.252,1.82949809767417,1.90280604961424,2019-06-13,9859.7938,0.26903,0.32755863868096,33.7673185494344,4.47331758434793
"RO",32,0.0702565054332534,101.558,82.6377,0.503,"1100338",44.3575,43.579,18.266,19.635,3.213,0,41.114,1157.5106,2.86,1.82949809767417,2.40483295736749,2019-07-10,16713.1251,0.45079,0.32755863868096,33.7673185494344,4.47331758434793
"RO",20,0.123793012280388,82.218,69.5755,0.374,"1100338",13.8461,16.803,1.075,0,0.047,0.055,1.177,3312.7178,7.828,1.82949809767417,2.18226290484182,2019-07-10,15830.6322,0.43412,0.32755863868096,33.7673185494344,4.47331758434793
"RO",11,0.121207153111895,99.73,59.354,0.241,"1100338",39.5688,39.587,0,0,0,0,0,861.8378,2.132,1.82949809767417,2.45429417983321,2019-07-10,17838.2044,0.48122,0.32755863868096,33.7673185494344,4.47331758434793
"RO",39,0.263543851578825,98.137,96.2146,0.527,"1100338",0.3975,0.404,0,0,0,0,0,1055.5617,2.612,1.82949809767417,2.46518757849589,2019-07-10,15880.8989,0.4287,0.32755863868096,33.7673185494344,4.47331758434793
"RO",5,0.0313589976616652,77.327,54.1463,0.12,"1100338",23.9564,30.911,0,0,0,0,0,3462.478,7.98,1.82949809767417,2.1882156532966,2019-07-10,15847.9759,0.43109,0.32755863868096,33.7673185494344,4.47331758434793
"RO",36,0.234492502062699,96.296,90.9219,0.515,"1100338",5.6468,5.851,0,0,0,0,0,814.2006,1.966,1.82949809767417,2.38872606370133,2019-07-10,20034.7375,0.54164,0.32755863868096,33.7673185494344,4.47331758434793
"RO",20,0.121750739472816,100.068,100.2716,0.259,"1100338",0,0,0,0,0,0,0,925.8086,2.298,1.82949809767417,2.48406972405513,2019-07-10,16923.6921,0.45645,0.32755863868096,33.7673185494344,4.47331758434793
"RO",23,0.216385888412101,100.832,96.6523,0.309,"1100338",13.6586,13.516,8.195,0.222,2.542,0,10.959,5336.8301,13.108,1.82949809767417,1.9121525750491,2019-06-13,9611.6389,0.25829,0.32755863868096,33.7673185494344,4.47331758434793
"RO",11,0.275425336857906,51.042,51.1563,0.28,"1100338",1.2534,2.45,0.392,0.837,1.093,0,2.322,4811.0951,11.992,1.82949809767417,1.8995764534183,2019-06-13,9354.1067,0.25548,0.32755863868096,33.7673185494344,4.47331758434793
"RO",41,0.219564676518879,101.396,63.5329,0.839,"1100338",37.8317,37.227,0.029,0.192,0.227,0,0.448,1175.9854,2.892,1.82949809767417,2.40849741155811,2019-07-10,16507.2081,0.44419,0.32755863868096,33.7673185494344,4.47331758434793
"RO",11,0.119470806044174,97.394,49.2072,0.291,"1100338",42.8008,43.848,0,1.448,0,0,1.448,940.8881,2.294,1.82949809767417,2.41682341253901,2019-07-10,19190.2541,0.51814,0.32755863868096,33.7673185494344,4.47331758434793
"RO",19,0.108953004227952,98.93,65.6619,0.376,"1100338",62.2771,62.81,0.906,26.988,0.295,0,28.189,699.0492,1.722,1.82949809767417,2.48249621512904,2019-07-10,19861.6883,0.5364,0.32755863868096,33.7673185494344,4.47331758434793
"RO",25,0.0753176426720953,100.176,78.0602,0.416,"1100338",22.1003,22.012,0,0,0,0.216,0.216,978.9949,2.425,1.82949809767417,2.44256912205243,2019-07-10,17799.2359,0.47967,0.32755863868096,33.7673185494344,4.47331758434793
"RO",8,0.0972302480389955,98.128,75.0388,0.139,"1100338",49.9708,50.81,1.518,26.06,0.333,0,27.911,734.4534,1.811,1.82949809767417,2.47866569637491,2019-07-10,19082.6708,0.51559,0.32755863868096,33.7673185494344,4.47331758434793
"RO",19,0.0429346956606539,93.041,92.9809,0.266,"1100338",0.0248,0.027,0,0,0,0,0,1042.0253,2.579,1.82949809767417,2.47548119887819,2019-07-10,14681.4804,0.39655,0.32755863868096,33.7673185494344,4.47331758434793
"RO",7,0.0852421294897703,93.273,55.4495,0.164,"1100338",37.0322,39.614,0,0,0,0,0,3523.2529,7.997,1.82949809767417,2.18240908782763,2019-07-10,16066.6505,0.43402,0.32755863868096,33.7673185494344,4.47331758434793
"RO",23,0.179630359897366,50.946,46.7449,0.64,"1100338",9.082,17.787,15.511,8.667,0,0.192,24.37,5772.2605,14.512,1.82949809767417,1.92217507063462,2019-06-13,10409.9013,0.28515,0.32755863868096,33.7673185494344,4.47331758434793
"RO",23,0.211386379130016,40.177,40.2672,0.743,"1100338",1.1501,2.856,15.284,2.856,0,0,18.14,5726.4574,14.71,1.82949809767417,1.92129771350769,2019-06-13,10333.6236,0.28937,0.32755863868096,33.7673185494344,4.47331758434793
"RO",18,0.14189504271968,98.953,81.1247,0.288,"1100338",34.1077,34.392,2.68,13.973,1.865,0,18.518,3934.1452,8.932,1.82949809767417,2.1498694946776,2019-07-10,16732.31,0.45183,0.32755863868096,33.7673185494344,4.47331758434793
"RO",14,0.103837945869527,93.147,83.4491,0.218,"1100338",13.0157,13.942,0,0.569,3.257,0.65,4.476,1020.3889,2.487,1.82949809767417,2.42294373534061,2019-07-10,18939.216,0.5116,0.32755863868096,33.7673185494344,4.47331758434793
"RO",20,0.0584282137158987,99.622,51.1279,0.509,"1100338",47.2693,47.343,0,0,0,0,0,984.5111,2.438,1.82949809767417,2.47632704373662,2019-07-10,15725.637,0.42402,0.32755863868096,33.7673185494344,4.47331758434793
"RO",23,0.241500409866987,99.298,96.5265,0.31,"1100338",0.9591,0.964,0,0,0,0,0,948.2978,2.362,1.82949809767417,2.4672020602,2019-07-10,17153.2542,0.46278,0.32755863868096,33.7673185494344,4.47331758434793
"RO",32,0.190029257513865,96.653,96.164,0.433,"1100338",0.6026,0.622,0,0,0,0,0,649.3394,1.574,1.82949809767417,2.47713937012749,2019-07-10,21666.6749,0.58532,0.32755863868096,33.7673185494344,4.47331758434793
"RO",17,0.235594522331804,48.129,43.7939,0.505,"1100338",8.5982,17.825,5.918,2.005,3.961,0,11.884,7569.3578,19.078,1.82949809767417,1.97564778570689,2019-06-13,12586.45,0.34578,0.32755863868096,33.7673185494344,4.47331758434793
"RO",20,0.0508709572159588,90.419,49.5273,0.525,"1100338",40.6863,44.897,0,0,0,0,0,814.4554,1.981,1.82949809767417,2.410389177214,2019-07-10,19484.0721,0.52732,0.32755863868096,33.7673185494344,4.47331758434793
"RO",92,0.199198612871288,100.799,64.2193,1.862,"1100338",39.9122,39.507,0,0,0.613,0,0.613,1107.7292,2.759,1.82949809767417,2.38425854819934,2019-07-10,19933.9824,0.53764,0.32755863868096,33.7673185494344,4.47331758434793
"RO",11,0.162959818193704,98.985,97.117,0.147,"1100338",1.7066,1.72,0,0,0,0.088,0.088,699.9062,1.695,1.82949809767417,2.46961826893895,2019-07-10,20172.1473,0.5442,0.32755863868096,33.7673185494344,4.47331758434793
"RO",85,0.239877824812228,179.745,167.6664,0.659,"1100338",9.4033,5.22,0.812,0.067,0,0,0.879,6307.4818,15.416,1.82949809767417,1.94398007028034,2019-06-13,10986.1353,0.29068,0.32755863868096,33.7673185494344,4.47331758434793
"RO",22,0.193481234953528,53.146,48.5474,0.589,"1100338",6.6766,12.535,15.584,1.591,0.683,0,17.858,4942.9986,12.24,1.82949809767417,1.89095983703386,2019-06-13,9754.8323,0.26508,0.32755863868096,33.7673185494344,4.47331758434793
"RO",32,0.258203001031542,72.21,61.8718,0.672,"1100338",17.4217,24.072,7.75,6.863,1.59,0.082,16.285,6184.0067,15.408,1.82949809767417,1.95029401064377,2019-06-13,10969.0383,0.29809,0.32755863868096,33.7673185494344,4.47331758434793
"RO",6,0.0797876880456991,134.196,127.5406,0.061,"1100338",57.2401,42.559,1.186,0.395,0.962,16.352,18.895,4390.7823,9.868,1.82949809767417,2.13365762579049,2019-07-10,16922.9396,0.45003,0.32755863868096,33.7673185494344,4.47331758434793
"RO",48,0.0971018502579596,295.587,206.4246,0.302,"1100338",154.8745,52.279,0.951,20.335,0.209,0,21.495,737.7798,1.716,1.82949809767417,2.48247589770508,2019-07-10,21228.1339,0.54111,0.32755863868096,33.7673185494344,4.47331758434793
"RO",12,0.0585310355637864,99.061,42.7818,0.365,"1100338",55.8274,56.231,0,0,0,0,0,1061.5611,2.618,1.82949809767417,2.47193936877505,2019-07-10,15186.6473,0.4096,0.32755863868096,33.7673185494344,4.47331758434793
"RO",68,0.122854134715362,300.832,279.6207,0.316,"1100338",30.201,10.017,0,0,0.206,0.409,0.615,1144.9088,2.658,1.82949809767417,2.38998168576379,2019-07-10,20441.0261,0.51949,0.32755863868096,33.7673185494344,4.47331758434793
"RO",9,0.0917433403575749,98.378,62.1721,0.188,"1100338",32.6368,33.101,0,0,0,0,0,1221.4317,3.006,1.82949809767417,2.42242171914461,2019-07-10,14401.0776,0.3886,0.32755863868096,33.7673185494344,4.47331758434793
"RO",56,0.172513769160724,98.873,87.469,0.832,"1100338",14.7099,14.844,0,0,0,0,0,874.4794,2.135,1.82949809767417,2.44151522150285,2019-07-10,18801.4892,0.50755,0.32755863868096,33.7673185494344,4.47331758434793
"RO",65,0.194052245527015,93.738,66.4616,1.271,"1100338",39.9533,42.527,0,14.964,0,0,14.964,977.9635,2.372,1.82949809767417,2.41996221448866,2019-07-10,19069.6817,0.51511,0.32755863868096,33.7673185494344,4.47331758434793
"RO",16,0.215440093322376,48.355,47.944,0.434,"1100338",7.012,14.469,7.446,5.699,6.812,0,19.957,5734.1334,14.566,1.82949809767417,1.93831023811953,2019-06-13,10244.0201,0.28244,0.32755863868096,33.7673185494344,4.47331758434793
"RO",11,0.162959818193704,99.379,97.5607,0.147,"1100338",1.5747,1.581,0,0,0,0.071,0.071,699.3907,1.694,1.82949809767417,2.46961610649247,2019-07-10,20179.5802,0.54438,0.32755863868096,33.7673185494344,4.47331758434793
"RO",20,0.221533838630075,50.895,44.2624,0.587,"1100338",14.7418,28.9,3.258,11.254,0,0,14.512,7123.9416,17.808,1.82949809767417,1.96603243482626,2019-06-13,12204.2354,0.33086,0.32755863868096,33.7673185494344,4.47331758434793
"RO",48,0.121824063351587,96.915,75.0687,0.831,"1100338",31.2024,32.124,0,0,0,0,0,700.332,1.705,1.82949809767417,2.44814304060638,2019-07-10,21387.0376,0.57822,0.32755863868096,33.7673185494344,4.47331758434793
"RO",33,0.182372090956485,98.21,86.7246,0.495,"1100338",29.2027,29.669,0,0,5.036,4.9,9.936,837.1909,2.042,1.82949809767417,2.44875886295279,2019-07-10,19627.569,0.52976,0.32755863868096,33.7673185494344,4.47331758434793
"RO",45,0.135014495485885,97.992,87.4105,0.669,"1100338",17.0564,17.367,0,0,6.16,0,6.16,724.2045,1.758,1.82949809767417,2.46576658773036,2019-07-10,19471.7699,0.52558,0.32755863868096,33.7673185494344,4.47331758434793
"RO",5,0.0409491412240202,99.414,78.4427,0.083,"1100338",17.2353,17.298,0.591,0,0,0.072,0.663,1043.1943,2.579,1.82949809767417,2.4326077479398,2019-07-10,18368.0925,0.49558,0.32755863868096,33.7673185494344,4.47331758434793
"RO",76,0.13925833801704,101.186,40.4301,2.444,"1100338",57.5821,56.78,0,0,0,0,0,5875.972,14.498,1.82949809767417,1.92839207682021,2019-06-13,10500.1049,0.28215,0.32755863868096,33.7673185494344,4.47331758434793
"RO",59,0.154271220324275,261.798,223.852,0.343,"1100338",36.6814,13.98,0,0,0,0,0,4208.8891,9.202,1.82949809767417,2.11607837745499,2019-07-10,17021.6759,0.43861,0.32755863868096,33.7673185494344,4.47331758434793
"RO",34,0.158552850841478,99.518,79.0242,0.559,"1100338",45.2873,45.405,0,0,0,0,0,1139.0583,2.834,1.82949809767417,2.38788575124984,2019-07-10,19185.5669,0.51794,0.32755863868096,33.7673185494344,4.47331758434793
"RO",11,0.131440694346783,82.773,82.9586,0.172,"1100338",0.0022,0.003,0,0,0,0,0,3104.4678,7.327,1.82949809767417,2.16360115208877,2019-07-10,15202.4169,0.41732,0.32755863868096,33.7673185494344,4.47331758434793
"RO",82,0.176237490374183,95.456,87.3802,1.22,"1100338",8.7804,9.178,0,0,0,0,0,1108.5049,2.717,1.82949809767417,2.41739891577548,2019-07-10,18015.4279,0.48683,0.32755863868096,33.7673185494344,4.47331758434793
"RO",5,0.172381105901242,27.378,19.8073,0.328,"1100338",4.0626,14.806,0,0,0,0.076,0.076,6336.848,16.736,1.82949809767417,1.96254902444811,2019-06-13,10829.4195,0.31231,0.32755863868096,33.7673185494344,4.47331758434793
"RO",17,0.129992149888972,51.274,50.9489,0.434,"1100346",0.3088,0.601,0,0,0,0,0,315.4808,0.811,1.69045178232587,0.520466214822015,2018-07-16,5764.3663,0.15683,0.36483706669374,35.1028616316364,7.2387361765806
"RO",7,0.05,10.767,10.63,0.856,"1100346",0,0,0,0,0,0,0,309.4982,0.875,1.69045178232587,0.51911960423088,2018-07-16,5600.4573,0.168,0.36483706669374,35.1028616316364,7.2387361765806
"RO",33,0.0982163535864717,50.119,21.4314,2.002,"1100346",28.7494,57.234,0,0,0,0,0,187.3705,0.474,1.69045178232587,0.564685097483223,2018-07-16,5842.5462,0.15997,0.36483706669374,35.1028616316364,7.2387361765806
"RO",18,0.10956698608721,49.412,20.6327,1.134,"1100346",28.9286,58.415,0,0,0,0,0,191.1845,0.485,1.69045178232587,0.562182716378148,2018-07-16,5898.3371,0.16142,0.36483706669374,35.1028616316364,7.2387361765806
"RO",46,0.134164572973384,53.116,52.562,1.138,"1100346",0,0,0,0,0,0,0,205.1567,0.532,1.69045178232587,0.58468006797014,2018-07-16,5716.09,0.15664,0.36483706669374,35.1028616316364,7.2387361765806
"RO",8,0.0888888888888889,12.202,11.6006,0.897,"1100346",0,0,0,0,0,0,0,203.5162,0.571,1.69045178232587,0.578058138191583,2018-07-16,5231.6668,0.15637,0.36483706669374,35.1028616316364,7.2387361765806
"RO",14,0.20697965278599,37.166,35.6756,0.51,"1100346",0,0,0,0,0,0,0,190.3077,0.504,1.69045178232587,0.581743076310246,2018-07-16,5513.9011,0.15494,0.36483706669374,35.1028616316364,7.2387361765806
"RO",10,0.126940767395315,22.32,14.819,0.877,"1100346",0,0,0,0,0,0,0,682.4718,1.72,1.69045178232587,0.547791937463283,2019-06-25,6059.5133,0.1673,0.36483706669374,35.1028616316364,7.2387361765806
"RO",74,0.155466631568912,100.476,49.8685,1.929,"1100346",47.8015,47.469,0,0,0,0,0,208.2193,0.523,1.69045178232587,0.55841340779136,2018-07-16,6135.0872,0.16533,0.36483706669374,35.1028616316364,7.2387361765806
"RO",24,0.123154793406472,48.856,43.2959,0.721,"1100346",4.237,8.653,0,0,0,0,0,315.2878,0.817,1.69045178232587,0.525720623159023,2018-07-16,5842.146,0.1599,0.36483706669374,35.1028616316364,7.2387361765806
"RO",22,0.116073645463909,45.564,45.6656,0.626,"1100346",0,0,0,0,0,0,0,314.3441,0.811,1.69045178232587,0.521902045485022,2018-07-16,5774.4159,0.15802,0.36483706669374,35.1028616316364,7.2387361765806
"RO",43,0.044086270388938,173.008,110.9427,0.504,"1100346",55.0041,31.722,0,0,0,0,0,320.9243,0.797,1.69045178232587,0.517081165648786,2018-07-16,5870.221,0.15438,0.36483706669374,35.1028616316364,7.2387361765806
"RO",49,0.194244081041387,25.393,24.386,2.612,"1100346",0,0,0,0,0,0,0,705.0578,1.777,1.69045178232587,0.545461062347099,2019-06-25,6129.0889,0.16894,0.36483706669374,35.1028616316364,7.2387361765806
"RO",7,0.0859931965704424,24.313,24.0051,0.379,"1100346",0,0,0,0,0,0,0,314.1904,0.818,1.69045178232587,0.524562093579937,2018-07-16,5802.3326,0.16001,0.36483706669374,35.1028616316364,7.2387361765806
"RO",7,0.0934653196881458,25.414,20.252,0.449,"1100346",3.7961,14.904,0,0,0,0,0,313.9826,0.82,1.69045178232587,0.525378669632666,2018-07-16,5815.8254,0.16051,0.36483706669374,35.1028616316364,7.2387361765806
"RO",23,0.133007960904254,17.021,16.984,1.76,"1100346",0,0,0,0,0,0,0,190.0848,0.51,1.69045178232587,0.577071318049802,2018-07-16,5517.1061,0.15641,0.36483706669374,35.1028616316364,7.2387361765806
"RO",7,0.114607733962046,27.832,27.8944,0.326,"1100346",0,0,0,0,0,0,0,186.9109,0.494,1.69045178232587,0.579483235194518,2018-07-16,5546.1955,0.15562,0.36483706669374,35.1028616316364,7.2387361765806
"RO",11,0.0586317249343925,44.805,42.5395,0.336,"1100346",1.8145,4.041,0,0,0,0,0,195.0002,0.493,1.69045178232587,0.572365764516523,2018-07-16,5776.1902,0.15828,0.36483706669374,35.1028616316364,7.2387361765806
"RO",8,0.1,12.154,11.5635,0.899,"1100346",0,0,0,0,0,0,0,205.4153,0.576,1.69045178232587,0.578372399714222,2018-07-16,5244.2203,0.15665,0.36483706669374,35.1028616316364,7.2387361765806
"RO",9,0.043409656027153,64.11,51.2359,0.228,"1100346",7.4585,11.608,0,0,0.788,0,0.788,708.1542,1.804,1.69045178232587,0.527898021226092,2019-06-25,7221.9767,0.19701,0.36483706669374,35.1028616316364,7.2387361765806
"RO",19,0.15162834477548,91.789,45.7313,0.54,"1100346",45.7069,49.684,0,0,0,0,0,188.8277,0.469,1.69045178232587,0.568446013459444,2018-07-16,5914.2492,0.15987,0.36483706669374,35.1028616316364,7.2387361765806
"RO",65,0.22028938837687,74.148,73.2986,1.153,"1100346",0.3836,0.516,0,0,0,0,0,226.302,0.571,1.69045178232587,0.566206288280422,2018-07-16,5931.7545,0.16153,0.36483706669374,35.1028616316364,7.2387361765806
"RO",42,0.284591099304254,48.35,47.0845,1.16,"1100346",1.2521,2.584,0,0,0,0,0,228.7806,0.583,1.69045178232587,0.565526055676418,2018-07-16,5749.9368,0.15797,0.36483706669374,35.1028616316364,7.2387361765806
"RO",10,0.219089023002066,6.029,6.0425,2.151,"1100346",0,0,0,0,0,0,0,194.5587,0.54,1.69045178232587,0.572194411863761,2018-07-16,5049.4178,0.15189,0.36483706669374,35.1028616316364,7.2387361765806
"RO",39,0.173626744184752,62.68,60.0102,0.845,"1100346",0,0,0,0,0,0,0,223.3457,0.557,1.69045178232587,0.58299951588558,2018-07-16,6028.2641,0.1622,0.36483706669374,35.1028616316364,7.2387361765806
"RO",14,0.0508652442213796,105.632,62.2624,0.292,"1100809",70.7641,66.842,0,5.271,21.874,0.22,27.365,1846.9849,4.473,1.2297251695635,0.436458104033745,2019-07-13,17634.3884,0.46911,0.462499269821348,34.5869592458301,5.74667717144749
"RO",87,0.11411018673204,243.69,135.1598,0.837,"1100809",98.8395,40.469,0,0,0,0,0,1078.8661,2.502,1.2297251695635,0.479776260436633,2019-07-13,15720.8881,0.40864,0.462499269821348,34.5869592458301,5.74667717144749
"RO",273,0.167108062675808,535.768,307.8576,1.153,"1100809",217.9423,40.588,0,0,0,0,0,3154.2574,6.387,1.2297251695635,0.454062601714819,2019-07-13,21175.1985,0.4743,0.462499269821348,34.5869592458301,5.74667717144749
"RO",11,0.0969156378931491,56.007,50.9371,0.281,"1100809",3.4852,6.209,0.01,0,0,0,0.01,597.7779,1.386,1.2297251695635,0.494004628122786,2019-07-13,12311.3699,0.33239,0.462499269821348,34.5869592458301,5.74667717144749
"RO",68,0.0898137630774291,172.132,104.5221,0.846,"1100809",61.3111,35.539,0.023,0.069,0,0,0.092,2868.9447,6.323,1.2297251695635,0.418960953871009,2019-07-13,19358.5644,0.47257,0.462499269821348,34.5869592458301,5.74667717144749
"RO",44,0.148591390507057,126.541,120.9564,0.473,"1100809",4.5343,3.575,0,0,0,0,0,1652.7699,4.086,1.2297251695635,0.463493491683232,2019-07-13,16553.4257,0.45074,0.462499269821348,34.5869592458301,5.74667717144749
"RO",6,0.062588812909505,40.531,17.8361,0.437,"1100809",23.3276,57.427,3.064,1.198,0,0,4.262,2165.216,5.632,1.2297251695635,0.403252476100567,2019-07-13,16560.7726,0.47823,0.462499269821348,34.5869592458301,5.74667717144749
"RO",107,0.273398637281267,215.491,215.7905,0.645,"1100809",12.9586,6,0,0.37,3.343,1.131,4.844,827.8327,1.864,1.2297251695635,0.523898150110318,2019-07-13,14603.7804,0.3811,0.462499269821348,34.5869592458301,5.74667717144749
"RO",86,0.0800952998093246,194.028,158.9139,0.704,"1100809",33.9301,17.448,0,0,0,0,0,662.3482,1.443,1.2297251695635,0.504578191898868,2019-07-13,12415.6339,0.31958,0.462499269821348,34.5869592458301,5.74667717144749
"RO",13,0.0716860760432099,113.35,88.3173,0.191,"1100809",24.8863,21.906,0,0,0,0,0,1337.2262,3.147,1.2297251695635,0.476317780640736,2019-07-13,16406.4011,0.42791,0.462499269821348,34.5869592458301,5.74667717144749
"RO",6,0.0467723102877511,130.71,60.4212,0.129,"1100809",75.1414,57.359,5.498,0.995,1.612,0.584,8.689,2077.2568,4.987,1.2297251695635,0.430837745302577,2019-07-13,17754.308,0.46966,0.462499269821348,34.5869592458301,5.74667717144749
"RO",15,0.219852452159285,43.376,42.3773,0.46,"1100809",0.5628,1.295,0,0,0,0,0,1785.643,4.605,1.2297251695635,0.459634849897431,2019-07-13,16417.1509,0.46322,0.462499269821348,34.5869592458301,5.74667717144749
"RO",91,0.178884700415963,124.467,117.5392,1.006,"1100809",2.5648,2.056,0,0,0,0,0,691.5386,1.581,1.2297251695635,0.497508347174572,2019-07-13,14313.2638,0.38559,0.462499269821348,34.5869592458301,5.74667717144749
"RO",37,0.186017344265203,124.738,61.7118,0.779,"1100809",62.229,49.776,0,0,0,0,0,2241.0611,5.347,1.2297251695635,0.426313667314005,2019-07-13,17889.7092,0.4705,0.462499269821348,34.5869592458301,5.74667717144749
"RO",177,0.0980379968401823,421.629,186.07,1.237,"1100809",233.1278,55.169,2.209,0,0.189,0,2.398,1050.9538,2.322,1.2297251695635,0.463737194173701,2019-07-13,16769.9783,0.40954,0.462499269821348,34.5869592458301,5.74667717144749
"RO",91,0.114011340715008,239.247,154.2251,0.767,"1100809",82.584,34.441,0,0.222,0,0,0.222,831.2482,1.892,1.2297251695635,0.473959451539652,2019-07-13,15448.061,0.3931,0.462499269821348,34.5869592458301,5.74667717144749
"RO",102,0.151702773770978,116.589,83.1702,1.594,"1100809",65.7905,56.303,0.457,15.956,6.385,1.103,23.901,1763.4735,4.263,1.2297251695635,0.440239145819669,2019-07-13,17661.0506,0.46869,0.462499269821348,34.5869592458301,5.74667717144749
"RO",29,0.0628562573347895,226.443,146.8458,0.257,"1100809",61.3887,27.049,0,0,0,0.176,0.176,742.2532,1.634,1.2297251695635,0.504756414790965,2019-07-13,14030.1664,0.36603,0.462499269821348,34.5869592458301,5.74667717144749
"RO",5,0.107015994438555,58.187,55.1491,0.118,"1100809",15.2709,26.186,0,0,0,0.808,0.808,622.2558,1.428,1.2297251695635,0.499524687900751,2019-07-13,11990.7365,0.32493,0.462499269821348,34.5869592458301,5.74667717144749
"RO",166,0.188976844759753,289.213,207.1839,1.042,"1100809",66.0779,22.796,0,0,0,0,0,1305.4502,2.985,1.2297251695635,0.492870063805184,2019-07-13,16184.9894,0.412,0.462499269821348,34.5869592458301,5.74667717144749
"RO",57,0.137232744544861,56.907,35.6413,2.079,"1100809",21.2883,37.326,0,0,0,0,0,2515.4049,6.095,1.2297251695635,0.414362611203607,2019-07-13,17638.6589,0.47136,0.462499269821348,34.5869592458301,5.74667717144749
"RO",138,0.227369321443458,236.24,177.2781,1.012,"1100809",56.5088,23.867,0,0,0,0.169,0.169,2755.6773,6.487,1.2297251695635,0.434969587871587,2019-07-13,17916.5175,0.46592,0.462499269821348,34.5869592458301,5.74667717144749
"RO",27,0.123067614880858,80.608,67.7491,0.518,"1100809",11.442,14.163,0,0,0,0,0,907.1551,2.21,1.2297251695635,0.488111251289967,2019-07-13,14763.4222,0.40682,0.462499269821348,34.5869592458301,5.74667717144749
"RO",8,0.0531282357347245,106.904,35.0943,0.296,"1100809",78.1386,72.929,0.226,4.111,1.079,0,5.416,1641.4502,3.948,1.2297251695635,0.443180890940204,2019-07-13,17638.3923,0.46536,0.462499269821348,34.5869592458301,5.74667717144749
"RO",9,0.0846266791626807,57.298,32.7926,0.357,"1100809",18.5631,32.325,0,0,0,0,0,2787.7838,6.993,1.2297251695635,0.426311095566513,2019-07-13,17054.4769,0.47372,0.462499269821348,34.5869592458301,5.74667717144749
"RO",6,0.0696636978831836,54.471,51.8489,0.15,"1100809",2.9265,5.361,0.765,0.134,1.14,0.742,2.781,618.28,1.422,1.2297251695635,0.497588915752595,2019-07-13,12113.0887,0.32692,0.462499269821348,34.5869592458301,5.74667717144749
"RO",21,0.191446812201971,42.243,31.3369,0.871,"1100809",9.6196,22.721,0,0,0,0,0,801.2097,1.949,1.2297251695635,0.490645432203283,2019-07-13,14516.1719,0.40401,0.462499269821348,34.5869592458301,5.74667717144749
"RO",44,0.148591390507057,126.518,120.9333,0.473,"1100809",4.5343,3.576,0,0,0,0,0,1652.7699,4.086,1.2297251695635,0.463492940861147,2019-07-13,16553.4253,0.45074,0.462499269821348,34.5869592458301,5.74667717144749
"RO",42,0.226136488417348,24.306,24.0528,2.27,"1100924",0.2416,0.992,0,0,0,0,0,463.5656,1.176,1.34185622275897,0.252262611260879,2020-07-19,7115.284,0.19603,0.321916162967682,32.7734565939316,3.2139438779899
"RO",45,0.0743006705945749,120.424,117.3542,0.498,"1100924",48.7299,40.375,4.887,10.283,7.116,7.482,29.768,1151.5688,2.662,1.34185622275897,0.424872366457399,2019-08-22,20444.2423,0.53656,0.321916162967682,32.7734565939316,3.2139438779899
"RO",21,0.136478485687819,55.199,39.6083,0.689,"1100924",19.8215,35.829,0,2.028,4.293,0,6.321,841.0359,1.975,1.34185622275897,0.438350618479366,2019-08-22,19492.9179,0.5326,0.321916162967682,32.7734565939316,3.2139438779899
"RO",12,0.236168415523654,38.712,38.064,0.41,"1100924",0,0,0,0,0,0,0,462.3566,1.21,1.34185622275897,0.264165740309738,2020-07-19,6493.5817,0.18244,0.321916162967682,32.7734565939316,3.2139438779899
"RO",50,0.123898656592669,50.178,48.4055,1.343,"1100924",1.814,3.607,0,0,0,0,0,751.6195,1.744,1.34185622275897,0.439395086084192,2019-08-22,19643.012,0.53404,0.321916162967682,32.7734565939316,3.2139438779899
"RO",31,0.210103467001061,49.138,43.3709,0.929,"1100924",5.3719,10.908,0,0,0,0,0,570.7681,1.445,1.34185622275897,0.263785466807931,2020-07-19,7716.5456,0.2115,0.321916162967682,32.7734565939316,3.2139438779899
"RO",35,0.0675314307229441,68.15,33.5009,1.358,"1100924",45.8559,67.137,1.417,18.155,0,0,19.572,779.3331,1.695,1.34185622275897,0.413707461872933,2019-08-22,18184.7924,0.47552,0.321916162967682,32.7734565939316,3.2139438779899
"RO",6,0.0163299316185545,50.181,34.9984,0.223,"1100924",14.0639,27.964,0,0,0,0,0,452.9376,1.136,1.34185622275897,0.268283971421407,2020-07-19,6724.8321,0.18397,0.321916162967682,32.7734565939316,3.2139438779899
"RO",36,0.116927581598447,63.305,60.9894,0.767,"1100924",2.4287,3.828,0,0,0.831,0,0.831,452.5534,1.144,1.34185622275897,0.265128612616543,2020-07-19,6983.5559,0.19012,0.321916162967682,32.7734565939316,3.2139438779899
"RO",51,0.113072978126955,46.341,41.3022,1.605,"1100924",9.0775,19.545,0,1.135,3.603,1.432,6.17,583.7748,1.461,1.34185622275897,0.293476023311436,2020-07-19,7414.092,0.20298,0.321916162967682,32.7734565939316,3.2139438779899
"RO",15,0.105338640602836,55.848,54.2965,0.359,"1100924",1.4123,2.523,18.563,0,0,0,18.563,1151.1617,2.622,1.34185622275897,0.401208458544638,2019-08-22,18243.9661,0.48337,0.321916162967682,32.7734565939316,3.2139438779899
"RO",17,0.072659863237109,91.552,82.5655,0.268,"1100924",7.3101,7.967,2.987,0,0,0,2.987,586.5702,1.45,1.34185622275897,0.29897443107584,2020-07-19,7759.405,0.20978,0.321916162967682,32.7734565939316,3.2139438779899
"RO",17,0.186453641977273,51.127,45.0906,0.49,"1100924",3.0763,6.003,0,0,0,0,0,475.6968,1.205,1.34185622275897,0.259256614123403,2020-07-19,7053.9893,0.19285,0.321916162967682,32.7734565939316,3.2139438779899
"RO",9,0.163299316185545,7.231,7.2472,1.614,"1100924",0.1882,2.597,0,0.823,0,0,0.823,640.7831,1.791,1.34185622275897,0.280788297420439,2020-07-19,6554.8964,0.19845,0.321916162967682,32.7734565939316,3.2139438779899
"RO",27,0.210639452948436,49.704,38.7059,0.907,"1100924",9.3385,18.746,0,0,0,0,0,561.4884,1.424,1.34185622275897,0.271542448663993,2020-07-19,7289.1811,0.19977,0.321916162967682,32.7734565939316,3.2139438779899
"RO",39,0.0528093108923949,206.244,138.0016,0.367,"1100924",69.9141,33.823,0,1.319,0,0,1.319,1020.6411,2.332,1.34185622275897,0.43516471895599,2019-08-22,20441.811,0.53447,0.321916162967682,32.7734565939316,3.2139438779899
"RO",107,0.0682559541581344,192.679,130.276,1.068,"1100924",66.4924,34.432,0,0,0,0.45,0.45,1152.3098,2.556,1.34185622275897,0.425383740381732,2019-08-22,20657.757,0.52234,0.321916162967682,32.7734565939316,3.2139438779899
"RO",117,0.177551596689437,57.204,53.5628,2.84,"1100924",3.9895,6.959,0,0,0,0,0,713.3392,1.64,1.34185622275897,0.440380161142772,2019-08-22,19736.8543,0.5359,0.321916162967682,32.7734565939316,3.2139438779899
"RO",56,0.184938397257374,51.871,50.4823,1.442,"1100924",1.5033,2.892,0,0,0,0,0,464.5725,1.179,1.34185622275897,0.24671132685584,2020-07-19,7608.938,0.20804,0.321916162967682,32.7734565939316,3.2139438779899
"RO",25,0.147226022386341,50.18,49.8203,0.652,"1100924",0,0,0,0,0,0,0,472.4648,1.199,1.34185622275897,0.260698319026037,2020-07-19,7028.0435,0.19231,0.321916162967682,32.7734565939316,3.2139438779899
"RO",14,0.268728739282632,37.637,37.7205,0.482,"1100924",0,0,0,0,0,0,0,627.1337,1.649,1.34185622275897,0.267188837854323,2020-07-19,7384.7499,0.20887,0.321916162967682,32.7734565939316,3.2139438779899
"RO",22,0.0881649658092773,98.699,72.9675,0.392,"1100924",21.2317,21.463,0,0,0,0,0,566.311,1.416,1.34185622275897,0.269478293345099,2020-07-19,7503.401,0.20271,0.321916162967682,32.7734565939316,3.2139438779899
"RO",11,0.122533019708845,60.127,52.9182,0.27,"1100924",5.917,9.819,0,0,0,0.51,0.51,466.3817,1.168,1.34185622275897,0.254040930808816,2020-07-19,7179.6391,0.19464,0.321916162967682,32.7734565939316,3.2139438779899
"RO",60,0.162901323164187,56.087,40.4583,1.928,"1100924",16.89,30.047,0,2.029,0,0,2.029,874.0682,2.053,1.34185622275897,0.4373847311094,2019-08-22,19450.2909,0.53069,0.321916162967682,32.7734565939316,3.2139438779899
"RO",16,0.188422287906398,25.094,25.1503,0.827,"1100924",0,0,0,0,0,0,0,478.1545,1.277,1.34185622275897,0.27744603930127,2020-07-19,5932.6453,0.17173,0.321916162967682,32.7734565939316,3.2139438779899
"RO",15,0.0498887651569859,22.062,21.221,0.919,"1100924",1.267,5.73,0,0,0,0,0,440.253,1.151,1.34185622275897,0.280945165506533,2020-07-19,5748.371,0.16348,0.321916162967682,32.7734565939316,3.2139438779899
"RO",69,0.254607647530381,48.931,47.2182,1.9,"1100924",5.5066,11.229,0,0,5.63,0.97,6.6,592.0267,1.483,1.34185622275897,0.295648947928581,2020-07-19,7534.7326,0.20618,0.321916162967682,32.7734565939316,3.2139438779899
"RO",9,0.250119409872421,25.326,25.383,0.461,"1100924",0,0,0,0,0,0,0,642.5195,1.71,1.34185622275897,0.270833861001951,2020-07-19,7081.0495,0.20423,0.321916162967682,32.7734565939316,3.2139438779899
"RO",17,0.19711369958761,12.867,11.8888,1.859,"1100924",0,0,0,0,0,0,0,457.1048,1.238,1.34185622275897,0.260106707852301,2020-07-19,6027.0198,0.17597,0.321916162967682,32.7734565939316,3.2139438779899
"RO",75,0.0780135844489147,192.248,132.2925,0.737,"1100924",68.6664,35.638,0,1.284,0,0,1.284,874.2165,1.884,1.34185622275897,0.412746190255376,2019-08-22,18682.3067,0.4738,0.321916162967682,32.7734565939316,3.2139438779899
"RO",91,0.105916291477671,197.523,179.8757,0.658,"1100924",11.9426,6.033,0,0,0,0,0,716.5959,1.562,1.34185622275897,0.42650828609756,2019-08-22,18483.5985,0.47024,0.321916162967682,32.7734565939316,3.2139438779899
"RO",21,0.132085975108143,52.954,39.7869,0.686,"1100924",15.0629,28.382,0,0.061,2.902,0,2.963,623.8168,1.573,1.34185622275897,0.286036631883565,2020-07-19,7226.2779,0.19591,0.321916162967682,32.7734565939316,3.2139438779899
"RO",10,0.139022640363716,50.532,49.9442,0.26,"1100924",0.87,1.718,0,0.321,0.001,0,0.322,652.0981,1.646,1.34185622275897,0.28202010460431,2020-07-19,7339.001,0.20049,0.321916162967682,32.7734565939316,3.2139438779899
"RO",16,0.20353498162737,23.271,23.3228,0.892,"1100924",0,0,0,0,0,0,0,465.6223,1.254,1.34185622275897,0.277207437678509,2020-07-19,5852.2459,0.1704,0.321916162967682,32.7734565939316,3.2139438779899
"RO",8,0.15843038021605,26.25,26.3084,0.395,"1100924",0,0,0,0,0,0,0,459.3993,1.228,1.34185622275897,0.257603972020537,2020-07-19,6212.2784,0.17978,0.321916162967682,32.7734565939316,3.2139438779899
"RO",20,0.146475287699687,26.757,25.9664,1.001,"1100924",1.8779,7.003,0,0,0,0.765,0.765,485.9958,1.287,1.34185622275897,0.285221886597457,2020-07-19,6170.9553,0.17852,0.321916162967682,32.7734565939316,3.2139438779899
"RO",5,0.0593265299037757,25.158,24.5522,0.265,"1100924",0.5619,2.229,0,0,0,0.072,0.072,463.1977,1.182,1.34185622275897,0.256585136271109,2020-07-19,6964.3385,0.19211,0.321916162967682,32.7734565939316,3.2139438779899
"RO",6,0.0789733437891818,78.394,72.466,0.108,"1100924",6.4361,8.192,0,0,0,0.369,0.369,643.8012,1.634,1.34185622275897,0.269498030363363,2020-07-19,7929.7261,0.21606,0.321916162967682,32.7734565939316,3.2139438779899
"RO",36,0.061431806778655,206.583,129.8911,0.36,"1100924",75.1138,36.279,0,0,0,0,0,1109.3919,2.256,1.34185622275897,0.418632473693165,2019-08-22,20676.3487,0.48071,0.321916162967682,32.7734565939316,3.2139438779899
"RO",37,0.0392683524193253,223.256,220.0196,0.219,"1100924",54.0923,24.175,10.354,13.49,4.897,1.442,30.183,1237.5996,2.496,1.34185622275897,0.410956962067938,2019-08-22,22250.6465,0.51627,0.321916162967682,32.7734565939316,3.2139438779899
"RO",15,0.113131194120758,49.547,43.7842,0.445,"1100924",14.2039,28.603,0,4.602,15.722,0,20.324,548.68,1.389,1.34185622275897,0.277020031442283,2020-07-19,6967.8005,0.19091,0.321916162967682,32.7734565939316,3.2139438779899
"RO",12,0.0563299316185545,49.852,29.7057,0.525,"1100924",22.4328,44.899,0,3.898,0,0,3.898,873.6315,1.943,1.34185622275897,0.41141763667257,2019-08-22,18105.5946,0.4724,0.321916162967682,32.7734565939316,3.2139438779899
"RO",60,0.270797092852158,51.003,51.0724,1.527,"1100924",0,0,0,0,0,0,0,460.7833,1.166,1.34185622275897,0.24515453055746,2020-07-19,7706.3685,0.21045,0.321916162967682,32.7734565939316,3.2139438779899
"RO",5,0.08,51.351,43.8762,0.148,"1100924",8.2191,15.97,0,1.537,1.025,0,2.562,585.7489,1.466,1.34185622275897,0.291059563395238,2020-07-19,7341.9415,0.20091,0.321916162967682,32.7734565939316,3.2139438779899
"RO",32,0.169006969433108,19.43,18.1451,2.293,"1100924",1.2403,6.369,0,0,0,0,0,396.3787,1.088,1.34185622275897,0.242566754216076,2020-07-19,6723.3065,0.19761,0.321916162967682,32.7734565939316,3.2139438779899
"RO",16,0.181490232039354,18.715,14.5384,1.431,"1100924",4.1326,22.03,0,0,0,0,0,571.1667,1.458,1.34185622275897,0.25936980567948,2020-07-19,7836.8444,0.21687,0.321916162967682,32.7734565939316,3.2139438779899
"RO",97,0.191248283042822,77.085,67.8488,1.859,"1100924",7.0063,9.069,0,0,0,0,0,469.9269,1.172,1.34185622275897,0.250933106715356,2020-07-19,7483.2711,0.20288,0.321916162967682,32.7734565939316,3.2139438779899
"RO",25,0.180573682202868,36.093,32.8736,0.989,"1100924",3.9956,11.045,0,0,0,0,0,401.8852,1.079,1.34185622275897,0.246530056589719,2020-07-19,6597.6126,0.19038,0.321916162967682,32.7734565939316,3.2139438779899
"RO",60,0.210220796712182,99.583,82.8045,0.942,"1100924",15.2825,15.312,0,0,0,0,0,572.6742,1.425,1.34185622275897,0.261891399468725,2020-07-19,7971.8142,0.21513,0.321916162967682,32.7734565939316,3.2139438779899
"RO",26,0.0854820935412245,56.754,49.026,0.689,"1100924",8.6733,15.248,0,1.363,0.514,0,1.877,627.918,1.575,1.34185622275897,0.286793972649035,2020-07-19,7237.4283,0.19562,0.321916162967682,32.7734565939316,3.2139438779899
"RO",41,0.178504323255393,49.504,42.2373,1.262,"1100924",7.1225,14.355,0,0,0,0,0,574.5416,1.456,1.34185622275897,0.264995880921936,2020-07-19,7644.9976,0.20951,0.321916162967682,32.7734565939316,3.2139438779899
"RO",11,0.113068244208674,50.652,50.7652,0.282,"1100924",0,0,0,0,0,0,0,444.0437,1.123,1.34185622275897,0.266887005953438,2020-07-19,6824.3159,0.18659,0.321916162967682,32.7734565939316,3.2139438779899
"RO",54,0.216211055273702,46.983,36.3896,1.929,"1100924",10.4069,22.101,0,0,0,0,0,569.53,1.447,1.34185622275897,0.260323193232782,2020-07-19,7835.1789,0.21601,0.321916162967682,32.7734565939316,3.2139438779899
"RO",5,0.0365171065822705,571.079,330.1463,0.02,"1100940",286.5793,50.07,0.22,7.186,0.451,0,7.857,7432.2259,15.764,0.978623152588776,1.47535528998019,2019-07-01,30415.0288,0.72092,0.490204959725722,35.1814329122021,9.53261251580638
"RO",175,0.0756341699868167,408.114,381.9876,0.596,"1100940",16.4141,4.013,0,0,0,0,0,876.1046,1.894,0.978623152588776,1.37695309948313,2018-07-09,21849.9514,0.53867,0.490204959725722,35.1814329122021,9.53261251580638
"RO",90,0.108963285996741,517.096,479.8015,0.244,"1100940",8.4902,1.638,0,0,0,0,0,790.4408,1.681,0.978623152588776,1.35113344331571,2018-07-09,23825.1434,0.57189,0.490204959725722,35.1814329122021,9.53261251580638
"RO",21,0.0814252889451568,46.73,36.1325,0.756,"1100940",9.2044,19.653,0,0,0,0,0,1044.1419,2.609,0.978623152588776,1.39225492459732,2018-07-09,14614.7565,0.40291,0.490204959725722,35.1814329122021,9.53261251580638
"RO",10,0.0240075902072261,539.681,116.0621,0.112,"1100940",429.4764,79.402,0,0.506,0.214,0.049,0.769,5917.5211,11.702,0.978623152588776,1.52688586485829,2019-07-01,30125.9881,0.68896,0.490204959725722,35.1814329122021,9.53261251580638
"RO",11,0.025764643125147,527.318,261.2577,0.055,"1100940",260.3598,49.263,0,0.013,0.118,0.004,0.135,6543.6581,13.202,0.978623152588776,1.51276868598875,2019-07-01,29292.4554,0.67634,0.490204959725722,35.1814329122021,9.53261251580638
"RO",113,0.0765026959407926,351.129,287.8134,0.51,"1100940",63.0251,17.909,0,0,0,0,0,845.6593,1.873,0.978623152588776,1.35813386391402,2018-07-09,21745.6956,0.54343,0.490204959725722,35.1814329122021,9.53261251580638
"RO",8,0.0148453923805041,49.891,44.9109,0.232,"1100940",4.6658,9.331,0,0,0,0,0,3050.7066,6.756,0.978623152588776,1.18480078227336,2019-07-01,14081.9563,0.38795,0.490204959725722,35.1814329122021,9.53261251580638
"RO",5,0.0234242789642102,45.987,43.0541,0.151,"1100940",2.6478,5.745,0,0,0,0,0,3019.1018,7.673,0.978623152588776,1.24104704257152,2019-07-01,10325.7285,0.29416,0.490204959725722,35.1814329122021,9.53261251580638
"RO",5,0.0751995520478781,44.671,24.1396,0.269,"1100940",22.8699,51.082,0,3.969,2.523,0,6.492,1456.8486,3.553,0.978623152588776,1.41621475005948,2018-07-09,15598.4082,0.4319,0.490204959725722,35.1814329122021,9.53261251580638
"RO",50,0.0923156340619516,471.821,447.4374,0.145,"1100940",56.559,11.961,0,6.306,0.672,0,6.978,6606.3603,14.184,0.978623152588776,1.50405981768803,2019-07-01,31236.6212,0.7492,0.490204959725722,35.1814329122021,9.53261251580638
"RO",5,0.0484848484848485,48.922,40.9303,0.159,"1100940",6.3554,12.962,0,0,0,0,0,4045.3164,9.114,0.978623152588776,1.52258087922211,2019-07-01,21689.0005,0.59502,0.490204959725722,35.1814329122021,9.53261251580638
"RO",33,0.0766862599144113,178.789,159.1956,0.269,"1100940",95.6405,53.374,0,5.618,5.524,14.515,25.657,6445.237,14.986,0.978623152588776,1.50573334534877,2019-07-01,26361.3721,0.69418,0.490204959725722,35.1814329122021,9.53261251580638
"RO",5,0.0654057434117203,85.037,77.3752,0.084,"1100940",6.0729,7.126,0,0,0.522,0,0.522,2339.1574,5.772,0.978623152588776,1.21927368402122,2019-07-01,9555.4803,0.26603,0.490204959725722,35.1814329122021,9.53261251580638
"RO",49,0.037203622699814,738.791,615.6325,0.103,"1100940",99.3974,13.424,0,0.1,0.01,0.001,0.111,7224.6088,14.323,0.978623152588776,1.48624828969804,2019-07-01,27399.3681,0.62543,0.490204959725722,35.1814329122021,9.53261251580638
"RO",15,0.0206964461134723,403.467,305.7506,0.064,"1100940",102.9049,25.448,0,0.679,1.019,0.077,1.775,7377.7207,14.66,0.978623152588776,1.51648867027195,2019-07-01,32726.2376,0.74231,0.490204959725722,35.1814329122021,9.53261251580638
"RO",6,0.106375902105595,49.102,41.6527,0.187,"1100940",6.2449,12.69,0,0,0,0,0,4115.1841,9.288,0.978623152588776,1.52006503134645,2019-07-01,21548.9388,0.59132,0.490204959725722,35.1814329122021,9.53261251580638
"RO",10,0.039422739917522,51.232,48.2577,0.269,"1100940",5.1091,9.95,0.858,0,1.951,0,2.809,3976.5254,9.757,0.978623152588776,1.26371742253481,2019-07-01,11856.3114,0.32687,0.490204959725722,35.1814329122021,9.53261251580638
"RO",34,0.0747555419113521,178.835,153.2313,0.288,"1100940",107.2594,59.843,0,5.357,5.607,15.975,26.939,6436.6882,15.043,0.978623152588776,1.50473359829718,2019-07-01,26209.7508,0.69298,0.490204959725722,35.1814329122021,9.53261251580638
"RO",11,0.0287819798982611,38.124,13.4898,1.06,"1100940",24.1311,63.155,0,0,0,0,0,2794.0499,6.775,0.978623152588776,1.25852917779551,2019-07-01,10335.8031,0.28822,0.490204959725722,35.1814329122021,9.53261251580638
"RO",6,0.0751065754914061,76.602,66.1838,0.118,"1100940",24.9443,32.491,0,0,14.931,5.729,20.66,1210.3792,2.953,0.978623152588776,1.40802470706935,2018-07-09,15076.6634,0.4119,0.490204959725722,35.1814329122021,9.53261251580638
"RO",68,0.129042815204924,138.966,100.0718,0.883,"1100940",42.5561,30.555,0,0,0.574,0.319,0.893,1451.4424,3.436,0.978623152588776,1.4178384190908,2018-07-09,16103.4879,0.43146,0.490204959725722,35.1814329122021,9.53261251580638
"RO",17,0.0957384889769309,113.782,84.158,0.263,"1100940",34.189,29.981,0,2.85,0,0,2.85,558.0911,1.346,0.978623152588776,1.39603230087933,2018-07-09,19182.2059,0.50935,0.490204959725722,35.1814329122021,9.53261251580638
"RO",11,0.0295654252962519,194.804,183.4086,0.078,"1100940",23.8824,12.232,4.548,0.273,1.728,0.521,7.07,2309.4373,5.193,0.978623152588776,1.18813170786391,2019-07-01,9842.3934,0.25621,0.490204959725722,35.1814329122021,9.53261251580638
"RO",35,0.117915189701815,93.472,57.521,0.791,"1100940",35.8157,38.232,0,0,0,0,0,1468.6028,3.51,0.978623152588776,1.41330733042704,2018-07-09,16208.307,0.43994,0.490204959725722,35.1814329122021,9.53261251580638
"RO",46,0.0605041197790281,198.86,190.633,0.314,"1100940",36.329,18.227,0,5.93,4.546,0.141,10.617,7089.2927,15.726,0.978623152588776,1.47667319570872,2019-07-01,32323.7789,0.80881,0.490204959725722,35.1814329122021,9.53261251580638
"RO",6,0.0235294117647059,25.395,12.0397,0.648,"1100940",12.615,49.564,0,0,0,0,0,5438.5127,14.207,0.978623152588776,1.48141111029227,2019-07-01,28805.2283,0.83354,0.490204959725722,35.1814329122021,9.53261251580638
"RO",36,0.0360534491969197,240.964,118.5978,0.395,"1100940",130.6244,54.088,0,2.253,0.294,0,2.547,1200.822,2.731,0.978623152588776,1.39448681862963,2018-07-09,18603.4261,0.4819,0.490204959725722,35.1814329122021,9.53261251580638
"RO",12,0.0112880991940344,294.824,69.1769,0.226,"1100940",227.0687,76.846,0,0,0,0,0,4097.9763,8.604,0.978623152588776,1.53640193657743,2019-07-01,24538.088,0.62565,0.490204959725722,35.1814329122021,9.53261251580638
"RO",12,0.072659863237109,47.834,8.8505,1.763,"1100940",39.0018,81.354,0,0,0,0,0,1213.587,2.911,0.978623152588776,1.38524880436286,2018-07-09,17733.5997,0.4886,0.490204959725722,35.1814329122021,9.53261251580638
"RO",6,0.0858354613160158,101.018,85.9416,0.091,"1100940",8.1716,8.071,0,0.79,0,0.571,1.361,4132.0612,9.483,0.978623152588776,1.53120173657953,2019-07-01,22982.4051,0.63671,0.490204959725722,35.1814329122021,9.53261251580638
"RO",127,0.0353950534464136,482.591,332.5646,0.496,"1100940",148.1222,30.625,0,0,0.16,0,0.16,1213.4432,2.605,0.978623152588776,1.40594677886256,2018-07-09,19077.1963,0.46061,0.490204959725722,35.1814329122021,9.53261251580638
"RO",10,0.0353319252106349,373.584,99.3413,0.131,"1100940",269.3239,71.931,0,0,0,0,0,5467.1711,11.548,0.978623152588776,1.52559872030214,2019-07-01,27197.7469,0.67056,0.490204959725722,35.1814329122021,9.53261251580638
"RO",23,0.0719111290057324,282.501,157.7068,0.19,"1100940",121.548,42.93,0,0.188,0,0,0.188,1297.0427,3.031,0.978623152588776,1.38110045262278,2018-07-09,15633.6969,0.40016,0.490204959725722,35.1814329122021,9.53261251580638
"RO",6,0.0993265299037757,46.726,38.2436,0.204,"1100940",5.9132,12.627,0,0,5.214,1.894,7.108,1176.3123,2.889,0.978623152588776,1.40716983050739,2018-07-09,14941.4937,0.41196,0.490204959725722,35.1814329122021,9.53261251580638
"RO",12,0.0870703046384288,50.624,50.7367,0.307,"1100940",0.0385,0.076,0,0,0,0,0,2994.6046,7.004,0.978623152588776,1.19350628334708,2019-07-01,11276.4448,0.32219,0.490204959725722,35.1814329122021,9.53261251580638
"RO",46,0.0572323474948478,731.237,453.2818,0.132,"1100940",324.3294,44.254,0,4.948,0.606,0,5.554,7081.7741,13.932,0.978623152588776,1.51242196716845,2019-07-01,34407.1786,0.76395,0.490204959725722,35.1814329122021,9.53261251580638
"RO",61,0.0697118443331981,141.655,81.4406,0.974,"1100940",60.5861,42.675,0,0,0,0,0,1406.3574,3.335,0.978623152588776,1.42090329206368,2018-07-09,15827.9154,0.42304,0.490204959725722,35.1814329122021,9.53261251580638
"RO",17,0.0498887651569859,24.438,21.3098,1.037,"1100940",2.6232,10.71,0,0,0,0,0,1049.8275,2.638,0.978623152588776,1.39538051168149,2018-07-09,14546.4688,0.404,0.490204959725722,35.1814329122021,9.53261251580638
"RO",10,0.0227514416211835,540.068,115.2973,0.113,"1100940",430.9676,79.62,0,0.583,0.213,0.049,0.845,5916.92,11.705,0.978623152588776,1.52696505918184,2019-07-01,30127.0423,0.68917,0.490204959725722,35.1814329122021,9.53261251580638
"RO",12,0.0448956258291898,98.537,79.4295,0.196,"1100940",24.4417,24.749,0,0,1.083,0.07,1.153,3105.8317,6.885,0.978623152588776,1.18990787705446,2019-07-01,12053.4713,0.3269,0.490204959725722,35.1814329122021,9.53261251580638
"RO",6,0.0268369448083831,48.107,25.7887,0.302,"1100940",37.0799,76.906,0,0,0,13.726,13.726,6280.0104,15.288,0.978623152588776,1.4582958304786,2019-07-01,21458.0512,0.58849,0.490204959725722,35.1814329122021,9.53261251580638
"RO",24,0.0299981463861649,250.902,161.0053,0.194,"1100940",95.8188,38.104,0,3.322,1.084,0,4.406,7211.9875,16.315,0.978623152588776,1.47088263258965,2019-07-01,29985.2336,0.76265,0.490204959725722,35.1814329122021,9.53261251580638
"RO",23,0.0515988465815352,216.285,184.6524,0.162,"1100940",37.4525,17.278,0,0,0.246,0.297,0.543,5683.9597,12.871,0.978623152588776,1.48934717456498,2019-07-01,32746.0574,0.82695,0.490204959725722,35.1814329122021,9.53261251580638
"RO",10,0.0438937981077328,141.155,76.4975,0.17,"1100940",98.7458,69.799,0,4.823,1.27,1.193,7.286,938.7419,2.265,0.978623152588776,1.40013067702765,2018-07-09,16901.467,0.45182,0.490204959725722,35.1814329122021,9.53261251580638
"RO",18,0.0299955629807233,75.98,19.1061,1.225,"1100940",65.8484,86.472,0,0,0,4.869,4.869,1148.0482,2.759,0.978623152588776,1.39881230802611,2018-07-09,17380.0545,0.47151,0.490204959725722,35.1814329122021,9.53261251580638
"RO",11,0.0334316303526993,401.64,255.322,0.056,"1100940",139.7051,34.706,0,0.018,0.155,0.005,0.178,6180.5438,13.184,0.978623152588776,1.51097544026228,2019-07-01,26883.4948,0.66074,0.490204959725722,35.1814329122021,9.53261251580638
"RO",10,0.0352941176470588,50.396,46.5105,0.28,"1100940",3.7993,7.522,0,0,0,0,0,2376.937,5.963,0.978623152588776,1.21726799612458,2019-07-01,9557.7343,0.27184,0.490204959725722,35.1814329122021,9.53261251580638
"RO",9,0.0599479242915125,51.066,51.18,0.229,"1100940",13.7498,26.866,10.714,4.968,0,0.378,16.06,3501.8005,7.932,0.978623152588776,1.2099087609393,2019-07-01,12442.052,0.34177,0.490204959725722,35.1814329122021,9.53261251580638
"RO",5,0.0310070085421203,147.754,88.607,0.073,"1100940",59.331,40.066,0,0,0,0,0,5198.0456,11.922,0.978623152588776,1.48245863381875,2019-07-01,20876.3391,0.55541,0.490204959725722,35.1814329122021,9.53261251580638
"RO",14,0.0501498274249127,148,116.9366,0.156,"1100940",25.5778,17.244,0,0,0,0,0,4219.7449,9.252,0.978623152588776,1.52215036549813,2019-07-01,22551.1352,0.59955,0.490204959725722,35.1814329122021,9.53261251580638
"RO",95,0.0966322949165724,331.863,230.465,0.536,"1100940",118.1794,35.531,0,0,7.656,0.368,8.024,1090.9437,2.509,0.978623152588776,1.38528547957167,2018-07-09,17827.8496,0.44969,0.490204959725722,35.1814329122021,9.53261251580638
"RO",17,0.0498887651569859,24.276,21.1735,1.044,"1100940",2.5834,10.618,0,0,0,0,0,1049.3606,2.637,0.978623152588776,1.3953558669398,2018-07-09,14542.4223,0.40395,0.490204959725722,35.1814329122021,9.53261251580638
"RO",6,0.0653197264742181,22.656,20.4992,0.381,"1100940",6.9757,30.721,0,4.671,7.763,1.174,13.608,1453.8098,3.555,0.978623152588776,1.41543056146005,2018-07-09,15651.3324,0.43529,0.490204959725722,35.1814329122021,9.53261251580638
"RO",10,0.043409656027153,49.322,15.8681,0.819,"1100940",38.3665,77.614,1.379,9.356,0,0,10.735,4590.1089,10.528,0.978623152588776,1.50655002123063,2019-07-01,21097.6438,0.5777,0.490204959725722,35.1814329122021,9.53261251580638
"RO",12,0.0306186217847897,75.62,13.7503,1.135,"1100940",60.2407,79.484,0,0,0,0.109,0.109,1149.9676,2.767,0.978623152588776,1.40044339208395,2018-07-09,17337.2023,0.47071,0.490204959725722,35.1814329122021,9.53261251580638
"RO",100,0.152417899372177,188.345,128.7308,1.01,"1100940",58.1691,30.815,0,0.329,0,0,0.329,1132.742,2.669,0.978623152588776,1.40095775699721,2018-07-09,15381.9058,0.40533,0.490204959725722,35.1814329122021,9.53261251580638
"RO",38,0.0414209786971737,208.151,107.3547,0.46,"1100940",100.1153,47.99,0,0,0,0,0,3343.2278,7.05,0.978623152588776,1.18529866399874,2019-07-01,15585.3471,0.4035,0.490204959725722,35.1814329122021,9.53261251580638
"RO",32,0.0544779208392251,233.454,130.1453,0.32,"1100940",122.7233,52.451,0,0,0,1.036,1.036,1250.9475,2.843,0.978623152588776,1.39595006992647,2018-07-09,16835.0977,0.43738,0.490204959725722,35.1814329122021,9.53261251580638
"RO",10,0.0977919177634646,96.744,77.8295,0.167,"1100940",33.8588,34.92,0,9.794,0.733,0.223,10.75,1192.2273,2.834,0.978623152588776,1.39032690928363,2018-07-09,15981.5569,0.43391,0.490204959725722,35.1814329122021,9.53261251580638
"RO",110,0.0882628838378879,394.009,384.8899,0.372,"1100940",2.1583,0.547,0,0,0,0,0,809.4678,1.746,0.978623152588776,1.38392708515521,2018-07-09,21441.309,0.53021,0.490204959725722,35.1814329122021,9.53261251580638
"RO",13,0.0910485932739534,46.914,43.2669,0.391,"1100940",3.9224,8.342,0,0,0,0.058,0.058,2457.7962,6.209,0.978623152588776,1.23097271248983,2019-07-01,9861.8008,0.2812,0.490204959725722,35.1814329122021,9.53261251580638
"RO",8,0.0233284737407922,72.165,13.2317,0.786,"1100940",57.2484,79.153,0,0,0,0.074,0.074,1129.2836,2.73,0.978623152588776,1.40012114205803,2018-07-09,17247.2493,0.47079,0.490204959725722,35.1814329122021,9.53261251580638
"RO",31,0.119570576902913,91.924,85.6049,0.471,"1101005",5.5679,6.044,0.576,0.801,0.005,0,1.382,416.5639,1.049,2.19533213818159,0.284680735013955,2019-06-24,5082.0722,0.13617,0.377468372009835,35.2296373930489,2.36384296118076
"RO",37,0.14905435000587,55.306,51.0866,0.942,"1101005",2.1833,3.939,0,0,0,0,0,417.4591,1.066,2.19533213818159,0.281542545162455,2019-06-24,4886.9866,0.13274,0.377468372009835,35.2296373930489,2.36384296118076
"RO",154,0.174182317317737,116.538,114.8739,1.743,"1101005",1.3746,1.177,0.454,0,0,0,0.454,428.4331,1.075,2.19533213818159,0.272086426014736,2019-06-24,4755.8376,0.12635,0.377468372009835,35.2296373930489,2.36384296118076
"RO",59,0.136972787934864,95.796,88.2426,0.869,"1101005",6.4514,6.719,0,0,0,0,0,419.4818,1.025,2.19533213818159,0.305531664387436,2019-06-24,6001.1557,0.16266,0.377468372009835,35.2296373930489,2.36384296118076
"RO",13,0.0859931965704424,21.208,20.4596,0.826,"1101005",0,0,0,0,0,0,0,367.4645,1.012,2.19533213818159,0.283169596530057,2019-06-24,3781.206,0.11034,0.377468372009835,35.2296373930489,2.36384296118076
"RO",58,0.144299453001668,110.975,109.8719,0.686,"1101005",0.2919,0.262,0,0,0,0,0,395.3701,0.988,2.19533213818159,0.300977611466952,2019-06-24,5480.2626,0.14603,0.377468372009835,35.2296373930489,2.36384296118076
"RO",26,0.10733793361127,56.862,50.8142,0.665,"1101005",4.8185,8.455,0,0,0,0,0,416.4808,1.057,2.19533213818159,0.283898353011466,2019-06-24,4991.3122,0.13483,0.377468372009835,35.2296373930489,2.36384296118076
"RO",23,0.0938286266134682,131.72,117.6519,0.254,"1101005",13.8552,10.495,0,0,0.402,0,0.402,435.9015,1.068,2.19533213818159,0.270071033155622,2019-06-24,4203.9153,0.10958,0.377468372009835,35.2296373930489,2.36384296118076
"RO",6,0.147873344660793,18.004,18.0448,0.432,"1101005",0,0,0,0,0,0,0,370.1982,1.026,2.19533213818159,0.281467908977585,2019-06-24,3721.9459,0.1095,0.377468372009835,35.2296373930489,2.36384296118076
"RO",7,0.12726751076749,43.711,39.7763,0.229,"1101005",1.1527,2.631,3.033,0.031,0,0,3.064,967.7886,2.486,2.19533213818159,0.633672770369078,2019-06-29,7900.117,0.22619,0.377468372009835,35.2296373930489,2.36384296118076
"RO",72,0.0741719278279862,117.842,84.1069,1.113,"1101005",30.2917,25.649,0,0,0.449,0,0.449,411.2881,1.01,2.19533213818159,0.285373917114236,2019-06-24,4545.7895,0.11906,0.377468372009835,35.2296373930489,2.36384296118076
"RO",47,0.091318405998873,109.918,104.8994,0.582,"1101005",4.1042,3.726,0,0,0,0,0,437.0415,1.098,2.19533213818159,0.267055718997335,2019-06-24,4614.2052,0.12271,0.377468372009835,35.2296373930489,2.36384296118076
"RO",34,0.169073809999268,34.043,33.6228,1.315,"1101005",0.7738,2.268,0,0,0,0,0,401.1121,1.005,2.19533213818159,0.288314558304345,2019-06-24,4532.3691,0.12076,0.377468372009835,35.2296373930489,2.36384296118076
"RO",112,0.118213221128641,149.442,115.1911,1.264,"1101005",33.7166,22.511,0,0,0,0,0,428.6601,1.043,2.19533213818159,0.275419073810167,2019-06-24,4311.4223,0.11195,0.377468372009835,35.2296373930489,2.36384296118076
"RO",7,0.0939902392552029,86.557,80.9915,0.112,"1101005",2.5661,2.958,0.918,0,0,0,0.918,431.3284,1.035,2.19533213818159,0.290592330637047,2019-06-24,5916.855,0.15738,0.377468372009835,35.2296373930489,2.36384296118076
"RO",16,0.102431180662904,132.395,131.394,0.158,"1101005",1.3268,1,0,0,0,0,0,429.6427,1.02,2.19533213818159,0.29525267531279,2019-06-24,6021.3737,0.15831,0.377468372009835,35.2296373930489,2.36384296118076
"RO",31,0.114288911301404,62.015,57.5765,0.7,"1101005",3.5639,5.734,0,0,0.854,0,0.854,404.4653,1.05,2.19533213818159,0.286588597924585,2019-06-24,5411.2034,0.15061,0.377468372009835,35.2296373930489,2.36384296118076
"RO",34,0.12353452950659,94.426,82.2163,0.538,"1101005",6.0359,6.378,0.654,0,0,0,0.654,385.2701,0.967,2.19533213818159,0.310545401226011,2019-06-24,5609.4508,0.15021,0.377468372009835,35.2296373930489,2.36384296118076
"RO",34,0.162824401575511,52.133,38.0458,1.162,"1101401",14.0957,26.978,0,0,0,0,0,1172.7388,2.797,2.3435528371873,0.92545210637924,2019-06-29,11853.6383,0.31789,0.341778784990311,34.949137254902,12.2301279190298
"RO",50,0.108369536994942,70.598,45.6755,1.423,"1101401",20.8734,29.501,0,0,0,0.133,0.133,1176.7138,2.746,2.3435528371873,0.885046577481208,2019-06-29,11885.3949,0.31774,0.341778784990311,34.949137254902,12.2301279190298
"RO",27,0.119910680852752,164.725,112.849,0.311,"1101401",51.2211,31.025,0,0,0,0,0,1281.0712,2.928,2.3435528371873,0.863931993414273,2019-06-29,12164.0842,0.31375,0.341778784990311,34.949137254902,12.2301279190298
"RO",17,0.156316930863253,35.575,32.7081,0.676,"1101401",1.4556,4.083,0,0,0,0,0,1163.8453,2.888,2.3435528371873,0.897119774227905,2019-06-29,10928.9655,0.30119,0.341778784990311,34.949137254902,12.2301279190298
"RO",60,0.121114813530281,130.981,120.2189,0.649,"1101401",9.1145,6.943,0,0,0,0,0,1315.7916,3.09,2.3435528371873,0.90552913265192,2019-06-29,11742.5817,0.30767,0.341778784990311,34.949137254902,12.2301279190298
"RO",83,0.085587290680655,196.768,117.1673,0.921,"1101401",89.1135,45.188,1.071,7.147,0,0,8.218,1289.4083,2.976,2.3435528371873,0.8826154864149,2019-06-29,11723.8486,0.30135,0.341778784990311,34.949137254902,12.2301279190298
"RO",5,0.165754539432614,20.14,5.7239,1.136,"1101401",18.1899,90.114,0,0,0,6.167,6.167,1210.8065,2.884,2.3435528371873,0.915522008746221,2019-06-29,11746.0155,0.31376,0.341778784990311,34.949137254902,12.2301279190298
"RO",14,0.0937755093424299,48.631,43.4779,0.419,"1101401",4.9512,10.159,0,0,0,0,0,1201.8236,3.032,2.3435528371873,0.911537493058597,2019-06-29,10944.0868,0.30603,0.341778784990311,34.949137254902,12.2301279190298
"RO",73,0.190430910482325,87.677,80.3797,1.181,"1101401",2.5604,2.914,0,0,0,0,0,1197.1978,2.92,2.3435528371873,0.900805123576939,2019-06-29,10980.681,0.30122,0.341778784990311,34.949137254902,12.2301279190298
"RO",30,0.281225142914695,30.146,29.6827,1.314,"1101401",0,0,0,0,0,0,0,1200.0578,3.002,2.3435528371873,0.913928120185839,2019-06-29,11594.504,0.33913,0.341778784990311,34.949137254902,12.2301279190298
"RO",16,0.164599402384479,61.564,46.9794,0.443,"1101401",9.1063,14.759,0,0,0,0,0,1472.6124,3.544,2.3435528371873,0.949394865958412,2019-06-29,11411.9088,0.32123,0.341778784990311,34.949137254902,12.2301279190298
"RO",25,0.12290285717483,52.173,34.8114,0.934,"1101401",16.7859,32.102,0,0,0,0,0,1198.226,2.833,2.3435528371873,0.92401605768245,2019-06-29,11975.8858,0.31757,0.341778784990311,34.949137254902,12.2301279190298
"RO",15,0.242469646877205,35.312,34.3531,0.568,"1101401",0,0,0,0,0,0,0,1163.8758,2.782,2.3435528371873,0.884677493963008,2019-06-29,11657.9174,0.3155,0.341778784990311,34.949137254902,12.2301279190298
"RO",69,0.205864935048173,112.894,102.3083,0.877,"1101401",19.8359,17.531,0,0.472,0.898,3.4,4.77,1410.1883,3.239,2.3435528371873,0.961601181412907,2019-06-29,11988.0657,0.31713,0.341778784990311,34.949137254902,12.2301279190298
"RO",21,0.114726099848067,79.881,69.0182,0.396,"1101401",11.5795,14.464,0,0.662,0,0,0.662,1170.8861,2.716,2.3435528371873,0.885097118774511,2019-06-29,11994.598,0.31926,0.341778784990311,34.949137254902,12.2301279190298
"RO",17,0.104403491473133,56.478,37.2529,0.593,"1101401",36.8031,65.018,1.733,0.35,0,5.258,7.341,1124.9419,2.771,2.3435528371873,0.900257301272674,2019-06-29,10639.2569,0.29754,0.341778784990311,34.949137254902,12.2301279190298
"RO",22,0.180570226215877,24.627,23.3555,1.225,"1101401",3.2797,13.288,0,0,0,1.062,1.062,1161.22,2.745,2.3435528371873,0.885102248435487,2019-06-29,11760.0716,0.31806,0.341778784990311,34.949137254902,12.2301279190298
"RO",113,0.157011524220556,143.092,103.1743,1.424,"1101401",38.1129,26.575,0,0,0,0,0,1113.4738,2.518,2.3435528371873,0.908830556786508,2019-06-29,12094.7919,0.3115,0.341778784990311,34.949137254902,12.2301279190298
"RO",61,0.145948566505735,209.93,133.9953,0.592,"1101401",99.554,47.317,0,0,0.59,5.457,6.047,1238.6689,2.827,2.3435528371873,0.919548086708765,2019-06-29,12325.5535,0.31531,0.341778784990311,34.949137254902,12.2301279190298
"RO",26,0.137205213648328,52.175,35.0351,0.965,"1101401",16.5926,31.731,0,0,0,0,0,1167.974,2.757,2.3435528371873,0.925823606566601,2019-06-29,11945.3842,0.31697,0.341778784990311,34.949137254902,12.2301279190298
"RO",97,0.151568307105133,114.32,85.6698,1.472,"1101401",22.5563,19.687,0,0,0,0,0,1248,2.946,2.3435528371873,0.900190767274097,2019-06-29,11346.271,0.29832,0.341778784990311,34.949137254902,12.2301279190298
"RO",11,0.0983163247594393,35.407,30.8849,0.463,"1101401",0.3304,0.931,0,0,0,0,0,1168.4706,2.787,2.3435528371873,0.884911056817328,2019-06-29,11673.7848,0.3159,0.341778784990311,34.949137254902,12.2301279190298
"RO",8,0.189744392898688,35.491,27.3798,0.38,"1101401",3.8978,10.958,0,0,0,0,0,1174.1726,2.897,2.3435528371873,0.897052715139334,2019-06-29,10951.2868,0.30037,0.341778784990311,34.949137254902,12.2301279190298
"RO",66,0.112910835529056,118.88,110.8632,0.774,"1101401",7.1797,6.026,0,0,0,0,0,1192.7319,2.715,2.3435528371873,0.884889299566589,2019-06-29,12181.3801,0.32074,0.341778784990311,34.949137254902,12.2301279190298
"RO",346,0.103078404759636,491.917,443.2833,1.015,"1101401",40.3565,8.186,0,0,0,0,0,1408.2359,2.874,2.3435528371873,0.878977190160977,2019-06-29,13413.848,0.31188,0.341778784990311,34.949137254902,12.2301279190298
"RO",7,0.238122881558233,23.116,18.4362,0.494,"1101401",6.1096,26.372,0.887,1.147,2.595,0,4.629,1261.5218,3.126,2.3435528371873,0.906938660551943,2019-06-29,11919.7173,0.34632,0.341778784990311,34.949137254902,12.2301279190298
"RO",9,0.0833333333333333,22.05,21.8226,0.536,"1101401",0,0,0,0,0,0,0,1073.7277,2.665,2.3435528371873,0.890046372045115,2019-06-29,11298.5852,0.32103,0.341778784990311,34.949137254902,12.2301279190298
"RO",14,0.10095790964498,105.903,69.2628,0.263,"1101401",8.4549,7.966,0.582,0,0,0,0.582,1209.6494,2.801,2.3435528371873,0.885358084208815,2019-06-29,11962.814,0.31671,0.341778784990311,34.949137254902,12.2301279190298
"RO",59,0.171759386690102,63.047,58.1269,1.32,"1101401",1.6893,2.673,0,0,0,0,0,1177.7503,2.974,2.3435528371873,0.897198626606239,2019-06-29,10584.601,0.29845,0.341778784990311,34.949137254902,12.2301279190298
"RO",19,0.124100365864448,83.953,64.1429,0.385,"1101401",13.0095,15.462,0,0,0,0,0,1245.8062,2.933,2.3435528371873,0.905501870809717,2019-06-29,11489.2138,0.30086,0.341778784990311,34.949137254902,12.2301279190298
"RO",19,0.0931208386320269,102.748,68.1749,0.362,"1101401",30.6428,29.757,0.004,0.05,0,0,0.054,1282.469,3.011,2.3435528371873,0.883359955899806,2019-06-29,11546.3904,0.30306,0.341778784990311,34.949137254902,12.2301279190298
"RO",97,0.14336031099254,114.334,86.9441,1.45,"1101401",22.7739,19.875,0,0,0,0,0,1249.4965,2.949,2.3435528371873,0.900661083204911,2019-06-29,11346.0896,0.29815,0.341778784990311,34.949137254902,12.2301279190298
"RO",31,0.200298862823085,78.505,70.0793,0.575,"1101401",5.9853,7.607,0,0,0,0,0,1187.6964,2.898,2.3435528371873,0.89692630219093,2019-06-29,10982.4396,0.29841,0.341778784990311,34.949137254902,12.2301279190298
"RO",87,0.101353343028935,181.678,116.2672,0.973,"1101401",68.4883,37.614,1.947,2.19,0,0.179,4.316,1141.3204,2.595,2.3435528371873,0.905713152287183,2019-06-29,11878.0004,0.30656,0.341778784990311,34.949137254902,12.2301279190298
"RO",34,0.0644948974278318,111.608,70.7528,0.625,"1101401",41.6809,37.262,0,0,0,0,0,1170.4899,2.664,2.3435528371873,0.885000412027963,2019-06-29,12259.7219,0.32339,0.341778784990311,34.949137254902,12.2301279190298
"RO",25,0.183134492285082,54.461,36.4013,0.893,"1101500",18.4479,33.798,0,0,0,0,0,699.6962,1.793,1.65895886425537,0.399596370878889,2019-07-13,6528.0238,0.18064,0.319407338319823,33.3104112692893,4.71391981725213
"RO",8,0.242423336281781,57.63,55.1769,0.188,"1101500",2.3117,4.002,0.001,0,0.003,0,0.004,577.4552,1.455,1.65895886425537,0.491272279295429,2019-07-13,13911.138,0.37956,0.319407338319823,33.3104112692893,4.71391981725213
"RO",16,0.271746600959374,36.789,36.1212,0.576,"1101500",0.1483,0.402,0,0,0,0,0,704.1916,1.875,1.65895886425537,0.51361656364442,2019-07-13,14811.3854,0.42075,0.319407338319823,33.3104112692893,4.71391981725213
"RO",53,0.225870841014374,50.916,46.6098,1.478,"1101500",3.5257,6.909,0,0,0,0,0,721.8378,1.836,1.65895886425537,0.447149476947176,2019-07-13,8893.9183,0.24686,0.319407338319823,33.3104112692893,4.71391981725213
"RO",10,0.237306119615103,24.66,23.0859,0.563,"1101500",4.3275,17.51,5.751,4.988,0,0,10.739,786.1228,2.141,1.65895886425537,0.43388824476368,2019-07-13,6620.412,0.19446,0.319407338319823,33.3104112692893,4.71391981725213
"RO",28,0.146350745561743,64.633,58.7745,0.619,"1101500",4.5576,7.036,0,0,0,0,0,549.3395,1.443,1.65895886425537,0.502248326665593,2019-07-13,14573.7123,0.41222,0.319407338319823,33.3104112692893,4.71391981725213
"RO",48,0.168743458661762,61.614,35.4169,1.762,"1101500",26.2768,42.553,0,0,0,0,0,763.1322,1.957,1.65895886425537,0.402573030494107,2019-07-13,6856.4455,0.19231,0.319407338319823,33.3104112692893,4.71391981725213
"RO",23,0.081529177036457,51.308,45.3139,0.66,"1101500",4.9995,9.722,0,0,0.273,0,0.273,597.8193,1.538,1.65895886425537,0.485426573665855,2019-07-13,12698.872,0.35514,0.319407338319823,33.3104112692893,4.71391981725213
"RO",6,0.229877839504784,46.306,46.3885,0.168,"1101500",0,0,0,0,0,0,0,757.2862,2.017,1.65895886425537,0.503442742566402,2019-07-13,13190.7158,0.37717,0.319407338319823,33.3104112692893,4.71391981725213
"RO",7,0.159075446751005,51.086,42.6321,0.213,"1101500",13.9468,27.24,0,0,2.236,0,2.236,802.174,2.096,1.65895886425537,0.430360892448052,2019-07-13,7234.0558,0.20572,0.319407338319823,33.3104112692893,4.71391981725213
"RO",7,0.185557802242073,25.155,25.2064,0.361,"1101500",0.0237,0.094,0,0,0.145,0,0.145,588.1158,1.512,1.65895886425537,0.488702971895136,2019-07-13,13366.9718,0.37216,0.319407338319823,33.3104112692893,4.71391981725213
"RO",17,0.250692989376799,22.489,22.5395,0.981,"1101500",0,0,0,0,0,0,0,638.2046,1.685,1.65895886425537,0.513811410428528,2019-07-13,10443.1262,0.30542,0.319407338319823,33.3104112692893,4.71391981725213
"RO",21,0.282810700696083,47.626,47.645,0.573,"1101500",0.3773,0.79,0,0,0,0,0,739.4716,1.947,1.65895886425537,0.510337085173847,2019-07-13,14359.9408,0.40473,0.319407338319823,33.3104112692893,4.71391981725213
"RO",11,0.116094123866517,67.184,53.4764,0.267,"1101500",14.5186,21.562,0,0,0,0.392,0.392,784.8285,1.975,1.65895886425537,0.381453220605237,2019-07-13,7085.9317,0.19716,0.319407338319823,33.3104112692893,4.71391981725213
"RO",11,0.154823565372687,21.74,19.8489,0.72,"1101500",2.8523,13.091,0,0,4.335,0,4.335,722.5201,1.841,1.65895886425537,0.519430660073328,2019-07-13,10758.7518,0.30941,0.319407338319823,33.3104112692893,4.71391981725213
"RO",75,0.255693549146502,39.738,35.5488,2.743,"1101500",1.8548,4.657,0,0,0,0,0,773.2601,2.048,1.65895886425537,0.488829179194075,2019-07-13,12094.5951,0.34381,0.319407338319823,33.3104112692893,4.71391981725213
"RO",12,0.134602301097005,62.973,63.1076,0.247,"1101500",2.1744,3.445,0.086,0,1.226,0.937,2.249,803.528,2.062,1.65895886425537,0.409259749819035,2019-07-13,7634.7191,0.21351,0.319407338319823,33.3104112692893,4.71391981725213
"RO",13,0.181649658092773,47.09,40.3129,0.419,"1101500",12.7287,26.971,5.428,5.202,2.458,1.153,14.241,559.8498,1.445,1.65895886425537,0.490112423866613,2019-07-13,13088.3766,0.36623,0.319407338319823,33.3104112692893,4.71391981725213
"RO",9,0.0653197264742181,21.326,16.8194,0.696,"1101500",4.3778,20.482,0,0,0,0,0,738.634,1.84,1.65895886425537,0.523143281327451,2019-07-13,11284.9173,0.31959,0.319407338319823,33.3104112692893,4.71391981725213
"RO",7,0.161703798284891,19.361,17.2264,0.528,"1101500",2.223,11.456,0,0,0.641,0,0.641,740.2413,1.874,1.65895886425537,0.522411118160007,2019-07-13,11400.2774,0.32297,0.319407338319823,33.3104112692893,4.71391981725213
"RO",17,0.147275204572386,46.307,46.3802,0.476,"1101500",10.8737,23.43,21.005,19.421,3.293,0,43.719,658.8059,1.681,1.65895886425537,0.464505839804463,2019-07-13,10477.7302,0.28847,0.319407338319823,33.3104112692893,4.71391981725213
"RO",7,0.168989794855664,14.613,14.6456,0.621,"1101500",0.4994,3.41,0.003,0.932,0,0,0.935,741.3071,1.947,1.65895886425537,0.526235340944019,2019-07-13,12162.3072,0.34802,0.319407338319823,33.3104112692893,4.71391981725213
"RO",6,0.120289270235531,46.274,35.6521,0.219,"1101500",5.4503,11.752,2.176,0,0,0,2.176,634.1462,1.677,1.65895886425537,0.481362018586831,2019-07-13,11373.9205,0.3257,0.319407338319823,33.3104112692893,4.71391981725213
"RO",19,0.224005819121889,46.108,35.288,0.7,"1101500",7.1424,15.456,1.781,0,0,0,1.781,639.6837,1.683,1.65895886425537,0.482792169652713,2019-07-13,11582.4174,0.32954,0.319407338319823,33.3104112692893,4.71391981725213
"RO",15,0.205107468885179,30.826,25.8201,0.755,"1101500",7.8316,25.349,0,2.85,4.666,0,7.516,630.9537,1.665,1.65895886425537,0.516903154967039,2019-07-13,10835.5319,0.31623,0.319407338319823,33.3104112692893,4.71391981725213
"RO",10,0.289141153805826,21.804,21.3064,0.61,"1101500",0.2884,1.32,0,0,0,0,0,754.8916,2.02,1.65895886425537,0.437878597772594,2019-07-13,7368.193,0.2152,0.319407338319823,33.3104112692893,4.71391981725213
"RO",14,0.246162659649136,36.341,36.251,0.502,"1101500",0.024,0.066,0,0.028,0,0,0.028,573.0823,1.506,1.65895886425537,0.512103642890321,2019-07-13,15610.1206,0.44483,0.319407338319823,33.3104112692893,4.71391981725213
"RO",14,0.189990722596058,21.891,20.9125,0.87,"1101500",0.8858,4.037,0,0,0,0,0,662.5422,1.787,1.65895886425537,0.479098037299812,2019-07-13,10799.7423,0.31599,0.319407338319823,33.3104112692893,4.71391981725213
"RO",5,0.0938595938212433,21.84,14.5412,0.447,"1101500",7.2026,32.905,0,0,0,0,0,604.8913,1.675,1.65895886425537,0.52833983662024,2019-07-13,16020.3322,0.47156,0.319407338319823,33.3104112692893,4.71391981725213
"RO",9,0.0612372435695795,32.784,23.8032,0.492,"1101500",8.3784,25.499,0,0,0,0,0,599.3049,1.633,1.65895886425537,0.532143722977697,2019-07-13,16874.4537,0.48865,0.319407338319823,33.3104112692893,4.71391981725213
"RO",19,0.122391436546519,151.575,109.7176,0.225,"1101500",40.6015,26.727,0,0,0,0,0,803.4008,2.012,1.65895886425537,0.497584060841318,2019-07-13,12812.8363,0.34463,0.319407338319823,33.3104112692893,4.71391981725213
"RO",11,0.0527835778062769,65.451,33.2242,0.43,"1101500",32.0594,48.873,0,0,0,0,0,710.6025,1.783,1.65895886425537,0.49823587427179,2019-07-13,9690.1191,0.26884,0.319407338319823,33.3104112692893,4.71391981725213
"RO",11,0.183418895139714,65.206,47.4908,0.301,"1101500",13.51,20.673,0,0,0,0,0,789.1361,2.036,1.65895886425537,0.397592167779595,2019-07-13,7254.9032,0.2041,0.319407338319823,33.3104112692893,4.71391981725213
"RO",20,0.193141781351048,60.697,58.7573,0.442,"1101500",2.6076,4.287,0,0,0,0,0,841.4535,2.151,1.65895886425537,0.396457163571175,2019-07-13,8140.012,0.22636,0.319407338319823,33.3104112692893,4.71391981725213
"RO",34,0.166490679995498,43.667,24.1639,1.829,"1101500",19.4915,44.537,0,0,0,0,0,769.2905,2.022,1.65895886425537,0.498579023663895,2019-07-13,13447.0604,0.3792,0.319407338319823,33.3104112692893,4.71391981725213
"RO",54,0.246316572818692,66.665,56.6999,1.238,"1101500",9.9026,14.821,0,0,0,0,0,790.3688,2.056,1.65895886425537,0.440929182138965,2019-07-13,7491.181,0.21043,0.319407338319823,33.3104112692893,4.71391981725213
"RO",6,0.0806152604917662,54.953,33.3924,0.234,"1101500",23.8295,43.267,0,1.439,1.279,0,2.718,705.7646,1.816,1.65895886425537,0.402068381153042,2019-07-13,6482.9767,0.18027,0.319407338319823,33.3104112692893,4.71391981725213
"RO",51,0.259067713452355,43.47,35.6271,1.861,"1101500",6.2143,14.264,0,0,0,0,0,745.5866,1.986,1.65895886425537,0.481397519958656,2019-07-13,11302.7992,0.32404,0.319407338319823,33.3104112692893,4.71391981725213
"RO",17,0.238641716782434,46.64,46.7313,0.473,"1101500",0.0063,0.013,0,0,0,0,0,737.6193,1.945,1.65895886425537,0.510337506668737,2019-07-13,14377.068,0.40586,0.319407338319823,33.3104112692893,4.71391981725213
"RO",78,0.151312102940343,64.615,63.5371,1.596,"1101500",0.9257,1.429,0,0,0,0,0,791.3543,1.962,1.65895886425537,0.532670581831862,2019-07-13,12329.8874,0.34474,0.319407338319823,33.3104112692893,4.71391981725213
"RO",6,0.165107468885179,43.848,42.9413,0.182,"1101500",1.0393,2.365,6.551,0.012,0,0,6.563,651.7165,1.66,1.65895886425537,0.467385131112746,2019-07-13,10595.9621,0.29142,0.319407338319823,33.3104112692893,4.71391981725213
"RO",11,0.114982991426106,16.878,15.4715,0.924,"1101500",1.4439,8.536,0,0,0,0,0,742.4263,1.843,1.65895886425537,0.524461431751984,2019-07-13,11411.7638,0.32279,0.319407338319823,33.3104112692893,4.71391981725213
"RO",47,0.157781528016866,61.581,36.3936,1.679,"1101500",25.8867,41.943,0,0,0,0,0,763.1685,1.956,1.65895886425537,0.402937915056069,2019-07-13,6868.0063,0.19251,0.319407338319823,33.3104112692893,4.71391981725213
"RO",15,0.16024773479898,29.391,24.256,0.804,"1101500",2.0942,7.109,0.034,0,0,0,0.034,775.8923,2.051,1.65895886425537,0.400444890930917,2019-07-13,6908.2101,0.19928,0.319407338319823,33.3104112692893,4.71391981725213
"RO",10,0.128733127991456,73.619,58.8853,0.221,"1101500",17.0104,23.054,0,1.432,0,0,1.432,740.3512,1.88,1.65895886425537,0.409368672814823,2019-07-13,6650.8648,0.18255,0.319407338319823,33.3104112692893,4.71391981725213
"RO",20,0.126648354452882,47.885,45.2795,0.574,"1101500",6.4965,13.537,0,0,0,0,0,759.242,1.96,1.65895886425537,0.407403256687402,2019-07-13,6836.2563,0.19299,0.319407338319823,33.3104112692893,4.71391981725213
"RO",25,0.243925309108158,41.342,34.935,0.93,"1101500",6.3919,15.426,0.002,0,0,0,0.002,603.7743,1.57,1.65895886425537,0.474244831331826,2019-07-13,11255.72,0.31893,0.319407338319823,33.3104112692893,4.71391981725213
"RO",31,0.110562681304854,59.79,45.7324,0.881,"1101500",20.0055,33.385,5.764,4.149,0.882,0,10.795,745.0114,1.908,1.65895886425537,0.414075959802728,2019-07-13,6849.2834,0.1901,0.319407338319823,33.3104112692893,4.71391981725213
"RO",17,0.084669668703218,80.401,61.0128,0.362,"1101500",11.6913,14.509,0,0,0,0,0,728.3237,1.812,1.65895886425537,0.531375739336478,2019-07-13,12343.9418,0.34392,0.319407338319823,33.3104112692893,4.71391981725213
"RO",64,0.242776443479819,62.467,56.3051,1.478,"1101500",7.2467,11.575,0.844,1.125,0,0,1.969,789.917,2.001,1.65895886425537,0.411167687989225,2019-07-13,7546.3322,0.20888,0.319407338319823,33.3104112692893,4.71391981725213
"RO",8,0.204099637980583,28.286,25.714,0.404,"1101500",2.5322,8.932,0,0,0,0,0,749.5032,1.971,1.65895886425537,0.380377350516505,2019-07-13,6542.3431,0.18851,0.319407338319823,33.3104112692893,4.71391981725213
"RO",8,0.0994057616798021,29.392,21.7558,0.478,"1101500",3.1857,10.815,0,0,0,0,0,766.1271,2.021,1.65895886425537,0.401904372382932,2019-07-13,6802.7806,0.1961,0.319407338319823,33.3104112692893,4.71391981725213
"RO",9,0.125,25.532,23.7016,0.494,"1101500",2.1924,8.567,0,0.66,0,0,0.66,753.6363,1.905,1.65895886425537,0.527666908184038,2019-07-13,11852.7364,0.33536,0.319407338319823,33.3104112692893,4.71391981725213
"RO",5,0.284399088247394,28.303,27.513,0.236,"1101500",0,0,0,0,0,0,0,743.0916,1.956,1.65895886425537,0.381556614484096,2019-07-13,6544.8569,0.18885,0.319407338319823,33.3104112692893,4.71391981725213
"RO",25,0.136075837692295,61.699,48.4534,0.671,"1101500",14.9939,24.248,0,1.139,0,0,1.139,747.2212,1.907,1.65895886425537,0.410474181065151,2019-07-13,6916.1327,0.19195,0.319407338319823,33.3104112692893,4.71391981725213
"RO",26,0.188220195363587,54.471,53.3775,0.633,"1101500",0.2099,0.385,0,0,0,0,0,660.8253,1.701,1.65895886425537,0.462200010027474,2019-07-13,10251.4907,0.28517,0.319407338319823,33.3104112692893,4.71391981725213
"RO",32,0.28079385266847,51.063,28.9265,1.438,"1101500",16.4496,32.142,0,0,0,0,0,731.664,1.834,1.65895886425537,0.518243708098969,2019-07-13,11183.4343,0.31324,0.319407338319823,33.3104112692893,4.71391981725213
"RO",25,0.205849116817292,47.604,41.7684,0.778,"1101500",5.9423,12.455,0.974,0,0,0,0.974,608.2707,1.579,1.65895886425537,0.47328221259848,2019-07-13,11205.0224,0.31645,0.319407338319823,33.3104112692893,4.71391981725213
"RO",20,0.177530901354394,32.2,31.7816,0.818,"1101500",3.7216,11.532,1.393,2.728,5.711,0,9.832,575.0718,1.527,1.65895886425537,0.492482806753296,2019-07-13,12997.303,0.37499,0.319407338319823,33.3104112692893,4.71391981725213
"RO",30,0.219960536691633,49.041,45.2461,0.862,"1101500",12.5884,25.612,1.792,1.186,10.629,1.036,14.643,569.3204,1.455,1.65895886425537,0.490705540264641,2019-07-13,13553.1691,0.37468,0.319407338319823,33.3104112692893,4.71391981725213
"RO",8,0.261237243569579,12.142,11.7316,0.886,"1101500",1.154,9.483,0,0,0,0,0,743.4831,1.959,1.65895886425537,0.38110281685668,2019-07-13,6586.796,0.19046,0.319407338319823,33.3104112692893,4.71391981725213
"RO",14,0.0922922999935319,39.815,39.1997,0.464,"1101500",0.0025,0.006,0,0,0,0,0,740.791,1.972,1.65895886425537,0.529399025496811,2019-07-13,12548.8496,0.36097,0.319407338319823,33.3104112692893,4.71391981725213
"RO",52,0.222677399261319,67.165,54.7139,1.236,"1101500",15.1628,22.525,0,1.308,1.832,0,3.14,713.1421,1.802,1.65895886425537,0.396561443957434,2019-07-13,6632.3771,0.18081,0.319407338319823,33.3104112692893,4.71391981725213
"RO",47,0.0690657545213787,80.969,60.2698,1.014,"1101500",20.6882,25.494,0,0.651,0,0,0.651,807.024,1.975,1.65895886425537,0.385033160488915,2019-07-13,7933.4676,0.21288,0.319407338319823,33.3104112692893,4.71391981725213
"RO",27,0.134013968285942,31.985,20.5087,1.711,"1101500",10.8853,33.957,3.332,1.608,0,0,4.94,738.2163,1.976,1.65895886425537,0.415872490377958,2019-07-13,6474.6278,0.18752,0.319407338319823,33.3104112692893,4.71391981725213
"RO",32,0.19143809191643,50.901,23.188,1.794,"1101500",25.9158,50.8,0,0,0,0,0,594.8161,1.552,1.65895886425537,0.50518007818149,2019-07-13,14763.7723,0.41736,0.319407338319823,33.3104112692893,4.71391981725213
"RO",14,0.210372840218073,50.874,42.8872,0.424,"1101500",7.0016,13.732,0,0,0,0,0,624.518,1.623,1.65895886425537,0.49110565051246,2019-07-13,12795.5402,0.35937,0.319407338319823,33.3104112692893,4.71391981725213
"RO",17,0.254586409103073,17.91,17.9498,1.231,"1101500",0,0,0,0,0,0,0,726.6696,1.977,1.65895886425537,0.420911849028889,2019-07-13,6510.982,0.1917,0.319407338319823,33.3104112692893,4.71391981725213
"RO",15,0.128667315974992,60.363,59.4135,0.328,"1101500",1.6923,2.797,0,0,0,0,0,766.5771,1.957,1.65895886425537,0.38192494855877,2019-07-13,6858.6553,0.19241,0.319407338319823,33.3104112692893,4.71391981725213
"RO",24,0.171279435974352,79.57,67.5718,0.462,"1101500",12.097,15.169,0,2.982,0.953,0,3.935,738.5153,1.804,1.65895886425537,0.511138673760479,2019-07-13,10784.498,0.29598,0.319407338319823,33.3104112692893,4.71391981725213
"RO",19,0.154788033547812,61.511,37.9525,0.651,"1101500",25.9832,42.147,1.393,0.84,0,0,2.233,746.9734,1.924,1.65895886425537,0.392999372650997,2019-07-13,6855.2689,0.19299,0.319407338319823,33.3104112692893,4.71391981725213
"RO",40,0.173338018111117,62.952,61.6113,0.844,"1101500",7.6463,12.119,0,0,0,4.536,4.536,778.5592,2,1.65895886425537,0.423148599378859,2019-07-13,7310.8412,0.2055,0.319407338319823,33.3104112692893,4.71391981725213
"RO",34,0.196882765122334,64.828,64.7398,0.683,"1101500",0.0238,0.037,0,0,0,0,0,724.2735,1.895,1.65895886425537,0.391876184546022,2019-07-13,6421.1273,0.18067,0.319407338319823,33.3104112692893,4.71391981725213
"RO",7,0.161703798284891,19.443,17.3344,0.525,"1101500",2.1973,11.276,0,0,0.638,0,0.638,740.5345,1.874,1.65895886425537,0.52241244275261,2019-07-13,11401.2964,0.32297,0.319407338319823,33.3104112692893,4.71391981725213
"RO",5,0.0737084542032363,55.68,38.172,0.17,"1101500",17.8493,31.985,0,0,0,0,0,828.7105,2.127,1.65895886425537,0.401493901602828,2019-07-13,8215.2792,0.22988,0.319407338319823,33.3104112692893,4.71391981725213
"RO",34,0.254677593073724,63.779,54.7735,0.807,"1101500",8.8592,13.859,0,0,0,0,0,736.0707,1.91,1.65895886425537,0.39333634033418,2019-07-13,6558.4444,0.18437,0.319407338319823,33.3104112692893,4.71391981725213
"RO",8,0.249337277188352,24.271,20.4405,0.509,"1101500",3.6523,15.015,0,0,0,0,0,730.2317,1.907,1.65895886425537,0.504486910787322,2019-07-13,14471.7972,0.40425,0.319407338319823,33.3104112692893,4.71391981725213
"RO",102,0.142234198323522,62.74,49.108,2.7,"1101500",13.54,21.533,0,0,0,0,0,750.3294,1.859,1.65895886425537,0.541036390944801,2019-07-13,13011.8391,0.36553,0.319407338319823,33.3104112692893,4.71391981725213
"RO",6,0.113484692283495,47.591,43.0368,0.181,"1101500",4.2088,8.824,0,0,0,0,0,725.7939,1.849,1.65895886425537,0.406290730947854,2019-07-13,6570.8735,0.18096,0.319407338319823,33.3104112692893,4.71391981725213
"RO",12,0.139637577337351,54.725,41.8725,0.373,"1101500",11.8874,21.674,0,0,0,0,0,776.4551,2.037,1.65895886425537,0.501951806650826,2019-07-13,12974.9359,0.36616,0.319407338319823,33.3104112692893,4.71391981725213
"RO",7,0.121099772061848,31.703,28.7925,0.316,"1101500",3.0761,9.681,1.94,0,0,0,1.94,784.313,2.052,1.65895886425537,0.396002560648587,2019-07-13,7329.856,0.20872,0.319407338319823,33.3104112692893,4.71391981725213
"RO",15,0.208600500701333,25.539,20.5334,0.95,"1101500",5.94,23.207,0,2.199,0,0,2.199,623.3819,1.651,1.65895886425537,0.516703530671947,2019-07-13,10727.2413,0.31481,0.319407338319823,33.3104112692893,4.71391981725213
"RO",12,0.0705882352941177,50.212,39.2965,0.397,"1101500",10.7386,21.339,0,0.045,0,0,0.045,768.8625,1.93,1.65895886425537,0.528568908256236,2019-07-13,11961.1766,0.33679,0.319407338319823,33.3104112692893,4.71391981725213
"RO",30,0.154111967077266,29.487,22.753,1.714,"1101500",8.6067,29.123,0,0,2.583,0,2.583,761.0823,1.937,1.65895886425537,0.414764866408679,2019-07-13,7460.2349,0.20827,0.319407338319823,33.3104112692893,4.71391981725213
"RO",13,0.10384700044707,41.105,38.8214,0.435,"1101500",7.6802,18.643,13.249,0,0.069,0.641,13.959,561.3331,1.471,1.65895886425537,0.528873542503453,2019-07-13,17305.4733,0.48519,0.319407338319823,33.3104112692893,4.71391981725213
"RO",23,0.10365672837584,47.992,47.6602,0.627,"1101500",4.2271,8.788,0,0,0,0,0,760.4618,1.965,1.65895886425537,0.407316370698233,2019-07-13,6826.688,0.19317,0.319407338319823,33.3104112692893,4.71391981725213
"RO",45,0.258528378151859,44.784,44.7625,1.307,"1101500",0.1474,0.328,0,0,0,0,0,537.8296,1.402,1.65895886425537,0.530850084271227,2019-07-13,17560.1642,0.49014,0.319407338319823,33.3104112692893,4.71391981725213
"RO",5,0.223583492127439,18.635,18.5617,0.35,"1101500",0.3962,2.121,0,0,0,0,0,703.6784,1.917,1.65895886425537,0.415159094422992,2019-07-13,6136.6897,0.18154,0.319407338319823,33.3104112692893,4.71391981725213
"RO",69,0.135898615204231,68.152,62.1466,1.443,"1101500",7.296,10.682,0,0,0,0,0,843.1609,2.128,1.65895886425537,0.393910355679898,2019-07-13,8161.0279,0.22408,0.319407338319823,33.3104112692893,4.71391981725213
"RO",8,0.0844948974278318,33.517,31.002,0.335,"1101500",2.9297,8.722,0,0,0,0.786,0.786,773.5218,1.984,1.65895886425537,0.382300747503347,2019-07-13,7019.1332,0.19842,0.319407338319823,33.3104112692893,4.71391981725213
"RO",6,0.227293000971076,28.204,25.7098,0.303,"1101500",3.2276,11.418,0,0,0,1.266,1.266,704.7422,1.86,1.65895886425537,0.509192242964986,2019-07-13,14872.4149,0.42062,0.319407338319823,33.3104112692893,4.71391981725213
"RO",24,0.107680854701666,61.616,52.1537,0.598,"1101500",29.1462,47.197,0,0,0,7.452,7.452,745.3851,1.875,1.65895886425537,0.537126344613117,2019-07-13,12962.946,0.3638,0.319407338319823,33.3104112692893,4.71391981725213
"RO",17,0.225765714321684,26.826,26.7724,0.825,"1101500",4.4404,16.516,0,0,0,6.113,6.113,731.8093,1.887,1.65895886425537,0.533805379915948,2019-07-13,12574.4328,0.35815,0.319407338319823,33.3104112692893,4.71391981725213
"RO",12,0.154833147735479,19.4,19.4437,0.802,"1101500",0.2807,1.444,0,0.007,1.254,0,1.261,582.5914,1.493,1.65895886425537,0.489867912569274,2019-07-13,13464.4931,0.37396,0.319407338319823,33.3104112692893,4.71391981725213
"RO",33,0.282755350787952,48.191,47.778,0.898,"1101500",0.5283,1.094,0,0,0,0,0,657.3914,1.751,1.65895886425537,0.493375613601544,2019-07-13,12879.8098,0.36984,0.319407338319823,33.3104112692893,4.71391981725213
"RO",5,0.116855865354369,25.879,11.8021,0.551,"1101500",12.8848,49.678,0,0,0,0,0,589.8332,1.558,1.65895886425537,0.506446169936542,2019-07-13,14706.653,0.42075,0.319407338319823,33.3104112692893,4.71391981725213
"RO",10,0.224384931192402,31.602,29.6383,0.439,"1101500",4.059,12.816,8.048,1.946,4.699,0,14.693,580.9513,1.468,1.65895886425537,0.491553529300581,2019-07-13,13877.417,0.37973,0.319407338319823,33.3104112692893,4.71391981725213
"RO",10,0.189141153805826,24.314,22.2147,0.585,"1101500",2.4649,10.115,0,0,0,0,0,647.4599,1.73,1.65895886425537,0.482416756833799,2019-07-13,11316.4544,0.32846,0.319407338319823,33.3104112692893,4.71391981725213
"RO",9,0.257979589711327,12.211,12.2359,0.956,"1101500",3.1018,25.344,0.897,7.158,12.778,0,20.833,557.3148,1.537,1.65895886425537,0.489943163826839,2019-07-13,12145.1643,0.36387,0.319407338319823,33.3104112692893,4.71391981725213
"RO",9,0.145319726474218,56.863,47.4624,0.247,"1101500",10.1443,17.8,0.071,0,0,0,0.071,756.2777,1.908,1.65895886425537,0.418434777626762,2019-07-13,7561.6703,0.20921,0.319407338319823,33.3104112692893,4.71391981725213
"RO",34,0.198521651008288,67.978,65.5684,0.674,"1101500",10.7509,15.78,0,0,7.108,0.71,7.818,692.3428,1.822,1.65895886425537,0.389615354638987,2019-07-13,6370.8526,0.18035,0.319407338319823,33.3104112692893,4.71391981725213
"RO",34,0.181490232039354,57.388,36.5494,1.209,"1101500",18.8112,32.706,0,0,0,0,0,660.2642,1.686,1.65895886425537,0.463708293492187,2019-07-13,10435.3424,0.28775,0.319407338319823,33.3104112692893,4.71391981725213
"RO",37,0.173442088410817,53.859,51.7056,0.93,"1101500",10.2527,18.994,0,0,0,1.615,1.615,615.2093,1.606,1.65895886425537,0.517005948369149,2019-07-13,15950.6746,0.45031,0.319407338319823,33.3104112692893,4.71391981725213
"RO",10,0.183452743205755,31.362,27.1144,0.479,"1101500",4.1982,13.356,0,0,0,0,0,803.2122,2.074,1.65895886425537,0.3946393292565,2019-07-13,7572.2091,0.21258,0.319407338319823,33.3104112692893,4.71391981725213
"RO",12,0.125526091762588,22.859,20.4633,0.762,"1101500",7.6742,33.497,6.132,0,0.123,1.108,7.363,559.8559,1.484,1.65895886425537,0.528930403463784,2019-07-13,17021.015,0.48326,0.319407338319823,33.3104112692893,4.71391981725213
"RO",6,0.176261695009846,50.03,46.2073,0.169,"1101500",3.5935,7.167,0.22,0.028,0,0,0.248,604.6616,1.592,1.65895886425537,0.488712025845138,2019-07-13,12312.9805,0.35126,0.319407338319823,33.3104112692893,4.71391981725213
"RO",16,0.180573682202868,29.903,23.5897,0.882,"1101500",7.8381,26.153,0,0.208,4.962,0,5.17,755.0555,1.883,1.65895886425537,0.522493815926092,2019-07-13,11604.221,0.32382,0.319407338319823,33.3104112692893,4.71391981725213
"RO",70,0.213064736438205,74.122,72.8322,1.249,"1101500",3.0257,4.073,1.541,1.069,1.185,0,3.795,777.4174,1.975,1.65895886425537,0.528376192359351,2019-07-13,12513.8533,0.34886,0.319407338319823,33.3104112692893,4.71391981725213
"RO",8,0.149973144357009,28.885,27.9082,0.373,"1101500",2.3741,8.201,0,2.466,0,0,2.466,720.1075,1.826,1.65895886425537,0.54189715973132,2019-07-13,13185.9015,0.37571,0.319407338319823,33.3104112692893,4.71391981725213
"RO",23,0.159927374004599,52.431,45.0847,0.663,"1101500",4.8283,9.188,0,0,0,0,0,695.2926,1.823,1.65895886425537,0.516542304176003,2019-07-13,15459.1892,0.43226,0.319407338319823,33.3104112692893,4.71391981725213
