"State","n_cattle","n_cattle_sd","area_ha","pastue_tot_201819_ha","stocking_rate_ha","municipality","mod_deg_perc_201819","sev_deg_perc_201819","crop_201819_perc","mod_pasture_deg_sum_201819_ha","sev_pasture_deg_sum_201819_ha","crop_201819_tot_ha","forest_tot_2013_2014_ha","forest_perc_2013_2014","defo_perc_2013_14","defo_perc_2014_15","defo_perc_2015_16","defo_perc_2016_17","defo_perc_13_17","forest_201819_perc","nearest_fedSh_km","agricultural_credits_1000R","mean_market_share_g4_1317","imagedate"
"AC",34,0.234997587325686,39.843,39.148,1.129,"1200013",48.78,0,0,19.4791,0,0,2.5224,6.317,0,0,0,0,0,1.96,0.825183808270933,0.824738468,0,2019-07-11
"AC",8,0.124721912892465,9.088,9.1086,1.142,"1200013",52.01,0,0,4.7371,0,0,0,0,0,0,0,0,0,0,0.773420153468489,0.824738468,0,2020-05-17
"AC",27,0.0416583291631631,72.291,46.2863,0.758,"1200013",17.54,0,0,12.706,0,0,24.6695,34.049,0,0,0,0,0,36.12,0.832396685338396,0.824738468,0,2019-07-11
"AC",9,0.0988775498396262,14.006,13.6357,0.858,"1200013",79.06,17.99,0,11.0978,2.5257,0,0,0,0,0,0,0,0,0,0.758991761100693,0.824738468,0,2020-05-17
"AC",42,0.122913222770765,78.68,53.4532,1.021,"1200013",0,0,0,0,0,0,11.5969,14.707,0,0,0,0,0,29.63,0.786188082444736,0.824738468,0,2019-07-11
"AC",48,0.062951651706424,102.838,96.5669,0.646,"1200013",52.37,0,0,53.976,0,0,1.317,1.278,0,0,0,0,0,5.83,0.786032516028589,0.824738468,0,2019-07-11
"AC",29,0.105087198129332,80.661,66.4949,0.567,"1200013",41.27,0,0,33.3613,0,0,13.4497,16.637,0,0,0.011,0,0.011,17.75,0.76645306258191,0.824738468,0,2019-07-11
"AC",23,0.0786476151587624,35.145,29.5998,1.01,"1200013",1.41,0,0,0.4971,0,0,3.6998,10.504,0,0,0,0,0,15.97,0.772612420678128,0.824738468,0,2020-05-17
"AC",6,0.0679409808637141,40.521,35.3203,0.221,"1200013",30.1,0.9,0,12.2258,0.3665,0,4.5604,11.229,0,0,0,0,0,13.03,0.809671488160685,0.824738468,0,2019-07-11
"AC",6,0.0699854212223765,23.827,22.439,0.348,"1200013",15.26,0,0,3.6432,0,0,0.0138,0.058,0,0,0,0,0,3.62,0.756637687916257,0.824738468,0,2020-05-17
"AC",14,0.257979589711327,13.984,14.0149,1.299,"1200013",86.6,12.93,0,12.1369,1.8125,0,0,0,0,0,0,0,0,0,0.759851702373927,0.824738468,0,2020-05-17
"AC",6,0.138078700938846,17.915,15.1529,0.515,"1200013",69.06,14.84,0,12.3998,2.6644,0,0,0,0,0,0,0,0,0,0.744572591933844,0.824738468,0,2020-05-17
"AC",11,0.0432641091433023,79.464,74.0006,0.193,"1200013",0,0,0,0,0,0,0,0,0,0,0,0,0,7.08,0.763785407458371,0.824738468,0,2019-07-11
"AC",21,0.133841762096626,43.296,33.4267,0.817,"1200013",26.36,0,0,11.4387,0,0,10.2993,23.735,0,0,2.246,0,2.246,22.97,0.741906266096806,0.824738468,0,2020-05-17
"AC",6,0.0347826086956522,40.585,21.3209,0.366,"1200013",10.74,0.25,0,4.3669,0.1003,0,22.3773,55.014,0.009,3.487,1.21,1.344,6.05,47.58,0.819496613446719,0.824738468,0,2019-07-11
"AC",13,0.267099120809987,12.148,12.175,1.388,"1200013",99.63,0,0,12.1294,0,0,0,0,0,0,0,0,0,0,0.770732692305271,0.824738468,0,2020-05-17
"AC",16,0.0689897948556636,25.355,22.5044,0.924,"1200013",24.98,0,0,6.3486,0,0,2.8555,11.237,0.387,0,0,0,0.387,11.44,0.774676970609349,0.824738468,0,2020-05-17
"AC",15,0.0730985281559681,53.092,42.7898,0.456,"1200013",11.75,0,0,6.2524,0,0,6.0523,11.374,0.062,1.539,0,0.666,2.267,16.44,0.801355656740483,0.824738468,0,2019-07-11
"AC",10,0.0362887369301212,39.078,28.6724,0.453,"1200013",0,0,0,0,0,0,14.0024,35.752,4.526,2.037,0,0,6.563,26.79,0.823192860933576,0.824738468,0,2019-07-11
"AC",7,0.0467707173346743,24.095,24.143,0.377,"1200013",46.38,0,0,11.2005,0,0,0.0094,0.039,0,0,0,0,0,0.05,0.737457203584827,0.824738468,0,2020-05-17
"AC",38,0.0990223821183841,48.863,48.6848,1.015,"1200013",35.33,0,0,17.3022,0,0,0,0,0,0,0,0,0,0,0.801362918082292,0.824738468,0,2019-07-11
"AC",20,0.0391388579559132,88.902,68.3784,0.38,"1200013",16.85,0,0,15.0127,0,0,19.8463,22.274,8.652,1.094,0,0,9.746,23.26,0.814682789804064,0.824738468,0,2019-07-11
"AC",44,0.101065996645686,39.554,32.0522,1.785,"1200013",13.25,0,0,5.2542,0,0,11.6322,29.342,0,1.341,2.599,0,3.94,19.15,0.807285284800793,0.824738468,0,2019-07-11
"AC",15,0.0670750476382315,40.22,19.2211,1.015,"1200013",5.56,0,0,2.2424,0,0,15.4,38.204,0,0,0,0,0,52.32,0.799823918481218,0.824738468,0,2019-07-11
"AC",67,0.0523785165852379,88.523,62.8265,1.386,"1200013",3.87,0,0,3.4375,0,0,20.9364,23.598,0,0,0,0,0,27.99,0.814346192917034,0.824738468,0,2019-07-11
"AC",5,0.0460677838770227,41.448,40.3864,0.161,"1200013",44.52,0,0,18.4938,0,0,2.2759,5.479,14.592,2.336,0,0,16.928,2.78,0.809790334807702,0.824738468,0,2019-07-11
"AC",15,0.0866614332593147,71.536,70.8894,0.275,"1200013",54.23,0,0,38.8832,0,0,0.2165,0.302,0,0,0,0,0,0,0.824100671795223,0.824738468,0,2019-07-11
"AC",18,0.109981990921759,25.399,14.9371,1.567,"1200013",21.77,0,0,5.5419,0,0,12.7036,49.904,1.542,5.157,1.771,0,8.47,41.32,1.07526657936572,0.824738468,0,2020-07-21
"AC",15,0.0711918358845309,42.062,39.7026,0.491,"1200013",9.94,0,0,4.1901,0,0,8.879,21.062,8.411,7.009,1.262,0,16.682,5.82,0.831321238461564,0.824738468,0,2019-07-11
"AC",28,0.0600735462684472,51.974,30.0339,1.212,"1200013",12.99,0,0,6.7686,0,0,20.7793,39.891,0,0,0,0,0,42.34,0.83996162408708,0.824738468,0,2019-07-11
"AC",14,0.0415686474292708,40.61,30.1422,0.604,"1200013",28.53,0,0,11.6125,0,0,7.2498,17.812,1.959,0,1.116,0,3.075,25.94,0.747689363239027,0.824738468,0,2020-05-17
"AC",95,0.29259422279883,42.205,42.2994,2.92,"1200013",94.67,0,0,40.0429,0,0,0.0417,0.099,0,0,0,0,0,0,0.82416161531472,0.824738468,0,2019-07-11
"AC",25,0.0436961443375286,79.846,79.0903,0.411,"1200013",24.07,0,0,19.2628,0,0,1.5212,1.901,0,0,0,0,0,1.11,0.76203934448395,0.824738468,0,2019-07-11
"AC",29,0.105486194061045,76.155,63.0249,0.598,"1200013",42.41,0,0,32.3672,0,0,12.5515,16.445,0,0,0.009,0,0.009,17.43,0.766485597109247,0.824738468,0,2019-07-11
"AC",23,0.0512090287441405,53.915,53.6866,0.557,"1200013",61.33,0,0,33.139,0,0,0,0,0,0,0,0,0,0.64,0.784705731416245,0.824738468,0,2019-07-11
"AC",5,0.0266666666666667,43.731,37.2148,0.175,"1200013",76.93,0,0,33.7179,0,0,4.8374,11.037,0,0,0,0,0,12.66,0.748066729409399,0.824738468,0,2020-05-17
"AC",9,0.0487979774169701,39.258,26.7077,0.438,"1200013",44.92,0,0,17.6754,0,0,10.4228,26.49,0,0,0,0,0,32.12,0.768849331848581,0.824738468,0,2020-05-17
"AC",21,0.186930639376292,16.58,15.1797,1.798,"1200013",33.04,0,0,5.4898,0,0,0,0,0,0,0,0,0,8.65,0.745609075427108,0.824738468,0,2020-05-17
"AC",7,0.05,25.616,23.879,0.381,"1200013",8.06,0,0,2.0689,0,0,2.2662,8.827,0,1.344,0,0,1.344,6.99,0.82828211202128,0.824738468,0,2019-07-11
"AC",10,0.0530690729658951,39.66,39.7479,0.327,"1200013",75.81,0,0,30.1311,0,0,0,0,0,0,0,0,0,0,0.794210940002945,0.824738468,0,2019-07-11
"AC",6,0.0444444444444444,16.01,13.6115,0.573,"1200013",42.55,0,0,6.8268,0,0,0.6205,3.867,0,0,0,0,0,15.16,0.798470030837301,0.824738468,0,2019-07-11
"AC",51,0.181060494488211,42.836,37.2899,1.778,"1200013",61.37,0,0,26.3468,0,0,4.9771,11.593,0,0,1.045,0,1.045,11.15,0.745776127104032,0.824738468,0,2020-05-17
"AC",5,0.0923076923076923,19.605,16.1156,0.403,"1200013",20.35,0.07,0,3.9995,0.0142,0,0.6205,3.158,0,0,0,0,0,9.57,0.798599779359165,0.824738468,0,2019-07-11
"AC",10,0.0919933358698383,80.867,58.6613,0.222,"1200013",17.24,0,0,13.9713,0,0,22.6523,27.949,0,0,0,0.163,0.163,27.62,0.815882812971656,0.824738468,0,2019-07-11
"AC",12,0.0442224794968366,40.554,37.597,0.415,"1200013",0,0,0,0,0,0,1.1335,2.789,0,0,0,0,0,7.5,0.777762267411137,0.824738468,0,2019-07-11
"AC",9,0.0848553383761551,28.298,28.0774,0.417,"1200013",81.42,0,0,23.0919,0,0,0.2211,0.78,0,0,0,0.105,0.105,1,0.768306319693807,0.824738468,0,2020-05-17
"AC",5,0.163299316185545,6.082,5.2416,1.24,"1200013",13.96,0,0,0.8512,0,0,0,0,0,0,0,0,0,14.02,0.768769651065796,0.824738468,0,2020-05-17
"AC",5,0.0429965982852212,40.164,39.0634,0.166,"1200013",43.8,0,0,17.6322,0,0,2.7591,6.854,16.48,3.834,0,0,20.314,2.96,0.809701336784895,0.824738468,0,2019-07-11
"AC",13,0.0333333333333333,40.625,24.3869,0.693,"1200013",0,0,0,0,0,0,20.3905,50.08,0,0,0,5.553,5.553,40.1,1.09060671453508,0.824738468,0,2020-07-21
"AC",7,0.0847791247890658,27.089,10.2553,0.887,"1200013",0,0,0,0,0,0,15.5995,57.458,2.211,8.027,1.82,0,12.058,62.23,1.08869504094237,0.824738468,0,2020-07-21
"AC",5,0.148316324759439,9.873,9.8953,0.657,"1200013",100,0,0,9.8953,0,0,2.7005,27.29,0,0,16.44,1.865,18.305,0,0.762103113439358,0.824738468,0,2020-05-17
"AC",59,0.0411827106300891,97.841,77.8153,0.986,"1200013",21.76,0,0,21.3386,0,0,45.9307,46.839,0,3.163,4.167,4.413,11.743,20.65,0.816229223597992,0.824738468,0,2019-07-11
"AC",44,0.126872873928263,83.21,70.2781,0.814,"1200013",46.32,0,0,38.6258,0,0,12.7311,15.266,0,0,0,0,0,15.73,0.820854028734944,0.824738468,0,2019-07-11
"AC",15,0.115397746573856,25.408,24.3793,0.8,"1200013",34.55,0,0,8.797,0,0,7.3431,28.836,23.146,5.095,14.551,1.127,43.919,4.26,1.07562283430673,0.824738468,0,2020-07-21
"AC",40,0.0732718423907472,59.3,55.1712,0.943,"1200013",12.13,0,0,7.2092,0,0,3.297,5.547,0,0,0,0,0,6.51,0.857705469527984,0.824738468,0,2019-07-11
"AC",19,0.172474487139159,21.201,20.9862,1.177,"1200013",11.75,0,0,2.4976,0,0,0,0,0,0,0,0,0,2.44,0.752498484586727,0.824738468,0,2020-05-17
"AC",52,0.0822952035609039,42.713,41.0854,1.645,"1200013",29.05,0,0,12.4365,0,0,0.8805,2.057,0.131,0,0,0,0.131,4.02,0.813527515233403,0.824738468,0,2019-07-11
"AC",5,0.12,12.07,12.0969,0.537,"1200013",11.67,0,0,1.4117,0,0,0.0253,0.209,0,0,0,0,0,0,0.772405462148379,0.824738468,0,2020-05-17
"AC",27,0.129874372426879,41.985,41.29,0.85,"1200013",33.6,0,0,14.138,0,0,0,0,0,0,0,0,0,0,0.737273058081393,0.824738468,0,2020-05-17
"AC",5,0.136907376701021,22.768,20.794,0.313,"1200013",61.04,7.16,0,13.9286,1.6346,0,0,0,0,0,0,0,0,0,0.75846313139392,0.824738468,0,2020-05-17
"AC",15,0.0317820695913084,94.551,53.8954,0.362,"1200013",0,0,0,0,0,0,38.1837,40.294,0,0.755,1.683,1.169,3.607,43.13,0.818503600497642,0.824738468,0,2019-07-11
"AC",90,0.0882484804296619,164.784,113.0727,1.035,"1200013",22.61,0,0,37.3442,0,0,47.2255,28.595,0,0,0,0,0,31.1,0.794302365369459,0.824738468,0,2019-07-11
"AC",34,0.0866573287008837,30.597,30.6648,1.441,"1200013",17.22,0,0,5.2819,0,0,0,0,0,0,0,0,0,0,0.768964360948283,0.824738468,0,2020-05-17
"AC",11,0.0647213595499958,39.976,40.0237,0.357,"1200013",74.49,18.71,0,29.8442,7.498,0,0.083,0.207,0,0,0,0,0,0.1,0.817935849808581,0.824738468,0,2019-07-11
"AC",22,0.0475791688659749,39.495,39.5833,0.723,"1200013",62.39,0,0,24.6951,0,0,0,0,0,0,0,0,0,0,0.789791526449591,0.824738468,0,2019-07-11
"AC",11,0.0166666666666667,41.399,37.4606,0.382,"1200013",0,0,0,0,0,0,2.1544,5.192,0,0.413,0,0,0.413,9.71,0.824251938654348,0.824738468,0,2019-07-11
"AC",8,0.0355959179422654,41.12,40.742,0.255,"1200013",0,0,0,0,0,0,0.35,0.849,0,0,0,0,0,1.14,0.78541461360495,0.824738468,0,2019-07-11
"AC",89,0.157112306041087,83.79,83.6586,1.383,"1200013",31.52,0,0,26.4735,0,0,13.6329,16.234,0,0.449,7.779,2.801,11.029,0.38,0.757799137386712,0.824738468,0,2019-07-11
"AC",8,0.0699854212223765,11.091,11.1153,0.936,"1200013",81.27,0,0,9.0329,0,0,0,0,0,0,0,0,0,0,0.761478357769339,0.824738468,0,2020-05-17
"AC",14,0.111237243569579,14.484,14.5164,1.254,"1200013",21.79,0,0,3.163,0,0,0,0,0,0,0,0,0,0,0.745997360308765,0.824738468,0,2020-05-17
"AC",11,0.112659863237109,25.07,23.0565,0.62,"1200013",9.7,0,0,2.4375,0,0,19.28,76.732,3.84,12.794,41.165,2.735,60.534,8.24,1.07594559646774,0.824738468,0,2020-07-21
"AC",25,0.0429016689859371,80.478,79.717,0.408,"1200013",25.28,0,0,20.3917,0,0,1.523,1.888,0,0,0,0,0,1.11,0.762824099386466,0.824738468,0,2019-07-11
"AC",15,0.0908651281981146,32.901,28.7987,0.677,"1200013",6.81,0,0,2.2458,0,0,3.8713,11.74,0,5.298,0,0,5.298,12.67,0.851282474716435,0.824738468,0,2019-07-11
"AC",5,0.117104113891562,21.829,20.5032,0.317,"1200013",1.15,0,0,0.2522,0,0,1.618,7.395,0,0,2.532,0,2.532,6.28,0.745466534188923,0.824738468,0,2020-05-17
"AC",17,0.1113552872566,30.304,28.5524,0.774,"1200013",25.88,0,0,7.861,0,0,0.8278,2.726,0,0.715,0,0,0.715,1.16,0.79516943389676,0.824738468,0,2019-07-11
"AC",38,0.0908261398991505,72.671,50.6965,0.974,"1200013",0.17,0,0,0.1271,0,0,11.1542,15.315,0,0,0,0.156,0.156,29.3,0.781570751619181,0.824738468,0,2019-07-11
"AC",44,0.126332495807108,36.791,29.8951,1.913,"1200013",13.42,0,0,4.9501,0,0,10.1884,27.63,0,1.442,1.796,0,3.238,18.93,0.807239605147386,0.824738468,0,2019-07-11
"AC",10,0.08,9.414,9.435,1.378,"1200013",97.65,0,0,9.2137,0,0,0,0,0,0,0,0,0,0,0.741629517422975,0.824738468,0,2020-05-17
"AC",6,0.0455391610986702,52.628,40.2845,0.194,"1200013",0.59,0,0,0.3129,0,0,11.5828,21.96,0,0,0,0,0,23.62,0.849821482616905,0.824738468,0,2019-07-11
"AC",12,0.041298221281347,40.438,35.2188,0.443,"1200013",7.97,0,0,3.2289,0,0,4.8071,11.861,0,0,0,0,0,13.1,0.806177759165892,0.824738468,0,2019-07-11
"AC",6,0.0350735462684472,37.092,28.3196,0.275,"1200013",8.85,0,0,3.2911,0,0,25.2737,67.986,0,5.798,2.012,12.018,19.828,23.82,0.818625031726187,0.824738468,0,2019-07-11
"AC",8,0.108316324759439,43.283,40.1402,0.259,"1200013",20.15,4.61,0,8.7402,1.9999,0,3.7384,8.618,2.657,6.176,0,0,8.833,5.39,0.796992803328659,0.824738468,0,2019-07-11
"AC",10,0.024325212770526,39.674,16.8621,0.771,"1200013",0,0,0,0,0,0,19.5402,49.141,0.418,0.008,0,0,0.426,57.59,0.780516832700915,0.824738468,0,2019-07-11
"AC",8,0.273038237651904,8.118,8.1362,1.278,"1200013",100,0,0,8.1362,0,0,0,0,0,0,0,0,0,0,0.77225250616566,0.824738468,0,2020-05-17
"AC",14,0.257979589711327,14.056,14.0876,1.292,"1200013",76.51,19.81,0,10.7778,2.7902,0,0,0,0,0,0,0,0,0,0.760015032063916,0.824738468,0,2020-05-17
"AC",23,0.114285714285714,9.889,9.8362,3.04,"1200013",5.35,0,0,0.5305,0,0,0,0,0,0,0,0,0,1.5,0.766040817655181,0.824738468,0,2020-05-17
"AC",27,0.0815096472658165,54.82,48.2719,0.727,"1200013",39.55,0,0,21.7289,0,0,1.5365,2.797,0,0,0,0.042,0.042,11.39,0.787710611098692,0.824738468,0,2019-07-11
"AC",19,0.177979589711327,21.36,21.4076,1.154,"1200013",4.59,0,0,0.9835,0,0,0,0,0,0,0,0,0,0,0.75237533889118,0.824738468,0,2020-05-17
"AC",10,0.0741581623797196,56.094,49.4586,0.263,"1200013",10.7,0,0,6.0141,0,0,13.4241,23.878,2.442,0.79,8.827,0,12.059,12.03,0.847368281968997,0.824738468,0,2019-07-11
"AC",43,0.0548562720129048,119.876,109.8771,0.509,"1200013",9.19,0,0,11.0472,0,0,4.2254,3.517,0,0,0,0,0,6.99,0.779745229090508,0.824738468,0,2019-07-11
"AC",14,0.0832192224875248,45.37,44.4964,0.409,"1200013",67.74,3.6,0,30.8003,1.6386,0,0,0,0,0,0,0,0,2.14,0.76367757422715,0.824738468,0,2020-05-17
"AC",5,0.148316324759439,8.885,8.9046,0.73,"1200013",100,0,0,8.9046,0,0,2.629,29.524,0,0,17.844,1.85,19.694,0,0.762121242208577,0.824738468,0,2020-05-17
"AC",8,0.0825343216607239,82.187,77.8941,0.134,"1200013",17.88,0,0,14.731,0,0,3.9327,4.774,0.646,0.752,0.01,0,1.408,5.43,0.761245239068847,0.824738468,0,2019-07-11
"AC",32,0.126862790049193,37.871,31.2278,1.332,"1200013",25.96,0,0,9.8549,0,0,12.1679,32.058,0.583,2.783,9.638,0,13.004,17.73,0.837409185222868,0.824738468,0,2019-07-11
"AC",71,0.159687642468084,70.859,71.0179,1.3,"1200013",2.08,0,0,1.4742,0,0,0,0,0,0,0,0,0,0,0.779366972341659,0.824738468,0,2019-07-11
"AC",51,0.0903765215487822,206.801,187.7098,0.353,"1200013",20.01,0,0,41.4777,0,0,6.7089,3.237,0,0,0,0,0,7.02,0.807192714759196,0.824738468,0,2019-07-11
"AC",36,0.108989794855664,85.724,70.6608,0.662,"1200013",38.12,0,0,32.7537,0,0,22.2732,25.924,1.51,1.504,0.812,0.773,4.599,17.76,0.819434529404081,0.824738468,0,2019-07-11
"AC",18,0.245912806858579,24.076,24.1285,0.97,"1200013",41.81,0,0,10.0895,0,0,2e-04,0.001,0,0,0,0,0,0.01,0.741734121074755,0.824738468,0,2020-05-17
"AC",6,0.0816496580927726,9.698,9.7199,0.802,"1200013",99.06,0,0,9.6282,0,0,0,0,0,0,0,0,0,0,0.765313051856511,0.824738468,0,2020-05-17
"AC",13,0.229965982852212,9.601,9.6228,1.756,"1200013",100,0,0,9.6228,0,0,0,0,0,0,0,0,0,0,0.770761310134466,0.824738468,0,2020-05-17
"AC",36,0.128989794855664,13.137,13.1667,3.554,"1200013",68.46,0,0,9.0138,0,0,0,0,0,0,0,0,0,0,0.746954883205099,0.824738468,0,2020-05-17
"AC",41,0.21682680124837,69.515,63.6838,0.837,"1200013",13.02,0,0,9.0733,0,0,4.4158,6.338,0,0,0,0,0,8.59,0.786756375997421,0.824738468,0,2019-07-11
"AC",45,0.02204859166792,578.422,256.7861,0.228,"1200013",2.35,0,0,13.6326,0,0,311.3976,53.717,2.248,0.673,1.433,0,4.354,55.51,0.847393486792651,0.824738468,0,2019-07-11
"AC",10,0.060977316034756,52.716,38.7314,0.336,"1200013",22.79,0,0,12.0411,0,0,15.8395,29.98,2.261,1.877,0,0,4.138,26.69,0.837734059346516,0.824738468,0,2019-07-11
"AC",8,0.0492911148869311,56.209,54.5783,0.191,"1200013",11.69,0,0,6.5854,0,0,0.1064,0.189,0,0,0,0,0,2.33,0.847714767427354,0.824738468,0,2019-07-11
"AC",5,0.114285714285714,9.404,9.4246,0.69,"1200013",99.99,0,0,9.424,0,0,0,0,0,0,0,0,0,0,0.75121802634224,0.824738468,0,2020-05-17
"AC",16,0.117263449868785,14.515,14.5471,1.43,"1200013",11.07,0,0,1.6099,0,0,0,0,0,0,0,0,0,0,0.771427425535766,0.824738468,0,2020-05-17
"AC",43,0.145532464476952,39.24,37.8544,1.477,"1200013",2.01,0,0,0.7919,0,0,1.6905,4.299,0,0,1.141,0,1.141,3.67,0.764562897462137,0.824738468,0,2019-07-11
"AC",25,0.275026779124845,12.016,12.0256,2.703,"1200013",66.83,0,0,8.0478,0,0,0,0,0,0,0,0,0,0,0.749574158695627,0.824738468,0,2020-05-17
"AC",24,0.038423368514246,74.437,73.3618,0.425,"1200013",52.55,0,0,39.204,0,0,8.9768,12.033,0,0,6.379,3.073,9.452,1.66,0.759018271518077,0.824738468,0,2019-07-11
"AC",10,0.1,9.997,10.0198,1.297,"1200013",34.51,0,0,3.4574,0,0,0,0,0,0,0,0,0,0,0.772594834911714,0.824738468,0,2020-05-17
"AC",21,0.0412671608303619,94.736,55.454,0.492,"1200013",29.31,0,0,27.8301,0,0,33.3561,35.131,0,2.333,0,0,2.333,41.6,0.821090398545799,0.824738468,0,2019-07-11
"AC",24,0.0951074677462425,77.941,60.9933,0.512,"1200013",38.55,14.67,0,30.1157,11.4624,0,6.0523,7.748,0,0,1.135,0,1.135,9.49,0.779821325836737,0.824738468,0,2019-07-11
"AC",6,0.0512090287441405,54.971,54.8888,0.142,"1200013",16.72,0,0,9.2111,0,0,0.2159,0.392,0,0,0,0,0,0.14,0.826472284696124,0.824738468,0,2019-07-11
"AC",6,0.0308423169310316,44.024,15.5361,0.502,"1200013",19.12,3.62,0,8.4345,1.5985,0,28.4091,64.386,0.709,0.873,0,0,1.582,64.79,0.821168476386249,0.824738468,0,2019-07-11
"AC",5,0.0889897948556636,13.625,13.6554,0.476,"1200013",20.75,0,0,2.8335,0,0,0,0,0,0,0,0,0,0,0.77323951860475,0.824738468,0,2020-05-17
"AC",9,0.10544523597953,74.202,59.2832,0.197,"1200013",39.67,13.98,0,29.5004,10.3938,0,6.0709,8.163,0,0,1.192,0,1.192,9.98,0.779936329802614,0.824738468,0,2019-07-11
"AC",33,0.0918558653543692,39.507,36.0995,1.188,"1200013",15.23,0,0,6.0297,0,0,2.2728,5.74,11.768,0,0,0,11.768,7.04,0.828663215048743,0.824738468,0,2019-07-11
"AC",59,0.0411827106300891,97.69,77.6638,0.988,"1200013",21.69,0,0,21.2365,0,0,45.9307,46.912,0,3.168,4.174,4.42,11.762,20.68,0.816240600597402,0.824738468,0,2019-07-11
"AC",19,0.116127682391999,35.668,33.2567,0.743,"1200013",62.33,0,0,22.2827,0,0,2.0447,5.72,0.023,0,0,0,0.023,6.97,0.843054421619567,0.824738468,0,2019-07-11
"AC",59,0.149898715234655,39.718,37.4314,2.049,"1200013",71.04,0,0,28.2785,0,0,0,0,0,0,0,0.227,0.227,0.29,0.817114140809519,0.824738468,0,2019-07-11
"AC",17,0.0486022778734101,70.102,49.1035,0.45,"1200013",44.63,0,0,31.3543,0,0,30.589,43.537,3.776,2.145,0.177,3.483,9.581,30.11,1.07673429106713,0.824738468,0,2020-07-21
"AC",19,0.203822942591142,15.344,15.3784,1.606,"1200013",99.38,0,0,15.2835,0,0,0,0,0,0,0,0,0,0,0.775955834541172,0.824738468,0,2020-05-17
"AC",29,0.154596030728872,100.742,72.6253,0.519,"1200054",0,0,0,0,0,0,47.2456,46.793,7.336,5.425,2.158,3.063,17.982,28.07,0.969745503388396,0,0,2019-04-08
"AC",23,0.131595917942265,42.474,39.8526,0.75,"1200054",31.25,0,0,13.3022,0,0,3.2291,7.586,0,0,0,0,0,6.38,0.913956247562232,0,0,2019-04-08
"AC",12,0.024772148524406,130.935,72.6821,0.215,"1200054",0,0,0,0,0,0,76.9849,58.665,1.953,5.11,0.814,0.674,8.551,44.61,0.963826174415613,0,0,2019-04-08
"AC",16,0.0914939996287905,146.478,104.1902,0.2,"1200054",13.04,0,0,19.1447,0,0,93.7944,63.89,0,3.352,12.824,1.204,17.38,29.03,0.936474749389596,0,0,2019-04-08
"AC",16,0.0380579321649442,96.447,55.7786,0.373,"1200054",0,0,0,0,0,0,44.8672,46.416,1.08,0,1.882,0,2.962,42.19,0.790571420687411,0,0,2019-04-08
"AC",23,0.0688804533657286,117.517,92.5035,0.323,"1200054",7.62,0,0,8.9805,0,0,41.8741,35.553,1.377,1.876,2.476,2.255,7.984,21.46,0.963572119465693,0,0,2019-04-08
"AC",19,0.208309511182358,63.492,48.6122,0.508,"1200054",29.3,0,0,18.6463,0,0,45.9281,72.175,6.403,13.861,8.843,4.999,34.106,23.61,0.950033528453338,0,0,2019-04-08
"AC",16,0.078213504785608,72.476,42.2736,0.492,"1200054",5.99,0,0,4.3521,0,0,30.2953,41.707,0,1.594,0.931,0,2.525,31.47,0.835974053379379,0,0,2019-04-08
"AC",6,0.160196123382526,22.871,15.8158,0.493,"1200054",0,0,0,0,0,0,12.5421,54.717,16.663,10.41,6.006,2.789,35.868,31,0.980780966255949,0,0,2019-04-08
"AC",13,0.110901266151235,28.02,25.7805,0.656,"1200054",7.71,0,0,2.1654,0,0,4.984,17.748,0,1.192,3.567,0,4.759,4.09,0.919516432042626,0,0,2019-04-08
"AC",12,0.0834773360562184,61.02,41.1124,0.379,"1200054",0,0,0,0,0,0,25.5745,41.818,5.329,3.418,1.469,0.59,10.806,32.78,0.97641639385314,0,0,2019-04-08
"AC",9,0.0452658467448322,95.477,56.4981,0.207,"1200054",0,0,0,0,0,0,49.5226,51.753,1.201,2.032,0,1.18,4.413,40.96,0.975466424192274,0,0,2019-04-08
"AC",40,0.185958707928838,54.651,48.9974,1.061,"1200054",0,0,0,0,0,0,10.3229,18.846,9.021,4.643,0.659,0,14.323,10.55,0.968393270373715,0,0,2019-04-08
"AC",7,0.0286643988568141,75.466,49.1155,0.185,"1200054",2.7,0,0,2.0417,0,0,36.517,48.281,6.661,2.498,0,0.781,9.94,35.06,0.954746056555084,0,0,2019-04-08
"AC",8,0.048650425541052,24.391,20.0915,0.518,"1200054",0,0,0,0,0,0,7.5599,30.925,0,0.03,0.249,0,0.279,17.81,0.927240088913731,0,0,2019-04-08
"AC",15,0.0732159305054809,49.435,35.7343,0.546,"1200054",0.09,0,0,0.0422,0,0,29.7445,60.035,1.249,13.02,5.385,0.713,20.367,27.88,0.921982954908354,0,0,2019-04-08
"AC",5,0.0312944064547525,87.44,57.883,0.112,"1200054",10.69,0,0,9.3725,0,0,34.5033,39.371,0.593,1.854,2.338,0,4.785,33.95,0.97472740913293,0,0,2019-04-08
"AC",19,0.0692638365800551,100.263,93.3026,0.265,"1200054",31.21,3.3,0,31.3604,3.3169,0,18.1433,18.055,2.727,5.235,4.998,1.134,14.094,1.44,0.833448063915637,0,0,2019-04-08
"AC",10,0.0504151379222836,69.876,58.2166,0.223,"1200054",12.78,0,0,8.9507,0,0,24.3345,34.747,1.262,2.552,3.485,2.875,10.174,16.87,0.965713739106478,0,0,2019-04-08
"AC",17,0.150937579148935,50.271,42.203,0.524,"1200054",21.13,0,0,10.6445,0,0,15.9609,31.679,0.143,0,0.797,5.072,6.012,16.24,0.96874118919542,0,0,2019-04-08
"AC",14,0.0582828647736501,59.059,39.5686,0.46,"1200054",1.01,0,0,0.5969,0,0,43.2616,73.088,3.306,2.262,5.002,3.701,14.271,33.15,0.978858233064248,0,0,2019-04-08
"AC",35,0.0712721209070363,100.863,56.934,0.799,"1200054",0,0,0,0,0,0,52.9503,52.38,0,2.406,2.646,0.262,5.314,43.28,0.930831992998713,0,0,2019-04-08
"AC",11,0.060353498162737,44.159,38.8591,0.368,"1200054",0,0,0,0,0,0,10.4068,23.514,0,4.393,1.398,0,5.791,11.81,0.919062750658091,0,0,2019-04-08
"AC",10,0.0841012012512303,117.723,55.3684,0.235,"1200054",0.25,0,0,0.2994,0,0,81.6994,69.245,2.414,5.44,4.268,0.598,12.72,53.07,0.990285131802525,0,0,2019-04-08
"AC",23,0.0477265236602594,83.088,43.5374,0.687,"1200054",0,0,0,0,0,0,44.6236,53.586,0,1.534,0,0,1.534,47.72,0.857199115735818,0,0,2019-04-08
"AC",6,0.0816496580927726,20.102,14.8683,0.525,"1200054",0,0,0,0,0,0,12.3569,61.333,2.787,6.096,3.509,3.509,15.901,26.2,0.948887271629082,0,0,2019-04-08
"AC",69,0.0457763484239275,292.792,151.2302,0.593,"1200054",5.74,0,0,16.8521,0,0,178.1091,60.695,0.723,0.638,1.295,0.964,3.62,47.65,0.800568190976742,0,0,2019-04-08
"AC",9,0.0503443101274671,109.408,42.4627,0.276,"1200054",0,0,0,0,0,0,74.1794,67.649,2.242,0.622,0.564,0.322,3.75,60.23,0.792502330355556,0,0,2019-04-08
"AC",7,0.100382857160842,56.805,41.3267,0.22,"1200054",0,0,0,0,0,0,34.0251,59.764,2.668,7.895,2.029,3.415,16.007,27.41,0.963300660726533,0,0,2019-04-08
"AC",16,0.0700716459234528,50.457,43.9864,0.473,"1200054",0,0,0,0,0,0,5.8012,11.472,0,0,0,0,0,11.56,0.917125301257022,0,0,2019-04-08
"AC",5,0.00727272727272728,84.756,28.2651,0.23,"1200054",0,0,0,0,0,0,61.374,72.251,1.249,1.069,0,0.008,2.326,65.42,0.949355737978439,0,0,2019-04-08
"AC",23,0.0655470385818699,115.882,58.3552,0.512,"1200054",0,0,0,0,0,0,78.6706,67.737,4.327,7.329,1.288,2.498,15.442,49.75,0.987031134050711,0,0,2019-04-08
"AC",15,0.0758763499150962,54.057,36.2604,0.538,"1200054",5.76,0,0,3.1212,0,0,18.4719,34.095,1.166,1.597,0.688,0,3.451,33.07,0.9201121219796,0,0,2019-04-08
"AC",18,0.0873857425566271,53.419,33.5125,0.698,"1200054",0.81,0,0,0.4313,0,0,28.631,53.477,6.477,4.291,0.05,0.452,11.27,37.41,0.943228612657175,0,0,2019-04-08
"AC",92,0.137905888720481,140.446,121.9849,0.98,"1200054",55.88,0,0,78.6504,0,0,20.1393,14.308,0,0,0,0,0,13.34,0.906380991326264,0,0,2019-04-08
"AC",23,0.0598863903751459,110.535,78.7329,0.38,"1200054",5.74,0,0,6.364,0,0,77.9836,70.393,0,3.271,7.933,2.894,14.098,28.93,0.855159585244351,0,0,2019-04-08
"AC",7,0.0137931034482759,49.616,36.7169,0.248,"1200054",0,0,0,0,0,0,27.4146,55.13,2.077,11.555,7.108,0.266,21.006,26.16,0.92262742504761,0,0,2019-04-08
"AC",32,0.126444196980638,22.686,21.5373,1.932,"1200054",0,0,0,0,0,0,1.1763,5.173,0,0,0,0,0,5.28,0.935227138883979,0,0,2019-04-08
"AC",16,0.0619527802789518,77.489,76.5871,0.272,"1200054",39.11,1.03,0,30.3702,0.8003,0,27.3794,35.254,0,5.124,2.454,5.299,12.877,0.95,0.831140434621664,0,0,2019-04-08
"AC",11,0.0131286224097331,87.817,43.6837,0.327,"1200054",0.3,0,0,0.2623,0,0,73.7995,83.85,1.406,9.138,7.614,0.301,18.459,48.7,0.838096792269063,0,0,2019-04-08
"AC",7,0.0689897948556636,69.801,17.1609,0.53,"1200054",6.9,0,0,4.8283,0,0,58.9574,84.276,0.99,0.996,3.158,0.505,5.649,75.47,0.917335974757596,0,0,2019-04-08
"AC",7,0.0613722723142507,49.995,30.8495,0.295,"1200054",0,0,0,0,0,0,28.1251,56.13,5.996,13.666,1.494,0.539,21.695,38.43,0.924981362749259,0,0,2019-04-08
"AC",22,0.0957400582662865,84.943,63.9501,0.447,"1200054",8.41,0,0,7.158,0,0,44.4599,52.224,4.426,0.285,1.987,4.204,10.902,24.88,0.958479799423719,0,0,2019-04-08
"AC",12,0.0587936598713502,72.189,43.4846,0.359,"1200054",0,0,0,0,0,0,32.53,44.961,0.78,3.063,1.063,0,4.906,39,0.956318982143339,0,0,2019-04-08
"AC",8,0.0262827236368874,172.266,110.2856,0.094,"1200054",0,0,0,0,0,0,94.8582,54.942,6.278,6.974,2.861,1.28,17.393,35.46,0.950002242341073,0,0,2019-04-08
"AC",76,0.23439770920791,73.031,65.6775,1.504,"1200104",41.19,0,0,30.1475,0,0,8.2877,11.323,0,0,0,0,0,10.27,0.160521735456571,1.12607254,0,2019-08-16
"AC",55,0.134848162224812,124.053,75.0651,0.953,"1200104",0.08,0,0,0.1047,0,0,54.0457,43.469,0,0,0,0.538,0.538,39.62,0.261484413995524,1.12607254,0,2018-07-20
"AC",26,0.191886837612969,51.844,38.0655,0.888,"1200104",29.98,0,0,15.5802,0,0,12.8855,24.798,0,0,0,0,0,24.66,0.138830375841748,1.12607254,0,2019-08-16
"AC",28,0.128769461595549,87.12,65.3525,0.557,"1200104",14.3,0,0,12.4819,0,0,27.7602,31.793,0,0,0,2.439,2.439,25.15,0.174562277398281,1.12607254,0,2019-08-16
"AC",121,0.184515213430247,81.057,72.6746,2.164,"1200104",10.28,0,0,8.3475,0,0,12.1931,15.009,10.453,0.743,0,0,11.196,10.54,0.275900692212549,1.12607254,0,2018-07-20
"AC",10,0.121349720257723,71.16,50.5958,0.257,"1200104",24.17,0,0,17.2405,0,0,19.781,27.736,0,0,0,0,0,29.06,0.192454563280039,1.12607254,0,2019-08-16
"AC",71,0.251045757890334,68.269,68.4215,1.349,"1200104",84.38,0,0,57.7316,0,0,4.3305,6.329,0,0,6.2,0,6.2,0,0.163441431437422,1.12607254,0,2019-08-16
"AC",119,0.129617482632209,65.165,44.445,3.481,"1200104",17.73,0,0,11.5815,0,0,16.853,25.804,1.015,0,0,0,1.015,31.95,0.27027574644046,1.12607254,0,2018-07-20
"AC",70,0.216259485292396,79.082,70.0871,1.298,"1200104",26.69,0,0,21.1555,0,0,27.4678,34.656,1.567,19.974,0.781,0,22.322,11.57,0.279299396755961,1.12607254,0,2018-07-20
"AC",137,0.25606226660881,67.745,62.8313,2.835,"1200104",12.89,0,0,8.7509,0,0,7.7958,11.482,0,0,0,0,0,7.46,0.258876678960735,1.12607254,0,2018-07-20
"AC",77,0.112529836213408,65.317,41.3411,2.421,"1200104",8.87,0,0,5.8052,0,0,24.1998,36.967,0,0,0,0.375,0.375,36.85,0.258808974370463,1.12607254,0,2018-07-20
"AC",59,0.0562292163002576,82.232,69.8415,1.098,"1200104",37.37,0,0,30.7969,0,0,24.2066,29.371,0.798,2.818,0,0,3.616,15.26,0.275560995212677,1.12607254,0,2020-05-17
"AC",87,0.258054189724565,76.195,68.2891,1.656,"1200104",37.85,0,0,28.9033,0,0,10.0841,13.205,0,0.81,0,0.845,1.655,10.58,0.294702761473355,1.12607254,0,2018-07-20
"AC",46,0.13302296404673,86.289,71.6853,0.834,"1200104",29.27,0,0,25.3115,0,0,14.5836,16.863,0,0.32,0,0,0.32,16.31,0.266331909367838,1.12607254,0,2020-05-17
"AC",17,0.0908607267086737,71.125,53.7016,0.412,"1200104",0.24,0,0,0.1681,0,0,23.1297,32.447,0.868,0,0.131,3.423,4.422,23.24,0.295149493383601,1.12607254,0,2018-07-20
"AC",56,0.158709368797532,62.855,53.8312,1.352,"1200104",8.51,0,0,5.3597,0,0,14.4508,22.939,0,0.842,16.224,0.034,17.1,10.6,0.256741784630437,1.12607254,0,2018-07-20
"AC",45,0.0742495801206413,74.716,37.031,1.58,"1200104",9.38,0,0,7.0244,0,0,39.2706,52.442,0,0,1.062,0.322,1.384,50.55,0.241427710213586,1.12607254,0,2018-07-20
"AC",14,0.0684536883505104,65.396,51.8287,0.351,"1200104",22.58,0,0,14.7991,0,0,8.1106,12.375,0,0,0,0,0,20.85,0.14287680696638,1.12607254,0,2019-08-16
"AC",62,0.15805668935182,80.053,64.2087,1.255,"1200104",32.05,0,0,25.7118,0,0,15.1779,18.917,0,0,0.052,0,0.052,19.97,0.297690723875057,1.12607254,0,2018-07-20
"AC",15,0.175164598656214,29.932,28.48,0.685,"1200104",74.35,0,0,22.3035,0,0,0.0478,0.159,0,0,0,0,0,0.06,0.135375011066567,1.12607254,0,2019-08-16
"AC",24,0.102724885366073,80.582,61.2167,0.51,"1200104",10.56,0,0,8.5316,0,0,39.3834,48.765,1.542,0.909,4.992,11.523,18.966,24.2,0.142203932161079,1.12607254,0,2019-08-16
"AC",26,0.125467998444052,79.203,53.1112,0.636,"1200104",28.52,0,0,22.6384,0,0,35.0175,44.114,1.433,0.106,0,2.686,4.225,32.07,0.137040542735208,1.12607254,0,2019-08-16
"AC",48,0.190097491726677,63.156,50.1952,1.243,"1200104",52,0,0,32.9135,0,0,14.1876,22.414,4.363,1.15,0,0,5.513,19.79,0.118658950881634,1.12607254,0,2019-08-16
"AC",15,0.259979259898158,71.391,65.6256,0.297,"1200104",49.2,0,0,35.2048,0,0,5.5172,7.711,0,0.02,0,0,0.02,8.28,0.150487760916071,1.12607254,0,2019-08-16
"AC",8,0.118980633964718,115.434,72.2955,0.144,"1200104",17.55,0,0,20.3069,0,0,42.8062,37,0,0,0,0,0,37.51,0.161101995616328,1.12607254,0,2019-08-16
"AC",84,0.184444545883924,80.028,73.6661,1.482,"1200104",38.01,0,0,30.4849,0,0,10.3353,12.886,0,0,0,0,0,7.66,0.265758325159244,1.12607254,0,2018-07-20
"AC",13,0.284948974278318,16.088,15.6919,1.077,"1200104",58.7,0,0,9.4645,0,0,1.7296,10.726,3.677,2.777,0,0,6.454,2.68,0.131068863874629,1.12607254,0,2019-08-16
"AC",24,0.108739534327879,23.021,16.9407,1.842,"1200104",55.17,0,0,12.73,0,0,5.9889,25.957,0,0,0,0,0,26.58,0.119616956471327,1.12607254,0,2019-08-16
"AC",40,0.0989158227682475,85.685,58.2468,0.893,"1200104",12.07,0.01,0,10.362,0.0077,0,28.4096,33.082,0,0,2.05,0.062,2.112,32.17,0.263826855927791,1.12607254,0,2018-07-20
"AC",6,0.0718847649100064,71.562,57.9467,0.135,"1200104",24.99,0,0,17.9207,0,0,19.6773,27.435,0,1.971,1.601,0,3.572,19.21,0.262163515682251,1.12607254,0,2018-07-20
"AC",22,0.0823979581996885,75.668,71.9959,0.397,"1200104",23.94,0,0,18.1554,0,0,2.7689,3.651,0,0,0,0,0,5.07,0.278139400860138,1.12607254,0,2020-05-17
"AC",14,0.136055813681636,117.754,67.0659,0.271,"1200104",23.35,0,0,27.5517,0,0,58.468,49.541,0.016,2.696,0.254,0.288,3.254,42.8,0.12533643073919,1.12607254,0,2019-08-16
"AC",56,0.190940652869195,75.158,63.5022,1.146,"1200104",18.48,0,0,13.9222,0,0,14.9502,19.847,0,0.555,0,1.085,1.64,15.7,0.269893559275021,1.12607254,0,2018-07-20
"AC",49,0.140809049426057,66.732,50.5343,1.261,"1200104",30.89,0,0,20.6592,0,0,17.6561,26.399,0,0,0,0,0,24.41,0.174898067637399,1.12607254,0,2019-08-16
"AC",14,0.134437824788905,50.407,40.4761,0.45,"1200104",23.31,0,0,11.7763,0,0,12.5415,24.825,0,0,0.02,0,0.02,19.88,0.303990471505186,1.12607254,0,2018-07-20
"AC",19,0.151168082532794,81.521,55.1955,0.448,"1200104",54.88,0,0,44.84,0,0,24.5474,30.044,0,0,0,0,0,30.44,0.161011046317208,1.12607254,0,2019-08-16
"AC",52,0.0638619212594,115.7,77.2578,0.875,"1200104",0,0,0,0,0,0,38.5133,33.213,0,0.869,0,0,0.869,32.84,0.13442867695866,1.12607254,0,2019-08-16
"AC",74,0.175277013989674,65.884,55.6887,1.727,"1200104",13.24,0,0,8.7437,0,0,9.4527,14.315,0,0,0,0,0,15.66,0.275109779272769,1.12607254,0,2018-07-20
"AC",36,0.112659863237109,61.715,53.0985,0.881,"1200104",40.22,0,0,24.8775,0,0,7.9998,12.934,0,0,0,0,0,13.15,0.175460026815175,1.12607254,0,2019-08-16
"AC",16,0.0449937975025537,89.661,57.527,0.362,"1200104",17.85,0,0,16.0405,0,0,29.9923,33.376,0,0,0,0,0,35.43,0.263533366558845,1.12607254,0,2020-05-17
"AC",74,0.195829922869563,57.825,57.8521,1.663,"1200104",7.86,0,0,4.5538,0,0,0.0749,0.129,0,0,0,0,0,0.18,0.271211571333421,1.12607254,0,2018-07-20
"AC",101,0.229000985963755,72.537,69.6482,1.885,"1200104",71.59,0,0,52.0422,0,0,2.5545,3.514,0,0,0,0.146,0.146,3.57,0.26095526769783,1.12607254,0,2018-07-20
"AC",50,0.0954124145231932,71.227,63.2279,1.028,"1200104",11.58,0,0,8.2659,0,0,7.9898,11.192,0,0,0,0,0,11.4,0.257909691286538,1.12607254,0,2018-07-20
"AC",42,0.246108709581537,72.364,61.5306,0.887,"1200104",33.62,0,0,24.384,0,0,8.9635,12.359,0,0,0,0,0,14.06,0.153385221257793,1.12607254,0,2019-08-16
"AC",130,0.232208298763252,78.291,66.9056,2.526,"1200104",7.94,0,0,6.234,0,0,16.5317,21.069,0,0.769,0.123,0,0.892,14.73,0.28999828810759,1.12607254,0,2018-07-20
"AC",10,0.0871325532646169,82.071,34.3142,0.379,"1200104",6.18,0,0,5.0853,0,0,58.4545,71.065,0.676,0.737,0.791,2.042,4.246,56.96,0.129910198290099,1.12607254,0,2019-08-16
"AC",97,0.191863507910901,51.395,49.6719,2.539,"1200104",14.1,0,0,7.2654,0,0,2.0528,3.985,0,0,0,0,0,3.57,0.269588367307945,1.12607254,0,2018-07-20
"AC",63,0.117755099679252,65.29,39.1287,2.093,"1200104",29.56,3.76,0,19.3404,2.4576,0,24.6908,37.733,0,0,0,0,0,35.28,0.245045456902193,1.12607254,0,2018-07-20
"AC",51,0.153060425970991,66.777,49.609,1.336,"1200104",42.76,0,0,28.6159,0,0,28.8719,43.14,0,0,0,1.751,1.751,25.88,0.24309059314514,1.12607254,0,2018-07-20
"AC",75,0.123096957112402,86.944,61.0416,1.597,"1200104",4.86,0,0,4.2349,0,0,28.2229,32.389,0.497,0,0,0.406,0.903,29.95,0.250541723862346,1.12607254,0,2018-07-20
"AC",44,0.115699706936662,56.681,47.9322,1.193,"1200104",2.31,0,0,1.3129,0,0,22.5119,39.628,4.045,10.105,3.632,0,17.782,15.62,0.306789865040339,1.12607254,0,2018-07-20
"AC",15,0.0633999127045377,58.294,34.6094,0.563,"1200104",0,0,0,0,0,0,23.395,40.043,0,0,0,0,0,40.76,0.27153418469035,1.12607254,0,2018-07-20
"AC",106,0.213822697289787,68.71,64.8116,2.126,"1200104",12.56,0,0,8.6497,0,0,3.8375,5.573,0.144,0,0,0.206,0.35,5.89,0.273177237519105,1.12607254,0,2018-07-20
"AC",13,0.0561807570053939,65.703,44.8188,0.377,"1200104",20.31,0,0,13.3724,0,0,18.1938,27.629,0,0,0,0,0,31.94,0.155984284740327,1.12607254,0,2019-08-16
"AC",73,0.201330965695899,78.807,66.9966,1.416,"1200104",20.4,0,0,16.1087,0,0,14.9604,18.941,0,0.083,0,1.085,1.168,15.18,0.269560593636057,1.12607254,0,2018-07-20
"AC",12,0.088072078539145,72.481,53.0216,0.294,"1200104",0,0,0,0,0,0,22.1028,30.427,8.875,0,0,0,8.875,26.93,0.173385615491634,1.12607254,0,2019-08-16
"AC",54,0.176277936911707,71.357,59.4663,1.181,"1200104",3.43,0,0,2.4508,0,0,19.0005,26.568,0,0.019,0,1.801,1.82,16.78,0.255501028148293,1.12607254,0,2018-07-20
"AC",74,0.274473281685313,73.77,66.8186,1.44,"1200104",42.55,0,0,31.4583,0,0,9.7583,13.199,6.861,2.907,0,0,9.768,9.63,0.117447737796988,1.12607254,0,2019-08-16
"AC",18,0.0840700584210952,74.91,50.8408,0.46,"1200104",15.96,0,0,11.9823,0,0,25.7617,34.313,0.942,0,0,0,0.942,29.78,0.267651421474399,1.12607254,0,2018-07-20
"AC",111,0.138632422527742,69.334,68.9147,2.094,"1200104",27.67,0,0,19.2267,0,0,0,0,0,0,0,0,0,0,0.269026622962208,1.12607254,0,2018-07-20
"AC",99,0.260324052804364,85.82,76.7803,1.676,"1200104",42.16,11.92,0,36.2636,10.2503,0,8.6795,10.091,0,0,2.26,0.668,2.928,5.44,0.265982129354936,1.12607254,0,2018-07-20
"AC",30,0.0301660321544622,85.217,52.9272,0.737,"1200104",24.06,0,0,20.5494,0,0,33.0809,38.733,0,0.126,0,0,0.126,38.03,0.27275915894767,1.12607254,0,2020-05-17
"AC",114,0.180296050844774,65.531,55.6211,2.664,"1200104",26.91,0,0,17.6733,0,0,9.8229,14.956,0,0,0,0,0,14.85,0.171301108978224,1.12607254,0,2019-08-16
"AC",70,0.196162423481717,51.281,47.2239,1.927,"1200104",2.37,0,0,1.2189,0,0,6.4111,12.474,1.021,3.501,0,0,4.522,8.12,0.274830217330771,1.12607254,0,2018-07-20
"AC",57,0.158994581290198,55.001,45.5422,1.627,"1200104",67.25,0,0,37.071,0,0,9.0071,16.34,0,0,0,0,0,17.38,0.119214950211001,1.12607254,0,2019-08-16
"AC",119,0.211538423249758,44.875,37.5227,4.123,"1200104",0,0,0,0,0,0,4.5002,10.006,0,0,0,0,0,16.57,0.285883537400032,1.12607254,0,2018-07-20
"AC",28,0.163870843418912,77.667,58.5712,0.621,"1200104",46.63,0,0,36.2979,0,0,19.2466,24.726,0,0,0,0,0,24.76,0.181186199503813,1.12607254,0,2019-08-16
"AC",82,0.180329626362681,81.103,71.3047,1.495,"1200104",21.59,0,0,17.5458,0,0,15.6463,19.249,5.912,1.125,0.87,0.853,8.76,12.28,0.134459758620379,1.12607254,0,2019-08-16
"AC",14,0.13059674408065,50.25,41.1966,0.442,"1200104",23.25,0,0,11.7117,0,0,13.1695,26.149,0,0,3.038,0,3.038,18.2,0.303556671539273,1.12607254,0,2018-07-20
"AC",24,0.178004367518207,61.585,54.5119,0.572,"1200104",45.88,0,0,28.3182,0,0,6.9196,11.211,0,0,0,0,0,11.68,0.195801228983972,1.12607254,0,2019-08-16
"AC",57,0.0807515353055877,82.482,55.2205,1.342,"1200104",24.28,0,0,20.0756,0,0,36.1089,43.68,0,2.116,0,3.173,5.289,33.2,0.127954678150032,1.12607254,0,2019-08-16
"AC",22,0.090881936548403,66.764,54.9501,0.52,"1200104",34.7,0,0,23.2182,0,0,13.0201,19.458,0,0,0.792,0,0.792,17.88,0.168231965891157,1.12607254,0,2019-08-16
"AC",76,0.17594665936683,63.76,60.9825,1.62,"1200104",4.1,0,0,2.617,0,0,5.6135,8.784,0,0,0,1.867,1.867,2.56,0.205170435843662,1.12607254,0,2019-08-16
"AC",35,0.197027495897148,34.94,34.4834,1.319,"1200104",54.98,0,0,19.2541,0,0,0.1881,0.537,2.776,0,0,0,2.776,1.53,0.30834040878442,1.12607254,0,2018-07-20
"AC",54,0.203436704234878,77.152,55.2608,1.27,"1200104",49.05,0,0,37.9301,0,0,19.014,24.59,0,0,0,0,0,25.64,0.242162765906343,1.12607254,0,2018-07-20
"AC",211,0.268703775005285,133.458,125.4778,2.186,"1200104",41.71,1.36,0,55.7911,1.8205,0,6.196,4.632,0,0,0,0,0,5.05,0.167917068906006,1.12607254,0,2019-08-16
"AC",84,0.126437992707188,66.65,60.6872,1.799,"1200104",5.12,0,0,3.4217,0,0,6.0409,9.043,0.056,0,0,0,0.056,9.15,0.276347194584466,1.12607254,0,2018-07-20
"AC",47,0.0914725074813099,64.232,41.4242,1.475,"1200104",0,0,0,0,0,0,19.1998,29.824,1.708,0,0,0,1.708,35.65,0.245794506072265,1.12607254,0,2018-07-20
"AC",467,0.264087494946783,144.376,137.905,4.402,"1200104",28.14,8.91,0,40.7255,12.8982,0,1.5823,1.094,0,0,0,0,0,1.26,0.283057717184462,1.12607254,0,2018-07-20
"AC",29,0.214150095276463,24.389,17.4126,2.165,"1200104",47.58,0,0,11.6302,0,0,7.7298,31.624,2.992,0.178,0,0,3.17,28.28,0.119618099643691,1.12607254,0,2019-08-16
"AC",5,0.0395521468444729,53.716,32.4484,0.2,"1200104",14.16,0,0,7.6221,0,0,16.2003,30.092,0,0,0,0,0,38.17,0.14927037833779,1.12607254,0,2019-08-16
"AC",73,0.2403326571126,76.71,67.7219,1.401,"1200104",45.76,0,0,35.1782,0,0,14.52,18.886,2.414,1.329,2.644,0,6.387,11.91,0.147696707596115,1.12607254,0,2019-08-16
"AC",11,0.0847521855768224,65.353,36.9507,0.387,"1200104",31.67,0,0,20.7439,0,0,29.179,44.548,0,0,0,0,0,43.59,0.178475847281499,1.12607254,0,2019-08-16
"AC",7,0.198445838239482,36.444,31.003,0.294,"1200104",36.61,0,0,13.3715,0,0,5.2967,14.501,0,0,0,0,0,14.73,0.151969135828546,1.12607254,0,2019-08-16
"AC",70,0.236579208914319,80.667,72.3071,1.259,"1200104",11.7,0,0,9.4567,0,0,11.9663,14.801,0,2.405,0,0.656,3.061,10.56,0.284577965529976,1.12607254,0,2018-07-20
"AC",57,0.0838573635865718,83.981,60.0849,1.233,"1200104",27.47,0,0,23.1198,0,0,34.0851,40.496,0.091,2.477,0,3.321,5.889,28.5,0.127126077397778,1.12607254,0,2019-08-16
"AC",45,0.175381014816765,55.452,47.8717,1.222,"1200104",43.77,7.88,0,24.3275,4.3787,0,4.8779,8.777,0,0,0,0,0,9.33,0.141524959864112,1.12607254,0,2019-08-16
"AC",187,0.261601222542321,96.476,63.77,3.812,"1200104",0.54,0,0,0.5235,0,0,30.6374,31.686,0,0,0,0,0,34.05,0.275195475711769,1.12607254,0,2018-07-20
"AC",23,0.119517295165034,69.077,45.4034,0.659,"1200104",37.21,0,0,25.7595,0,0,21.0933,30.468,0,0,0,0,0,32.22,0.154073901383276,1.12607254,0,2019-08-16
"AC",96,0.250640920015397,64.032,54.8458,2.275,"1200104",11.64,0,0,7.4699,0,0,10.3355,16.105,0,0,2.793,0.031,2.824,13.02,0.26689186001798,1.12607254,0,2018-07-20
"AC",49,0.137875527563014,72.596,67.3488,0.946,"1200104",71.62,0,0,52.1103,0,0,8.1939,11.262,0,0,0,0,0,5.37,0.13374607227897,1.12607254,0,2019-08-16
"AC",38,0.0905084438410893,83.808,77.189,0.64,"1200104",17.44,0,0,14.6462,0,0,7.8869,9.39,0.631,1.256,0,0,1.887,8.1,0.26947853305806,1.12607254,0,2020-05-17
"AC",38,0.0992952057132536,65.683,42.1955,1.171,"1200104",24.28,3,0,15.9853,1.9759,0,22.4946,34.171,0,0,0,0,0,33.64,0.188605113148083,1.12607254,0,2019-08-16
"AC",52,0.262811510145824,58.542,46.8453,1.443,"1200104",54.73,0,0,32.1133,0,0,9.6093,16.378,0,0,0,0,0,17.27,0.241791658469553,1.12607254,0,2018-07-20
"AC",7,0.121548752125998,64.519,37.0812,0.245,"1200104",29.46,0,0,19.047,0,0,28.9809,44.818,0,0,0,0.556,0.556,42.65,0.19854965050465,1.12607254,0,2019-08-16
"AC",41,0.098068281906662,65.99,52.2698,1.02,"1200104",1.68,0,0,1.1111,0,0,15.1301,22.877,0,0,1.244,0,1.244,20.97,0.260283967092131,1.12607254,0,2018-07-20
"AC",27,0.0709279326771846,50.95,27.3338,1.284,"1200104",0,0,0,0,0,0,31.6419,61.965,0,0.473,0,1.471,1.944,46.47,0.308051343702534,1.12607254,0,2018-07-20
"AC",30,0.0667439414989442,73.481,36.0623,1.081,"1200104",4.85,0,0,3.5731,0,0,37.6197,51.082,0,0,3.12,0,3.12,51.01,0.277684684136368,1.12607254,0,2018-07-20
"AC",47,0.253655473442864,57.003,44.7275,1.366,"1200104",38.88,0,0,22.2102,0,0,11.8034,20.66,0.001,0,0,0,0.001,21.71,0.165222392977342,1.12607254,0,2019-08-16
"AC",8,0.186840236330975,46.817,40.5886,0.256,"1200104",17.31,0,0,8.1209,0,0,6.1807,13.172,0,0,0,0,0,12.08,0.265672484211644,1.12607254,0,2018-07-20
"AC",13,0.16038430081964,72.169,72.3303,0.234,"1200104",68.24,0,0,49.3552,0,0,0.8916,1.233,0,0,1.355,0,1.355,0,0.165333066691184,1.12607254,0,2019-08-16
"AC",64,0.168449908440671,78.775,77.0031,1.08,"1200104",18.69,0,0,14.7569,0,0,2.1311,2.699,1.442,0,0,0.05,1.492,2.47,0.283297457567504,1.12607254,0,2018-07-20
"AC",10,0.0492296210029989,68.662,34.9436,0.372,"1200104",5.71,0,0,3.9307,0,0,37.9391,55.131,0,0.024,0,0.273,0.297,49.22,0.237561803660012,1.12607254,0,2018-07-20
"AC",29,0.191553155247818,86.46,75.4256,0.5,"1200104",1.55,0,0,1.345,0,0,12.459,14.378,0.816,2.141,0,0,2.957,12.96,0.280360696929157,1.12607254,0,2018-07-20
"AC",45,0.150174621346469,58.086,44.5352,1.314,"1200104",1.53,0,0,0.8918,0,0,26.0493,44.746,0,0,10.985,2.202,13.187,23.5,0.300809908619988,1.12607254,0,2018-07-20
"AC",58,0.12083673256847,55.789,37.9154,1.989,"1200104",17.88,0,0,10,0,0,28.2851,50.587,0,1.7,2.082,5.148,8.93,30.3,0.246834482774038,1.12607254,0,2018-07-20
"AC",9,0.124763830167204,79.147,66.3046,0.176,"1200104",24.73,0,0,19.6159,0,0,25.2393,31.818,0,7.799,1.671,1.301,10.771,16.41,0.286923491439848,1.12607254,0,2018-07-20
"AC",25,0.0638435371424778,49.182,27.848,1.167,"1200104",2.78,0,0,1.3679,0,0,20.9072,42.415,0,0,0,0,0,43.5,0.261888481882828,1.12607254,0,2018-07-20
"AC",14,0.126005914550902,62.644,45.1102,0.403,"1200104",56.9,0,0,35.7276,0,0,17.9452,28.582,0,0,0,0,0,26.74,0.178368485605201,1.12607254,0,2019-08-16
"AC",15,0.0741581623797196,10.894,8.9626,2.176,"1200104",0,0,0,0,0,0,2.5679,23.519,8.903,0,0,0.331,9.234,17.91,0.138788797047813,1.12607254,0,2019-08-16
"AC",73,0.239714574796969,66.196,58.4313,1.624,"1200104",60.21,0,0,39.9472,0,0,5.2579,7.925,0,0,0,0,0,7.93,0.149667037477772,1.12607254,0,2019-08-16
"AC",85,0.132909362819985,96.788,65.1498,1.696,"1200104",17.55,0,0,17.0235,0,0,31.1048,32.065,0,0,0,0,0,32.48,0.253818935651419,1.12607254,0,2018-07-20
"AC",22,0.11868669512981,87.754,53.8275,0.531,"1200104",1.17,0,0,1.0307,0,0,36.128,41.078,0,0,0,0,0,37.88,0.186862714520358,1.12607254,0,2019-08-16
"AC",27,0.0648483955905688,50.476,26.8473,1.307,"1200104",0,0,0,0,0,0,31.0426,61.363,0,0.142,0,1.485,1.627,46.93,0.307988171359374,1.12607254,0,2018-07-20
"AC",9,0.0566557723732532,25.282,16.576,0.706,"1200138",0,0,0,0,0,0,10.7924,42.592,2.945,0,2.444,1.05,6.439,34.58,0.314252743493383,1.677811864,0,2019-07-02
"AC",204,0.0700325929797831,639.484,427.141,0.621,"1200138",0.04,0,0,0.2259,0,0,195.6411,30.525,0,0.588,0.554,0.388,1.53,33.05,0.462880804133268,1.677811864,0,2020-05-17
"AC",21,0.0799885657094808,50.258,32.9665,0.828,"1200138",0,0,0,0,0,0,22.2868,44.246,1.057,1.409,0,0.956,3.422,34.55,0.7364623568622,1.677811864,0,2017-08-25
"AC",14,0.106954830170874,50.651,41.4037,0.44,"1200138",0,0,0,0,0,0,7.2986,14.377,0,0,0,0,0,18.44,0.384323631022293,1.677811864,0,2018-06-21
"AC",87,0.165853026565368,90.313,72.7554,1.555,"1200138",0,0,0,0,0,0,33.0824,36.549,0,0,1.176,4.753,5.929,19.56,0.462412539399958,1.677811864,0,2020-05-17
"AC",26,0.0213525180618367,267.615,49.3664,0.685,"1200138",0,0,0,0,0,0,229.2267,85.463,1.809,1.379,0.139,0.248,3.575,81.59,0.73888497308239,1.677811864,0,2017-08-25
"AC",34,0.0400355695857653,200.113,71.1292,0.621,"1200138",0,0,0,0,0,0,147.3026,73.445,2.706,4.907,1.356,0.247,9.216,64.53,0.741898421605786,1.677811864,0,2017-08-25
"AC",24,0.0557081099180768,209.147,121.0885,0.258,"1200138",0,0,0,0,0,0,81.8869,39.065,5.479,0.15,0.325,1.499,7.453,42.23,0.669268231875115,1.677811864,0,2017-08-25
"AC",78,0.157539767648884,53.032,42.6965,2.375,"1200138",0,0,0,0,0,0,11.698,22.009,0,0,0,0,0,19.67,0.438726015103331,1.677811864,0,2020-05-17
"AC",17,0.21380899352994,10.121,7.6648,2.883,"1200138",1.02,31.94,0,0.1031,3.2396,0,0,0,0,0,0,0,0,0,0.462963933884643,1.677811864,0,2020-05-17
"AC",97,0.127511118038651,161.861,113.7423,1.109,"1200138",18.92,0,0,30.6995,0,0,44.3634,27.347,0,0,0,0,0,29.33,0.44714106609493,1.677811864,0,2020-05-17
"AC",14,0.20995626366713,6.763,6.6578,2.734,"1200138",7.37,0,0,0.4997,0,0,0,0,0,0,0,0,0,1.77,0.280653764051287,1.677811864,0,2019-07-02
"AC",75,0.200917477338535,52.443,50.8529,1.917,"1200138",0,0,0,0,0,0,0.4436,0.844,0,0,0,0,0,3.25,0.448091836884356,1.677811864,0,2020-05-17
"AC",52,0.191962778354354,54.372,43.6619,1.548,"1200138",14.6,0,0,7.9539,0,0,16.0626,29.476,7.028,3.728,0,0,10.756,19.88,0.39713534858074,1.677811864,0,2018-06-21
"AC",27,0.0764821768844511,61.992,48.9883,0.716,"1200138",0,0,0,0,0,0,10.6367,17.12,0,0,0,0,0,21.15,0.450965650876169,1.677811864,0,2020-05-17
"AC",5,0.160336211512902,10.101,6.6307,0.98,"1200138",16.64,0,0,1.6845,0,0,2.8502,28.155,0,0,0,0,0,26.63,0.300665858047583,1.677811864,0,2019-07-02
"AC",11,0.0561807570053939,64.972,24.3998,0.586,"1200138",0,0,0,0,0,0,37.814,58.07,0,0,0,0,0,61.93,0.436962424173028,1.677811864,0,2020-05-17
"AC",30,0.0767785979830417,67.113,39.5371,0.986,"1200138",0,0,0,0,0,0,33.6344,50.004,5.447,8.401,0.013,0,13.861,41.22,0.743911342242471,1.677811864,0,2017-08-25
"AC",59,0.254447059297917,60.373,60.5077,1.268,"1200138",29.2,0,0,17.6671,0,0,0,0,0,0,0,0,0,0,0.476295240166068,1.677811864,0,2020-05-17
"AC",158,0.205999315782054,163.914,123.4147,1.664,"1200138",18.82,0,0,30.9187,0,0,65.8206,40.066,4.821,10.788,0.003,0,15.612,24.88,0.392640487193976,1.677811864,0,2018-06-21
"AC",43,0.0710549024098865,100.794,70.3655,0.794,"1200138",4.83,3.21,0,4.879,3.2397,0,16.474,16.308,0,0,0.268,0.012,0.28,21.71,0.465952522367227,1.677811864,0,2020-05-17
"AC",21,0.0434812522248816,64.194,37.2951,0.732,"1200138",0,0,0,0,0,0,32.7506,50.904,1.56,4.451,1.319,0,7.33,42.03,0.741228595124526,1.677811864,0,2017-08-25
"AC",8,0.12365584574727,30.785,29.2445,0.356,"1200203",65.86,1.99,0,20.3203,0.6131,0,1.7898,5.801,0,3.549,0.454,0,4.003,0.86,1.85751700073384,0.407333634,0,2017-07-10
"AC",12,0.137457544504953,32.013,16.1881,0.964,"1200203",19,0,0,6.0957,0,0,16.425,51.193,0,0,5.078,1.39,6.468,47.32,1.86405800737845,0.407333634,0,2017-07-10
"AC",8,0.079509230746186,63.295,42.981,0.242,"1200203",0,0,0,0,0,0,16.4752,25.971,0.702,0,0,0,0.702,32.25,1.87391835530156,0.407333634,0,2017-07-10
"AC",12,0.0460677838770227,44.301,30.1111,0.518,"1200203",18.82,0,0,8.3578,0,0,15.4034,34.692,0,0,2.224,0,2.224,32.16,1.92249707421975,0.407333634,0,2017-07-10
"AC",6,0.0370790811898598,76.351,40.4289,0.193,"1200203",14.59,0,0,11.1657,0,0,43.9653,57.454,0,0,0,0.758,0.758,47.14,1.86773175100141,0.407333634,0,2017-07-10
"AC",8,0.0785204072255855,56.808,32.8474,0.317,"1200203",29.27,0,0,16.6674,0,0,25.7069,45.151,0,1.096,2.819,0.064,3.979,40.8,1.89911968886573,0.407333634,0,2017-07-10
"AC",5,0.0663529565882946,54.167,46.0229,0.141,"1200203",34.12,0,0,18.5217,0,0,6.252,11.516,0,0.226,0,0,0.226,14.87,1.92062401933507,0.407333634,0,2017-07-10
"AC",5,0.0352349825828342,95.051,40.8792,0.159,"1200203",6.1,6.32,0,5.8101,6.021,0,51.5072,54.068,0,0,0,0,0,55.33,1.85915954630374,0.407333634,0,2017-07-10
"AC",5,0.161799627010297,16.235,12.0791,0.538,"1200203",0,0,0,0,0,0,4.222,25.948,0,0,0,0,0,23.02,1.8279361783695,0.407333634,0,2017-07-10
"AC",8,0.0580331480559634,97.912,55.4565,0.188,"1200203",9.47,0,0,9.2947,0,0,44.0258,44.864,2.288,0.138,0.046,0,2.472,43.1,1.84694363469799,0.407333634,0,2017-07-10
"AC",5,0.0316063192617184,98.952,41.9874,0.155,"1200203",4.97,0,0,4.9297,0,0,63.9242,64.457,0.54,1.498,0.263,0,2.301,56.4,1.91389774977253,0.407333634,0,2017-07-10
"AC",5,0.0252223574411438,102.893,44.8286,0.145,"1200203",11.26,0,0,11.6122,0,0,60.158,58.336,0,0,0,1.167,1.167,56.53,1.89591174612898,0.407333634,0,2017-07-10
"AC",21,0.156719163848037,72.021,49.91,0.547,"1200203",18.36,0,0,13.2504,0,0,23.1601,32.086,0.121,0,0,1.174,1.295,30.53,1.92957316483122,0.407333634,0,2017-07-10
"AC",6,0.056501457051215,98.972,42.4552,0.184,"1200203",11.25,0,0,11.1582,0,0,58.307,58.781,0.365,0,2.607,0,2.972,57.2,1.88406306902053,0.407333634,0,2017-07-10
"AC",14,0.0726779487100798,59.947,39.1039,0.465,"1200203",0,0,0,0,0,0,26.7871,44.585,0,0,4.64,1.42,6.06,34.92,1.91144551399973,0.407333634,0,2017-07-10
"AC",8,0.0802749430154621,54.382,29.7097,0.35,"1200203",8.84,0,0,4.8191,0,0,22.6701,41.594,0,0,0,0.655,0.655,44.18,1.9017683193131,0.407333634,0,2017-07-10
"AC",53,0.0761967174842523,63.442,41.2676,1.67,"1200203",37.08,0,0,23.574,0,0,23.1783,36.453,1.122,0,0,0.496,1.618,31.71,1.92629265012379,0.407333634,0,2017-07-10
"AC",9,0.0461092212695673,84.749,46.9343,0.249,"1200203",14.89,0,0,12.6451,0,0,47.5757,56.012,2.1,4.116,1.648,0.479,8.343,44.74,1.83593751235148,0.407333634,0,2017-07-10
"AC",12,0.022254772534085,97.795,36.328,0.429,"1200203",9.17,0,0,8.9888,0,0,67.1435,68.504,0,0,0,0.969,0.969,62.3,1.78160890432149,0.407333634,0,2017-07-10
"AC",21,0.122935173444508,55.067,35.3991,0.771,"1200203",5.47,0,0,3.0165,0,0,23.5792,42.723,0,1.616,0,0,1.616,35.74,1.84187391440258,0.407333634,0,2017-07-10
"AC",8,0.116786076539088,30.172,28.3919,0.366,"1200203",65.5,1.11,0,19.8072,0.3371,0,2.6227,8.673,0,3.937,0.595,0,4.532,2.81,1.85774411615752,0.407333634,0,2017-07-10
"AC",25,0.146607253836022,31.696,29.7584,1.092,"1200203",43.3,0,0,13.7541,6e-04,0,4.3489,13.69,0,4.739,1.764,2.457,8.96,0.72,1.85451601635728,0.407333634,0,2017-07-10
"AC",5,0.0486704761991962,98.78,25.7544,0.252,"1200203",0.19,0,0,0.1858,0,0,73.6128,74.356,1.898,0.631,0.129,0,2.658,73.99,1.81191966305202,0.407333634,0,2017-07-10
"AC",27,0.0282699041263281,105.948,45.8878,0.765,"1200203",0.02,0,0,0.0258,0,0,71.2835,67.131,1.008,1.848,0,1.848,4.704,56.79,1.92907279136476,0.407333634,0,2017-07-10
"AC",5,0.0323599254020595,85.994,28.8885,0.225,"1200203",3.56,0,0,3.0706,0,0,53.2163,61.746,1.449,1.138,0,0,2.587,66.33,1.86432428491219,0.407333634,0,2017-07-10
"AC",10,0.0199961549552658,79.867,21.617,0.601,"1200203",1.19,0,0,0.9517,0,0,63.7467,79.638,0,0,0,1.717,1.717,72.99,1.89235375044596,0.407333634,0,2017-07-10
"AC",6,0.0543697671639397,43.41,27.1183,0.288,"1200203",20.75,3.33,0,9.028,1.4494,0,16.2304,37.305,0,1.23,0,0,1.23,36.53,1.85244122409111,0.407333634,0,2017-07-10
"AC",6,0.127524728611685,33.448,29.7132,0.263,"1200203",0,0,0,0,0,0,7.258,21.651,0,0,2.731,0,2.731,11.36,1.90663118271918,0.407333634,0,2017-07-10
"AC",15,0.00753689151625593,103.068,24.1197,0.808,"1200203",6.64,0,0,6.8552,0,0,73.938,71.577,0.228,0,0,0.299,0.527,76.65,1.7893119749149,0.407333634,0,2017-07-10
"AC",7,0.0139046554461974,96.11,21.9603,0.414,"1200203",11.99,0.04,0,11.5484,0.0377,0,77.2969,80.246,0,0,0,0.324,0.324,77.2,1.78612597390579,0.407333634,0,2017-07-10
"AC",15,0.00905662747397961,171.651,61.2029,0.319,"1200203",10.87,0,0,18.6992,0,0,116.9893,68.002,0,0.377,3.473,0,3.85,63.89,1.88805275441732,0.407333634,0,2017-07-10
"AC",6,0.0222680885707562,69.326,52.3201,0.149,"1200203",0,0,0,0,0,0,26.7583,38.512,0,3.468,2.998,1.886,8.352,24.7,1.91580636055489,0.407333634,0,2017-07-10
"AC",28,0.056891045645818,101.326,67.5433,0.539,"1200203",44.32,0,0,45.0102,0,0,34.5519,34.023,0,1.232,0,0,1.232,32.35,1.87422837262677,0.407333634,0,2017-07-10
"AC",33,0.173825047163553,68.501,38.9685,1.101,"1200203",16.67,1.06,0,11.4425,0.7254,0,28.8352,42.001,0,0,0,0,0,41.83,1.81262658777544,0.407333634,0,2017-07-10
"AC",32,0.0936455770468974,72.642,69.8349,0.596,"1200203",42.68,0,0,31.07,0,0,0.8345,1.146,0,0,0,0,0,1.78,1.91934882081506,0.407333634,0,2017-07-10
"AC",14,0.0577566245622374,100.048,34.7608,0.524,"1200203",21.38,0,0,21.435,0,0,67.8007,67.617,0,0.712,0,0,0.712,63.14,1.89840865083166,0.407333634,0,2017-07-10
"AC",29,0.148001283253889,82.018,50.8639,0.741,"1200203",35.38,0,0,29.0821,0,0,26.3619,32.07,0,0,0,0,0,38.12,2.13932099723021,0.407333634,0,2020-06-17
"AC",5,0.0240512959069361,56.135,22.6822,0.287,"1200203",0.07,0,0,0.0378,0,0,33.0468,58.739,0,0,0.101,1.189,1.29,59.68,1.85400956675501,0.407333634,0,2017-07-10
"AC",5,0.0541096430240499,78.538,34.0335,0.191,"1200203",9.18,0,0,7.2233,0,0,47.6203,60.498,0,1.133,0,0.51,1.643,56.42,1.79098867896812,0.407333634,0,2017-07-10
"AC",11,0.0219015221764011,100.467,53.7217,0.266,"1200203",22.09,0,0,22.2404,0,0,44.8205,44.513,5.141,1.124,0,0,6.265,46.65,1.87944252734141,0.407333634,0,2017-07-10
"AC",12,0.0444792396054012,43.5,34.8943,0.447,"1200203",21.07,0,0,9.1843,0,0,13.5435,31.065,0.625,0,2.889,1.184,4.698,19.5,1.92283894312975,0.407333634,0,2017-07-10
"AC",7,0.0231041214844141,99.605,58.7125,0.155,"1200203",4.84,0,0,4.8283,0,0,41.6538,41.725,0,1.34,2.412,0.715,4.467,40.74,1.92408084786159,0.407333634,0,2017-07-10
"AC",64,0.199085966049213,69.18,33.9517,2.451,"1200203",15.13,1.22,0,10.4892,0.8469,0,37.8784,54.631,0,0,1.672,0,1.672,51.03,1.8160938232038,0.407333634,0,2017-07-10
"AC",44,0.19299582684149,96.224,79.335,0.721,"1200203",41.8,0,0,40.3078,0,0,32.9999,34.218,5.912,13.362,0.081,1.528,20.883,16.18,1.84421243826737,0.407333634,0,2017-07-10
"AC",10,0.125647736893767,37.143,31.7066,0.41,"1200203",32.75,0,0,12.1902,0,0,5.8087,15.604,5.031,0,0,0.013,5.044,12.25,1.85079437171151,0.407333634,0,2017-07-10
"AC",19,0.0331352538932674,79.319,54.2989,0.455,"1200203",2.3,0,0,1.8275,0,0,26.681,33.562,0,0.913,0,0,0.913,31.7,1.86918688849569,0.407333634,0,2017-07-10
"AC",32,0.0845834720365007,93.722,65.9855,0.63,"1200203",47.85,0,0,44.9489,0,0,30.43,32.396,0,0.76,1.424,0,2.184,29.45,1.9070115412841,0.407333634,0,2017-07-10
"AC",7,0.0876410557974492,57.779,39.6516,0.229,"1200203",32.19,0,0,18.6434,0,0,19.6561,33.943,1.54,0,1.848,0.616,4.004,29.98,1.90061938749361,0.407333634,0,2017-07-10
"AC",6,0.0662880510548383,44.053,20.8022,0.375,"1200203",0,4.33,0,0,1.9124,0,24.4602,55.401,0.135,0,0,0.707,0.842,52.88,1.80190409662893,0.407333634,0,2017-07-10
"AC",12,0.0781756332458567,51.003,44.9573,0.347,"1200302",0,0,0,0,0,0,7.1409,13.97,0.567,0,1.581,0,2.148,12.05,0.553072360864072,0.309271424,0,2019-05-17
"AC",33,0.211153496991242,48.542,26.0745,1.645,"1200302",1.59,0,0,0.7736,0,0,27.9265,57.402,0,2.381,2.009,0,4.39,45.19,0.566120298101231,0.309271424,0,2019-05-17
"AC",6,0.0925272771507852,33.908,16.3656,0.477,"1200302",0,0,0,0,0,0,28.8772,84.973,0,0,7.936,1.318,9.254,51.84,0.476585307271781,0.309271424,0,2019-05-17
"AC",27,0.179702563257725,24.013,16.8003,2.089,"1200302",0,0,0,0,0,0,7.6549,31.807,3.016,2.592,0.035,0,5.643,27.15,0.53713680923327,0.309271424,0,2019-05-17
"AC",48,0.0814890319291422,59.945,22.327,2.795,"1200302",0,0,0,0,0,0,47.192,78.551,2.146,2.565,0,2.723,7.434,62.84,0.591931435263308,0.309271424,0,2019-05-17
"AC",29,0.100437551040962,41.248,30.2822,1.245,"1200302",2.91,0,0,1.2018,0,0,18.0331,43.621,9.228,7.956,2.368,0,19.552,26.24,0.549310304685934,0.309271424,0,2019-05-17
"AC",17,0.0492024696228923,56.425,21.4065,1.032,"1200302",0,0,0,0,0,0,35.8322,63.362,0,0,0,0,0,62.15,0.573793506542488,0.309271424,0,2019-05-17
"AC",8,0.0699854212223765,27.09,13.0437,0.797,"1200302",10.19,0,0,2.7655,0,0,13.9593,51.415,0.418,0,0,0,0.418,49.3,0.464008119732521,0.309271424,0,2019-05-17
"AC",41,0.0758251626132732,37.385,34.1955,1.559,"1200302",0,0,0,0,0,0,10.8522,28.964,0,0,1.415,1.07,2.485,8.48,0.546539719725207,0.309271424,0,2019-05-17
"AC",53,0.188580874252954,39.998,23.434,2.94,"1200302",0,0,0,0,0,0,16.897,42.151,0,0,0.026,0,0.026,41.54,0.587346410945183,0.309271424,0,2019-05-17
"AC",52,0.175718948977148,76.736,52.5358,1.287,"1200302",0,0,0,0,0,0,25.3502,32.962,1.497,0,0,0,1.497,31.69,0.5953646109931,0.309271424,0,2019-05-17
"AC",9,0.197458727324676,56.046,35.3337,0.331,"1200302",7.93,0,0,4.4536,0,0,46.7015,83.141,1.912,3.791,10.784,3.409,19.896,37.1,0.426232593144607,0.309271424,0,2019-05-17
"AC",5,0.0329591832798754,43.809,12.2928,0.529,"1200302",0,0,0,0,0,0,38.0346,86.625,1.826,0,0,0,1.826,72,0.603833263458366,0.309271424,0,2019-05-17
"AC",22,0.0222329568995387,151.156,56.3038,0.508,"1200302",5.51,3.56,0,8.3452,5.3907,0,122.251,80.697,2.118,1.53,3.059,2.177,8.884,59.55,0.563784954463916,0.309271424,0,2019-05-17
"AC",51,0.0924569795038714,149.119,63.8425,1.038,"1200302",0,0,0,0,0,0,81.6029,54.601,0,0,0,0.143,0.143,57.28,0.529654164373948,0.309271424,0,2019-05-17
"AC",26,0.225808487606266,20.181,11.7851,2.868,"1200302",0,0,0,0,0,0,12.3738,61.178,3.072,0,5.322,2.643,11.037,41.73,0.523599750915336,0.309271424,0,2019-05-17
"AC",28,0.0934846922834954,29.725,27.8967,1.305,"1200302",0,0,0,0,0,0,0.9937,3.335,0,0,0,0,0,6.36,0.538035902371391,0.309271424,0,2019-05-17
"AC",7,0.08,30.171,19.4033,0.469,"1200302",0,0,0,0,0,0,12.8665,42.549,0,0,0,1.914,1.914,34.36,0.466867858175176,0.309271424,0,2019-05-17
"AC",37,0.0728431359084684,23.372,22.389,2.148,"1200302",0,0,0,0,0,0,3.7185,15.874,4.512,0,0.47,0,4.982,4.42,0.550276026080493,0.309271424,0,2019-05-17
"AC",13,0.0218088114494371,46.262,22.1902,0.762,"1200302",0,0,0,0,0,0,21.681,46.761,4.034,1.967,0.537,0,6.538,51.18,0.577903151686581,0.309271424,0,2019-05-17
"AC",6,0.0333050171623766,45.275,10.6711,0.731,"1200302",0,0,0,0,0,0,29.577,65.182,0,0,0,0,0,76.48,0.48920084382205,0.309271424,0,2019-05-17
"AC",15,0.12782961041577,35.479,27.7707,0.702,"1200302",0,0,0,0,0,0,10.69,30.063,0,0.8,3.007,0,3.807,21.9,0.526532845410911,0.309271424,0,2019-05-17
"AC",13,0.0635641391826168,28.478,22.5402,0.75,"1200302",0,0,0,0,0,0,17.1253,60,0,1.872,17.427,4.342,23.641,21.03,0.474835712363404,0.309271424,0,2019-05-17
"AC",6,0.0259527728593666,121.289,7.4826,1.042,"1200302",0,0,0,0,0,0,114.0056,93.786,0,0,0,0.22,0.22,93.84,0.407506311070835,0.309271424,0,2019-05-17
"AC",84,0.272032524079627,23.079,20.1494,5.42,"1200302",0,0,0,0,0,0,3.2383,14,2.234,0,0,0,2.234,12.89,0.536968425999522,0.309271424,0,2019-05-17
"AC",24,0.119411305627003,55.9,40.6659,0.767,"1200302",0,0,0,0,0,0,18.9529,33.829,1.395,4.493,0,0,5.888,26.46,0.574578510572485,0.309271424,0,2019-05-17
"AC",11,0.0947722557505166,30.061,20.9093,0.684,"1200302",0,0,0,0,0,0,12.7825,42.427,0,2.679,2.365,0.649,5.693,30.6,0.420082432750031,0.309271424,0,2019-05-17
"AC",16,0.071227366343975,38.312,25.6997,0.809,"1200302",0,0,0,0,0,0,27.7857,72.364,6.256,25.685,0,0.812,32.753,33.07,0.55982110975727,0.309271424,0,2019-05-17
"AC",7,0.063772751195312,55.373,30.8494,0.295,"1200302",0,0,0,0,0,0,36.7488,66.218,5.014,5.388,5.299,0.562,16.263,39.52,0.557288345240389,0.309271424,0,2019-05-17
"AC",8,0.0688303688022451,22.391,15.0912,0.689,"1200302",0,0,0,0,0,0,10.686,47.618,6.973,4.837,0,0,11.81,32.75,0.55200528958045,0.309271424,0,2019-05-17
"AC",32,0.164038548311294,119.866,51.2271,0.812,"1200302",0,0,0,0,0,0,71.813,59.777,0,0.667,1.804,1.112,3.583,57.36,0.420100149298363,0.309271424,0,2019-05-17
"AC",20,0.0220097493339644,51.583,38.4938,0.675,"1200302",0,0,0,0,0,0,10.7821,20.856,1.034,1.379,0.686,0,3.099,25.54,0.529182268039956,0.309271424,0,2019-05-17
"AC",10,0.156303467155971,89.493,69.5211,0.187,"1200302",4.97,0,0,4.4536,0,0,46.0776,51.372,1.589,2.458,6.933,2.135,13.115,20.83,0.426979040355703,0.309271424,0,2019-05-17
"AC",10,0.0494387749198131,57.008,40.1096,0.324,"1200302",0,0,0,0,0,0,22.5383,39.447,0.041,1.871,2.339,0.546,4.797,29.8,0.517068560392873,0.309271424,0,2019-05-17
"AC",49,0.0670581112191192,123.817,53.8136,1.184,"1200302",0,0,0,0,0,0,81.735,65.865,1.149,0,5.012,0.682,6.843,56.63,0.453311488067202,0.309271424,0,2019-05-17
"AC",5,0.11610544158648,27.655,22.4255,0.29,"1200302",0,0,0,0,0,0,20.6086,74.354,3.014,13.494,2.4,4.664,23.572,19.09,0.572474809791198,0.309271424,0,2019-05-17
"AC",17,0.134013968285942,24.659,21.1845,1.043,"1200302",0,0,0,0,0,0,4.8795,19.743,3.965,5.418,0,0,9.383,13.35,0.526926880827776,0.309271424,0,2019-05-17
"AC",10,0.0544331053951817,30.055,10.7258,1.212,"1200302",0,0,0,0,0,0,21.1788,70.31,7.802,3.028,0.403,0,11.233,64.39,0.555479553403566,0.309271424,0,2019-05-17
"AC",86,0.244848525006741,55.043,41.3952,2.701,"1200302",0,0,0,0,0,0,19.1589,34.729,12.294,3.6,1.223,0.089,17.206,24.96,0.588912795440306,0.309271424,0,2019-05-17
"AC",69,0.112798294653783,80.757,39.689,2.26,"1200302",0,0,0,0,0,0,59.7907,73.873,0,1.032,8.944,2.682,12.658,50.96,0.600723657337293,0.309271424,0,2019-05-17
"AC",14,0.0950899377651758,101.564,79.9934,0.228,"1200302",4.07,0,0,4.1401,0,0,23.3692,22.958,0,0,0,0,0,21.42,0.376113461896754,0.309271424,0,2019-05-17
"AC",9,0.0890330402699956,31.243,20.6731,0.566,"1200302",0,0,0,0,0,0,10.4317,33.315,0,0,0,0,0,32.56,0.565048092129905,0.309271424,0,2019-05-17
"AC",5,0.0895502047406066,27.18,12.2758,0.529,"1200302",0,0,0,0,0,0,20.1479,73.962,5.539,0,3.63,2.31,11.479,54.56,0.540834520148215,0.309271424,0,2019-05-17
"AC",5,0.0687786013839366,50.259,18.4131,0.353,"1200302",0,0,0,0,0,0,34.6486,68.786,5.658,0,3.068,0.53,9.256,63.45,0.425223137611415,0.309271424,0,2019-05-17
"AC",8,0.0707587639545267,60.061,38.8766,0.268,"1200302",0,0,0,0,0,0,23.6199,39.238,2.066,1.332,1.036,0,4.434,35.19,0.540527463303769,0.309271424,0,2019-05-17
"AC",6,0.0436824201501164,84.617,45.517,0.171,"1200302",0.07,0,0,0.0572,0,0,47.6827,56.225,2.101,4.838,2.601,0.42,9.96,46.33,0.422378810997234,0.309271424,0,2019-05-17
"AC",18,0.268623680845914,40.293,27.5625,0.849,"1200302",0,0,0,0,0,0,26.342,65.23,0,1.544,1.985,3.75,7.279,30.31,0.56884368083222,0.309271424,0,2019-05-17
"AC",20,0.173595016847501,45.208,31.5342,0.825,"1200302",0,0,0,0,0,0,18.9254,41.769,5.85,1.111,4.781,0,11.742,30.4,0.577402610957972,0.309271424,0,2019-05-17
"AC",9,0.108256432545941,35.211,29.9552,0.391,"1200302",0,0,0,0,0,0,8.3879,23.769,0,0,0,2.399,2.399,15.12,0.538108776295624,0.309271424,0,2019-05-17
"AC",22,0.0877404506311994,32.097,13.8177,2.07,"1200302",0,0,0,0,0,0,19.0332,59.167,2.252,0,0,0,2.252,57.05,0.571085383773586,0.309271424,0,2019-05-17
"AC",22,0.062305706894718,49.563,31.7999,0.899,"1200302",0.36,0,0,0.1767,0,0,18.4021,37.046,2.451,0,0,0,2.451,33.44,0.544193046825955,0.309271424,0,2019-05-17
"AC",6,0.0523469381503903,57.188,22.93,0.34,"1200302",0,0,0,0,0,0,39.6951,69.256,0.001,3.882,0.035,0.58,4.498,59.99,0.570570263357026,0.309271424,0,2019-05-17
"AC",12,0.19819236050496,38.427,29.2378,0.534,"1200302",0,0,0,0,0,0,24.9548,64.797,3.342,10.813,7.864,1.434,23.453,24.08,0.596152042330496,0.309271424,0,2019-05-17
"AC",7,0.0235651083453493,363.27,118.0693,0.077,"1200302",0,0,0,0,0,0,258.5147,71.004,0.71,0.751,0.28,0.44,2.181,67.57,0.515504399393777,0.309271424,0,2019-05-17
"AC",31,0.050033528274305,77.654,34.931,1.154,"1200302",0,0,0,0,0,0,52.5466,67.516,0,0,7.154,1.087,8.241,55.12,0.453186694999367,0.309271424,0,2019-05-17
"AC",8,0.0351364184463153,26.988,16.3687,0.635,"1200302",0,0,0,0,0,0,11.526,42.612,4.611,1.295,0,0,5.906,37.46,0.5160092698024,0.309271424,0,2019-05-17
"AC",19,0.12696060153405,29.956,29.2026,0.846,"1200302",0,0,0,0,0,0,0.7762,2.586,0,0,0,0,0,2.73,0.535403071916182,0.309271424,0,2019-05-17
"AC",53,0.0802722539810433,69.847,51.34,1.342,"1200302",0,0,0,0,0,0,7.9432,11.347,0,0,0,0,0,26.66,0.531137995429327,0.309271424,0,2019-05-17
"AC",8,0.0741581623797197,52.296,31.3376,0.332,"1200302",0,0,0,0,0,0,21.8074,41.607,0.261,0.248,1.19,0,1.699,39.79,0.54263575060544,0.309271424,0,2019-05-17
"AC",5,0.032,36.742,4.9531,1.312,"1200302",0,0,0,0,0,0,31.5595,85.702,0,0,0,0,0,86.55,0.533882743305978,0.309271424,0,2019-05-17
"AC",18,0.106506881328216,68.724,23.6993,0.987,"1200302",0,0,0,0,0,0,58.3435,84.706,0,2.91,5.382,0.388,8.68,65.59,0.581037504844255,0.309271424,0,2019-05-17
"AC",9,0.0470588235294118,76.18,33.0787,0.354,"1200302",1.4,1.05,0,1.0687,0.8001,0,53.9678,70.684,4.321,5.988,4.611,0.583,15.503,46.29,0.38495360227036,0.309271424,0,2019-05-17
"AC",7,0.0333333333333333,34,12.22,0.745,"1200302",0,0,0,0,0,0,23.562,69.144,0,0,0,0.243,0.243,64.14,0.412883084045034,0.309271424,0,2019-05-17
"AC",5,0.283797226021838,21.096,13.9527,0.466,"1200302",0,0,0,0,0,0,9.0976,43.028,0.137,10.59,0,0,10.727,34.01,0.424584010447428,0.309271424,0,2019-05-17
"AC",20,0.124307556900109,51.275,39.1115,0.665,"1200302",0,0,0,0,0,0,15.25,29.675,1.907,2.242,1.387,0,5.536,23.89,0.542707679767962,0.309271424,0,2019-05-17
"AC",5,0.057491495713053,34.333,23.1712,0.281,"1200302",0,0,0,0,0,0,16.3313,47.461,8.608,6.975,2.714,0.96,19.257,32.66,0.462555670979977,0.309271424,0,2019-05-17
"AC",19,0.211171127849839,29.333,15.1561,1.63,"1200302",0,0,0,0,0,0,15.0696,51.26,4.501,0,0,0,4.501,48.45,0.570100884737138,0.309271424,0,2019-05-17
"AC",10,0.0779039102362461,38.59,16.6079,0.783,"1200302",0,0,0,0,0,0,23.2594,60.139,2.25,0,0,0,2.25,57.06,0.559310762744062,0.309271424,0,2019-05-17
"AC",8,0.176303797667415,55.413,51.72,0.201,"1200302",0,0,0,0,0,0,10.9907,19.79,2.54,7.059,2.543,1.473,13.615,6.87,0.569885425021724,0.309271424,0,2019-05-17
"AC",20,0.1028547341582,39.076,31.9708,0.813,"1200302",0,0,0,0,0,0,10.431,26.635,2.107,1.869,2.83,1.595,8.401,16.77,0.55395278552587,0.309271424,0,2019-05-17
"AC",23,0.162778997121004,26.103,20.5193,1.457,"1200302",0,0,0,0,0,0,10.7396,41.052,0,0,5.826,4.053,9.879,21.57,0.474943129933235,0.309271424,0,2019-05-17
"AC",6,0.135881961727428,25.459,20.4351,0.382,"1200302",0,0,0,0,0,0,5.3851,21.105,0,0,0,0,0,19.91,0.523519502630825,0.309271424,0,2019-05-17
"AC",5,0.0347826086956522,35.268,27.2879,0.238,"1200302",0,0,0,0,0,0,7.5065,21.237,1.106,0,0,0,1.106,21.25,0.513061622131351,0.309271424,0,2019-05-17
"AC",18,0.167698081789533,64.694,55.6254,0.421,"1200302",0,0,0,0,0,0,17.2578,26.617,1.754,6.064,1.866,1.124,10.808,14.21,0.569047040047828,0.309271424,0,2019-05-17
"AC",6,0.128458848202239,29.665,11.3525,0.687,"1200302",14.94,0,0,4.4428,0,0,20.2138,67.988,3.295,0,3.894,1.648,8.837,59.13,0.45590070448549,0.309271424,0,2019-05-17
"AC",23,0.0959071488106412,60.466,27.7729,1.077,"1200302",0,0,0,0,0,0,36.9181,60.919,3.087,3.48,2.646,0,9.213,54.17,0.569688125007811,0.309271424,0,2019-05-17
"AC",38,0.225241176990859,47.279,39.6778,1.245,"1200302",0,0,0,0,0,0,17.7715,37.505,9.351,4.117,4.545,0,18.013,16.26,0.595406224986783,0.309271424,0,2019-05-17
"AC",6,0.0613722723142508,45.078,32.8745,0.237,"1200302",0,0,0,0,0,0,13.2402,29.306,6.712,8.321,0,0,15.033,27.23,0.587906561140392,0.309271424,0,2019-05-17
"AC",159,0.148636104346601,369.526,178.0785,1.161,"1200302",0,1.11,0,0,4.0938,0,201.2246,54.333,0.529,0.77,0.216,0.289,1.804,51.88,0.404322288078533,0.309271424,0,2019-05-17
"AC",24,0.244610340807679,47.118,39.7306,0.785,"1200302",1.45,0.25,0,0.6856,0.1204,0,10.0001,21.176,0,0,0.337,0.154,0.491,15.82,0.544614528798664,0.309271424,0,2019-05-17
"AC",11,0.0789768797920972,33.374,19.3775,0.738,"1200302",0,0,0,0,0,0,17.7596,53.096,0,1.527,0.384,0.575,2.486,42.07,0.419752219407887,0.309271424,0,2019-05-17
"AC",16,0.0558220814145168,97.466,47.8013,0.435,"1200302",0,0,0,0,0,0,57.8462,59.217,0,0,4.515,0,4.515,51.07,0.405335314901443,0.309271424,0,2019-05-17
"AC",35,0.177883994584909,28.814,23.8572,1.907,"1200302",0,0,0,0,0,0,8.4836,29.377,3.392,9.281,0,0.068,12.741,15.95,0.527182511282344,0.309271424,0,2019-05-17
"AC",10,0.120067078441961,41.303,21.5048,0.605,"1200302",0,0,0,0,0,0,22.0668,53.308,4.305,4.089,2.583,0,10.977,48.05,0.59231511919556,0.309271424,0,2019-05-17
"AC",12,0.122968923524527,46.519,24.8932,0.627,"1200302",0,0,0,0,0,0,26.987,57.883,4.005,2.916,0,1.869,8.79,43.93,0.429653290375382,0.309271424,0,2019-05-17
"AC",24,0.156504339123123,36.218,23.2318,1.343,"1200302",0,0,0,0,0,0,20.2809,55.872,4.417,2.7,12.764,1.227,21.108,34.6,0.539223353963942,0.309271424,0,2019-05-17
"AC",7,0.057242449539325,61.373,20.4191,0.446,"1200302",0,0,0,0,0,0,43.5011,70.722,0,0.869,1.303,0.796,2.968,66.8,0.431812318938412,0.309271424,0,2019-05-17
"AC",10,0.0311925066948752,116.008,31.4307,0.414,"1200302",1.72,0,0,1.9982,0,0,99.5382,85.61,1.456,1.782,2.14,1.3,6.678,72.97,0.526037002949852,0.309271424,0,2019-05-17
"AC",7,0.0365863896208536,81.118,56.2053,0.162,"1200302",0,0,0,0,0,0,31.9727,39.327,1.235,0,6.685,1.096,9.016,30.87,0.527531331715965,0.309271424,0,2019-05-17
"AC",12,0.105692221026543,47.47,44.1619,0.353,"1200302",0,0,0,0,0,0,18.5468,38.983,16.087,6.32,4.913,2.057,29.377,7.18,0.572786535564271,0.309271424,0,2019-05-17
"AC",5,0.0317820695913084,43.725,12.2976,0.529,"1200302",0,0,0,0,0,0,37.7652,86.176,1.83,0,0,0,1.83,71.94,0.604198697586443,0.309271424,0,2019-05-17
"AC",17,0.131656045621541,43.582,35.6973,0.619,"1200302",1.77,0,0,0.774,0,0,7.4003,16.942,1.757,0,1.428,0,3.185,12.25,0.551623078664809,0.309271424,0,2019-05-17
"AC",5,0.0444792396054012,43.908,32.8444,0.198,"1200302",0,0,0,0,0,0,8.4614,19.228,0,0,0,0,0,25.36,0.537956886586201,0.309271424,0,2019-05-17
"AC",16,0.105705056821338,39.876,37.1881,0.559,"1200302",0,0,0,0,0,0,4.2629,10.666,0,0.972,2.591,0,3.563,5.61,0.535873760385889,0.309271424,0,2019-05-17
"AC",16,0.0663589313516314,54.66,27.3889,0.759,"1200302",0,0,0,0,0,0,29.4634,53.783,0,2.803,0.109,0,2.912,49.76,0.542175740477996,0.309271424,0,2019-05-17
"AC",19,0.112904243803133,35.657,27.1752,0.909,"1200302",0,0,0,0,0,0,12.1212,33.917,5.028,0,1.093,1.804,7.925,23.96,0.525543574934439,0.309271424,0,2019-05-17
"AC",87,0.207791394057385,73.517,64.0255,1.766,"1200302",0,0,0,0,0,0,10.8344,14.704,1.451,1.209,1.374,0,4.034,11.66,0.522789135623019,0.309271424,0,2019-05-17
"AC",7,0.114982991426106,25.487,23.0736,0.394,"1200302",0,0,0,0,0,0,5.8417,22.869,0,0,4.024,2.227,6.251,9.67,0.474172047560821,0.309271424,0,2019-05-17
"AC",18,0.0582723430536771,44.844,23.4151,0.999,"1200302",0,0,0,0,0,0,21.6058,48.072,0.408,0.603,0.362,0,1.373,43.87,0.520853395608899,0.309271424,0,2019-05-17
"AC",34,0.0538109845143067,149.266,78.5156,0.563,"1200302",5.24,0.24,0,7.842,0.3565,0,73.0623,48.838,0,0.02,1.072,0.798,1.89,45.36,0.56119571728655,0.309271424,0,2019-05-17
"AC",45,0.0695914914929608,101.092,57.409,1.019,"1200302",0,0,0,0,0,0,47.3474,46.732,1.881,0.897,1.671,0,4.449,42.48,0.516175637105002,0.309271424,0,2019-05-17
"AC",17,0.0603005664791649,74.835,29.7122,0.744,"1200302",0,0,0,0,0,0,52.6626,70.214,0,2.46,1.663,1.01,5.133,60.39,0.593982113400472,0.309271424,0,2019-05-17
"AC",19,0.0815524959505826,50.89,33.958,0.727,"1200302",0,0,0,0,0,0,38.0327,74.568,9.354,16.313,5.714,0.611,31.992,33.42,0.55862705152628,0.309271424,0,2019-05-17
"AC",5,0.0921355677540454,20.708,17.3966,0.374,"1200302",0,0,0,0,0,0,3.3741,16.258,0,0,0,0,0,16.18,0.534257195412021,0.309271424,0,2019-05-17
"AC",18,0.268623680845914,40.492,27.7621,0.843,"1200302",0,0,0,0,0,0,26.342,64.91,0,1.537,1.976,3.732,7.245,30.16,0.568834300093294,0.309271424,0,2019-05-17
"AC",5,0.0181443684650606,41.011,19.5253,0.333,"1200302",0,0,0,0,0,0,22.3919,54.477,0,1.87,0.098,0,1.968,52.5,0.386142830712141,0.309271424,0,2019-05-17
"AC",12,0.133464949811735,37.224,21.501,0.726,"1200302",0,0,0,0,0,0,19.6037,52.547,2.882,3.912,1.91,0.459,9.163,42.37,0.584197679644907,0.309271424,0,2019-05-17
"AC",15,0.0871918358845309,42.059,23.2642,0.838,"1200302",0,0,0,0,0,0,31.4347,74.573,0.15,0.413,3.663,1.86,6.086,44.81,0.588098741369977,0.309271424,0,2019-05-17
"AC",12,0.0285714285714286,43.585,39.6634,0.393,"1200302",0,0,0,0,0,0,9.1008,20.834,15.312,5,3.671,0,23.983,8.28,0.55050500649534,0.309271424,0,2019-05-17
"AC",7,0.157944372731734,45.047,32.2864,0.282,"1200302",9.86,0,0,4.4536,0,0,34.4182,76.235,1.858,3.529,9.088,3.615,18.09,28.49,0.425521098672908,0.309271424,0,2019-05-17
"AC",5,0.0390878166229283,50.88,16.8435,0.386,"1200302",0,0,0,0,0,0,35.0545,68.743,0.105,0.18,0,0.08,0.365,66.97,0.400278889683723,0.309271424,0,2019-05-17
"AC",55,0.184042675394602,107.678,86.0666,0.831,"1200302",0,0,0,0,0,0,21.7937,20.194,0,0,0,0,0,20,0.462617136412476,0.309271424,0,2019-05-17
"AC",5,0.0986823411160829,29.418,11.5337,0.564,"1200302",0,0,0,0,0,0,19.8459,67.31,3.059,0,0,1.082,4.141,60.88,0.445343775702402,0.309271424,0,2019-05-17
"AC",11,0.0133333333333333,49.088,19.0483,0.751,"1200302",0,0,0,0,0,0,35.1015,71.348,0.04,0.164,2.716,0.724,3.644,61.28,0.57574512575164,0.309271424,0,2019-05-17
"AC",8,0.272482706378782,34.58,34.5914,0.301,"1200302",0,0,0,0,0,0,4.8988,14.135,3.422,6.978,0,0,10.4,0.38,0.470626729857812,0.309271424,0,2019-05-17
"AC",11,0.0222222222222222,59.495,30.7777,0.465,"1200302",0,0,0,0,0,0,28.7004,48.132,4.177,0,0.119,0,4.296,46.59,0.579661179849373,0.309271424,0,2019-05-17
"AC",11,0.0133333333333333,49.114,23.3732,0.612,"1200302",0,0,0,0,0,0,31.7195,64.439,2.893,4.158,2.353,0,9.404,51.06,0.60268928839099,0.309271424,0,2019-05-17
"AC",31,0.140692168053237,48.566,46.8341,0.86,"1200302",0,0,0,0,0,0,4.7221,9.701,3.355,2.699,2.196,0,8.25,3.78,0.547494794211281,0.309271424,0,2019-05-17
"AC",13,0.286531762210255,35.928,21.1634,0.799,"1200302",0,0,0,0,0,0,21.3039,59.164,0,7.193,0.324,0.056,7.573,41.23,0.425383520159769,0.309271424,0,2019-05-17
"AC",7,0.0425998216136205,29.043,11.7814,0.772,"1200302",0,0,0,0,0,0,19.6327,67.448,10.226,3.012,0,0,13.238,59.52,0.444334606223888,0.309271424,0,2019-05-17
"AC",22,0.187821500521581,28.522,21.6039,1.324,"1200302",0,0,0,0,0,0,6.9751,24.401,0,0,0,0,0,24.42,0.44588806036606,0.309271424,0,2019-05-17
"AC",10,0.0445361771415123,14.619,13.9511,0.932,"1200302",0,0,0,0,0,0,1.8858,12.871,8.335,7.596,0.411,0,16.342,4.78,0.542787312649441,0.309271424,0,2019-05-17
"AC",52,0.10868366373534,51.285,41.5733,1.626,"1200302",0,0,0,0,0,0,18.5662,36.121,2.92,7.639,2.935,1.731,15.225,19.12,0.566855561308607,0.309271424,0,2019-05-17
"AC",14,0.0996721877058774,27.707,18.1395,1.003,"1200302",0,0,0,0,0,0,13.0868,47.127,6.309,0,0.717,0,7.026,34.68,0.55055851727853,0.309271424,0,2019-05-17
"AC",12,0.059739540593653,56.222,28.5874,0.546,"1200302",12.25,0,0,6.9009,0,0,30.0219,53.28,0,0,0.847,1.581,2.428,48.9,0.394144830631756,0.309271424,0,2019-05-17
"AC",15,0.162838381651109,68.587,60.8387,0.321,"1200302",0,0,0,0,0,0,12.6572,18.413,2.845,4.29,2.064,0.713,9.912,10.72,0.569897977917389,0.309271424,0,2019-05-17
"AC",109,0.0850632283798736,438.699,210.9019,0.672,"1200302",5.84,1.02,0,25.6561,4.4649,0,234.3348,53.296,0.143,0.026,0.203,0.081,0.453,51.44,0.396048832531557,0.309271424,0,2019-05-17
"AC",5,0.0261734690751952,52.778,23.9395,0.272,"1200302",0,0,0,0,0,0,41.3095,78.096,8.379,6.201,3.335,0.674,18.589,54.74,0.577387562484642,0.309271424,0,2019-05-17
"AC",62,0.101414564479897,41.755,38.7529,2.08,"1200302",0,0,0,0,0,0,3.4215,8.176,0,0.817,0,0,0.817,6.33,0.542438531007229,0.309271424,0,2019-05-17
"AC",23,0.160353498162737,44.551,35.1765,0.85,"1200302",0,0,0,0,0,0,14.8205,33.192,2.643,5.261,1.197,0.366,9.467,21.22,0.447387304096876,0.309271424,0,2019-05-17
"AC",5,0.0920584084713761,42.756,40.1673,0.162,"1200302",0,0,0,0,0,0,3.8356,8.951,1.248,0,0.214,0,1.462,6.26,0.530312399643518,0.309271424,0,2019-05-17
"AC",6,0.0469297969106216,32.983,10.0424,0.777,"1200302",0,0,0,0,0,0,22.0936,66.835,0,0,0,0,0,69.62,0.489176964222872,0.309271424,0,2019-05-17
"AC",39,0.0569670887170783,88.615,60.127,0.843,"1200302",0,0,0,0,0,0,29.3315,33.026,2.909,0.602,0,0,3.511,32.3,0.51758558268513,0.309271424,0,2019-05-17
"AC",5,0.0322474487139159,65.597,34.061,0.191,"1200302",0,0,0,0,0,0,35.8517,54.533,4.472,0.416,0.813,0.678,6.379,48.19,0.591367619660099,0.309271424,0,2019-05-17
"AC",28,0.112051370440799,37.926,36.7501,0.99,"1200302",0,0,0,0,0,0,3.1348,8.247,0,0,2.567,0.82,3.387,3.32,0.516312019817925,0.309271424,0,2019-05-17
"AC",7,0.128989794855664,14.754,13.9646,0.652,"1200302",0,0,0,0,0,0,1.197,8.095,3.486,0,0,0,3.486,5.56,0.515838093805859,0.309271424,0,2019-05-17
"AC",14,0.0651835226489454,72.156,22.4442,0.811,"1200302",0,0,0,0,0,0,57.5054,79.518,0.345,2.368,6.899,0.493,10.105,68.96,0.583197598511076,0.309271424,0,2019-05-17
"AC",18,0.0673187598849908,32.924,30.3873,0.77,"1200302",0,0,0,0,0,0,2.983,9.04,2.43,0.35,2.964,0,5.744,6.69,0.55554507160694,0.309271424,0,2019-05-17
"AC",73,0.12146198614491,92.408,70.4817,1.346,"1200302",0,0,0,0,0,0,30.6034,33.044,0,4.696,0,0.098,4.794,23.9,0.602151001048903,0.309271424,0,2019-05-17
"AC",22,0.0165864916552114,201.986,59.406,0.481,"1200302",4.61,2.68,0,9.3254,5.4215,0,155.536,76.832,1.585,1.145,2.295,1.629,6.654,62.67,0.559919191802329,0.309271424,0,2019-05-17
"AC",111,0.160855278225685,150.535,57.3452,2.516,"1200328",2.27,0,0,3.4192,0,0,89.594,59.384,1.376,0,0.77,0.616,2.762,61.11,1.77221815992142,0,0,2018-08-27
"AC",52,0.129751365113383,201.066,83.8527,0.806,"1200328",1.94,0,0,3.9126,0,0,110.9472,55.056,1.323,1.622,0.262,0.641,3.848,57.08,1.74516232972639,0,0,2018-08-27
"AC",14,0.0914095079876862,55.024,15.339,1.187,"1200328",0,0,0,0,0,0,35.9237,65.141,1.225,0.099,0.017,0.148,1.489,72.19,1.72797271932588,0,0,2018-08-27
"AC",24,0.0659756267848977,101.063,22.4753,1.388,"1200328",0.04,0,0,0.0363,0,0,81.8167,80.775,1.741,0,0,0.767,2.508,75.91,1.76195603574454,0,0,2018-08-27
"AC",7,0.0682223031468924,49.854,17.5044,0.52,"1200328",0,0,0,0,0,0,27.0127,54.063,0,0,0,0,0,64.78,1.74025388585702,0,0,2018-08-27
"AC",13,0.0323747270704303,100.425,17.9099,0.944,"1200328",0,0,0,0,0,0,100.6494,100,0,0,4.451,2.733,7.184,82.21,1.75369478441522,0,0,2018-08-27
"AC",12,0.0823341268721424,70.057,24.0232,0.649,"1200328",9.01,0,0,6.3291,0,0,41.4451,59.026,1.392,1.306,0.619,0,3.317,65.16,1.7348081780216,0,0,2018-08-27
"AC",15,0.0248739823443741,320.777,41.4453,0.47,"1200328",0,0,0,0,0,0,277.7012,86.378,1.024,0.158,0.541,0.021,1.744,87.11,1.73212317924624,0,0,2018-08-27
"AC",198,0.180555091762448,359.681,166.3045,1.548,"1200328",0.69,0,0,2.4752,0,0,220.7319,61.231,1.839,1.501,3.42,0.454,7.214,53.56,1.73281452041884,0,0,2018-08-27
"AC",11,0.144230054370501,50.235,13.5787,1.053,"1200328",0,0,0,0,0,0,43.6318,86.661,4.902,3.176,5.646,0,13.724,73.03,1.74538741885998,0,0,2018-08-27
"AC",11,0.0366648762904673,100.327,20.8991,0.684,"1200328",0,0,0,0,0,0,86.4089,85.935,1.395,0.707,0,0.282,2.384,79.22,1.67949428001855,0,0,2018-08-27
"AC",51,0.126619642341102,100.299,51.4615,1.288,"1200328",18.44,0,0,18.5407,0,0,86.8563,86.402,1.502,5.316,6.178,5.86,18.856,48.5,1.75915435604171,0,0,2018-08-27
"AC",13,0.0626914285804211,99.274,16.93,0.998,"1200328",0,0,0,0,0,0,85.7921,86.226,0,0,0,0.759,0.759,82.98,1.69666441980916,0,0,2018-08-27
"AC",7,0.0835178766305033,27.353,5.026,1.811,"1200328",0,0,0,0,0,0,21.3541,77.894,0,0,0,0,0,80.66,1.75628758202276,0,0,2018-08-27
"AC",25,0.138074727170456,52.623,23.313,1.394,"1200328",2.63,0,0,1.3871,0,0,32.878,62.34,2.862,0,4.084,0.483,7.429,55.61,1.75002033190193,0,0,2018-08-27
"AC",21,0.061139631713238,200.512,54.6677,0.499,"1200328",0.76,0,0,1.5356,0,0,158.3981,78.822,0.575,2.03,2.21,0.221,5.036,72.73,1.76017701421406,0,0,2018-08-27
"AC",29,0.20302127119198,50.213,19.3877,1.945,"1200328",7.46,0,0,3.7524,0,0,32.3303,64.242,0,0,0,0.849,0.849,59.95,1.76820770256494,0,0,2018-08-27
"AC",39,0.0533609857421235,150.399,34.9102,1.452,"1200328",0,0,0,0,0,0,148.6409,98.61,1.39,0.552,1.053,3.094,6.089,76.84,1.75629030286089,0,0,2018-08-27
"AC",11,0.052685082075266,58.287,13.9972,1.022,"1200328",4.59,0,0,2.6822,0,0,36.9712,63.288,2.112,0.709,0,3.475,6.296,73.28,1.74683831562341,0,0,2018-08-27
"AC",16,0.110364494625901,25.342,21.5828,0.964,"1200336",60.74,19.19,0,15.4269,4.874,0,0.996,3.922,2.458,1.679,0,0,4.137,6.41,2.49153784982395,0,0,2019-08-17
"AC",6,0.0452595771423381,97.967,57.1416,0.137,"1200336",22.65,0,0,22.2371,0,0,39.9135,40.651,0,0,0.027,0.545,0.572,38.62,2.54953818035647,0,0,2017-07-29
"AC",28,0.112659863237109,76.88,53.585,0.679,"1200336",21.26,0,0,16.3803,0,0,21.974,28.518,0,0,0,0,0,29.99,2.56331216156377,0,0,2017-07-29
"AC",28,0.0976687757287923,65.276,45.1175,0.807,"1200336",0,0,0,0,0,0,25.9501,39.666,9.638,9.002,0,0,18.64,30.79,2.53488366085275,0,0,2017-07-29
"AC",15,0.0586909921376188,120.482,94.3756,0.207,"1200336",13.06,0,0,15.7754,0,0,35.1439,29.104,4.728,3.807,3.41,0,11.945,20.59,2.52448062525909,0,0,2017-07-29
"AC",7,0.0491146468421282,177.89,151.0358,0.06,"1200336",18.25,0.33,0,32.5387,0.5806,0,61.9313,34.737,0,18.271,0,0.02,18.291,15.28,2.55473172479476,0,0,2017-07-29
"AC",33,0.063531853611391,133.038,76.4888,0.561,"1200336",34.28,0,0,45.7056,0,0,73.1601,54.869,0.058,11.955,0.401,0,12.414,41.63,2.55043497787183,0,0,2017-07-29
"AC",19,0.0844948974278318,71.194,62.532,0.395,"1200336",12.05,0,0,8.5975,0,0,10.5185,14.741,0,3.141,0,0,3.141,9.99,2.51069255200451,0,0,2017-07-29
"AC",38,0.0377585392258911,112.115,47.2579,1.045,"1200336",2.27,0,0,2.555,0,0,64.0826,57.03,0.231,0,0,0,0.231,57.94,2.5379382992259,0,0,2017-07-29
"AC",40,0.0585109591523434,83.946,68.1597,0.763,"1200336",46.9,0,0,39.4621,0,0,15.9311,18.935,0,0,0.615,0,0.615,18.35,2.55503673265747,0,0,2017-07-29
"AC",10,0.0312244894230398,93.813,43.7988,0.297,"1200336",21.22,0,0,19.95,0,0,62.1439,66.094,0,0.67,0,0,0.67,52.85,2.57100541194836,0,0,2017-07-29
"AC",23,0.0539794782053952,81.953,40.0469,0.747,"1200336",21.01,0,0,17.26,0,0,43.9006,53.448,0,0,1.654,0,1.654,51.24,2.5644562029838,0,0,2017-07-29
"AC",22,0.0840273692300634,128.308,69.7372,0.41,"1200336",4.8,0,0,6.1675,0,0,76.1923,59.25,3.448,2.488,2.751,0.012,8.699,45.77,2.56594596293153,0,0,2017-07-29
"AC",6,0.0747877538267963,38.263,37.1445,0.21,"1200336",25.7,0,0,9.8566,0,0,3.2838,8.563,0,1.396,0,0.75,2.146,3.14,2.51661156378984,0,0,2017-07-29
"AC",9,0.0136060268609962,97.161,65.5925,0.178,"1200336",22.01,0,0,21.4285,0,0,33.4342,34.334,0,0.641,0.64,0.005,1.286,32.64,2.527663132015,0,0,2017-07-29
"AC",5,0.052704627669473,21.901,21.0304,0.309,"1200336",24.97,0,0,5.4802,0,0,11.3033,51.495,5.69,0,19.247,2.681,27.618,4.19,2.52962787602925,0,0,2017-07-29
"AC",5,0.0282633431859597,94.259,90.7509,0.072,"1200336",23.99,0,0,22.6623,0,0,3.4228,3.623,0,0.058,0,0,0.058,3.46,2.52938904111379,0,0,2017-07-29
"AC",13,0.193423090827238,21.656,16.8896,1.001,"1200336",53.2,0,0,11.5474,0,0,8.4331,38.855,2.877,10.037,0,0.498,13.412,22.18,2.53930660258398,0,0,2017-07-29
"AC",9,0.114982991426106,19.729,16.4732,0.71,"1200336",0,0,0,0,0,0,3.4783,17.591,0,0,0,0,0,16.69,2.58754819660375,0,0,2017-07-29
"AC",125,0.168121435284074,99.583,88.2762,1.841,"1200336",1.75,0,0,1.745,0,0,13.1524,13.178,0,0.052,0,0,0.052,11.55,2.52388892860452,0,0,2017-07-29
"AC",81,0.220647820979548,79.305,75.1208,1.402,"1200336",73.14,0,0,58.1308,0,0,3.5337,4.446,0,0.498,0,0,0.498,3.9,2.55349167437701,0,0,2017-07-29
"AC",67,0.0320790081931918,248.046,83.643,1.041,"1200336",6.12,0,0,15.2201,0,0,175.2919,70.512,0,0,0,0,0,66.35,2.56985751953072,0,0,2017-07-29
"AC",11,0.0795709104697997,39.883,27.0205,0.529,"1200336",30.55,0,0,12.2126,0,0,15.3623,38.432,0,0,0,3.535,3.535,31.06,2.511851244698,0,0,2017-07-29
"AC",64,0.125916739307529,99.327,86.2676,0.964,"1200336",56.25,0,0,55.9918,0,0,15.4633,15.533,0,0.537,1.651,0,2.188,13.34,2.55500393370994,0,0,2017-07-29
"AC",18,0.0637844437723907,53.029,32.0835,0.729,"1200344",0,0,0,0,0,0,37.1887,69.972,7.865,10.493,6.861,3.012,28.231,39.63,1.78095591833121,0,0,2019-06-12
"AC",7,0.0266666666666667,45.579,41.6605,0.218,"1200344",4.89,0,0,2.2347,0,0,27.4045,59.99,2.936,19.444,9.346,3.09,34.816,8.8,1.73428494228281,0,0,2019-06-12
"AC",6,0.0665039804521269,50.575,27.1724,0.287,"1200344",0,0,0,0,0,0,32.3845,63.889,0.878,4.193,4.124,0.789,9.984,46.39,1.86179681167397,0,0,2019-06-12
"AC",24,0.187282502161257,35.214,33.5022,0.931,"1200344",0,0,0,0,0,0,2.6894,7.62,0.139,0,0.442,0.291,0.872,5.07,1.78647202741947,0,0,2019-06-12
"AC",67,0.10972482225622,231.273,184.7531,0.471,"1200344",0.58,2.74,0,1.3522,6.3438,0,47.8013,20.623,0,0.163,0,0,0.163,19.51,1.83923411409619,0,0,2019-06-12
"AC",17,0.077562757434453,48.578,28.3622,0.779,"1200344",0,0,0,0,0,0,29.0346,59.636,1.207,2.272,2.154,0,5.633,41.75,1.77286556059125,0,0,2019-06-12
"AC",22,0.0428571428571429,45.755,23.855,1.199,"1200344",0,0,0,0,0,0,26.1609,57.048,0.726,0,4.107,0,4.833,47.98,1.74777001599408,0,0,2019-06-12
"AC",5,0.057491495713053,40.026,17.3491,0.375,"1200344",0,0,0,0,0,0,27.6352,68.89,3.196,4.905,3.184,0,11.285,56.75,1.76462240568493,0,0,2019-06-12
"AC",13,0.0672945391501793,57.943,49.9658,0.338,"1200344",0,0,0,0,0,0,9.0299,15.549,0.756,0.037,0.194,0,0.987,13.96,1.73805803839847,0,0,2019-06-12
"AC",6,0.026340397763396,231.847,40.8065,0.191,"1200344",0.31,1.64,0,0.7115,3.8075,0,181.3075,78.027,0.344,0.268,0.306,0.095,1.013,74.5,1.8341003668293,0,0,2019-06-12
"AC",13,0.0543697671639397,43.498,20.3286,0.831,"1200344",0,0,0,0,0,0,25.7872,59.151,2.652,0.294,0,0,2.946,53.37,1.75094821975642,0,0,2019-06-12
"AC",38,0.0958504115718714,104.46,73.4851,0.672,"1200344",0,0,0,0,0,0,39.6873,37.908,0.774,2.048,3.673,0.091,6.586,28.88,1.792210888319,0,0,2019-06-12
"AC",68,0.071193470705453,154.341,96.5863,0.915,"1200344",0,0,0,0,0,0,64.4505,41.665,0.423,0.402,0.92,0.201,1.946,36.87,1.77572650510536,0,0,2019-06-12
"AC",21,0.0131002585220083,302.271,60.5402,0.451,"1200344",5.93,0.41,0,17.9709,1.2356,0,255.4703,84.328,0.587,1.115,0.264,1.13,3.096,80.02,1.87009232422445,0,0,2019-06-12
"AC",86,0.0600959690759866,563.586,205.072,0.545,"1200344",2.65,0.42,0,14.9511,2.3829,0,398.6101,70.57,0.378,0.943,0.609,0.939,2.869,63.54,1.87950270216766,0,0,2019-06-12
"AC",12,0.145507960904254,50.164,39.9512,0.39,"1200344",0,0,0,0,0,0,16.795,33.406,2.123,1.415,0,1.629,5.167,20.54,1.73961043597461,0,0,2019-06-12
"AC",11,0.0648576015032501,118.03,36.2489,0.394,"1200344",0,0,0,0,0,0,87.9966,74.387,0.521,1.776,2.515,0.301,5.113,68.5,1.77651564672813,0,0,2019-06-12
"AC",8,0.114233838574714,73.268,59.8656,0.174,"1200344",25.69,0,0,18.8623,0,0,22.9297,31.226,4.068,6.646,3.563,0,14.277,15.92,1.86634965509361,0,0,2019-06-12
"AC",27,0.184595862760874,47.552,23.3462,1.503,"1200344",0,0,0,0,0,0,35.2448,73.954,0,4.099,1.18,2.528,7.807,50.51,1.89252626804044,0,0,2019-06-12
"AC",5,0.080098061691263,38.205,21.4328,0.303,"1200344",0,0,0,0,0,0,32.6386,85.24,3.857,11.207,3.132,9.546,27.742,44.03,1.70644433230997,0,0,2019-06-12
"AC",7,0.0773852646929409,61.401,41.6029,0.219,"1200344",24.13,0,0,14.8481,0,0,40.9599,66.56,9.258,9.438,6.865,2.933,28.494,32.4,1.70731325002959,0,0,2019-06-12
"AC",19,0.019938825586617,204.436,28.7183,0.86,"1200344",7.03,0,0,14.4005,0.0102,0,181.4422,88.554,0.26,0.347,0,0.542,1.149,85.98,1.8730957796781,0,0,2019-06-12
"AC",7,0.0345999348748138,100.912,20.2875,0.449,"1200344",0,0,0,0,0,0,87.206,86.225,0.703,0.679,1.192,0.41,2.984,79.94,1.86712999649043,0,0,2019-06-12
"AC",15,0.057604245815602,45.481,26.5115,0.736,"1200344",0,0,0,0,0,0,27.5924,60.532,3.317,5.072,1.481,1.171,11.041,41.08,1.78049042938164,0,0,2019-06-12
"AC",24,0.147150537412416,43.965,32.6273,0.956,"1200344",0,0,0,0,0,0,12.2466,27.793,0,0.127,0,0.02,0.147,25.95,1.78634403461393,0,0,2019-06-12
"AC",35,0.0488870333906353,89.279,52.8511,0.861,"1200344",10.18,0,0,9.1113,0,0,49.164,54.945,0,1.733,1.645,0.118,3.496,40.75,1.86704736472066,0,0,2019-06-12
"AC",18,0.105352763550058,44.767,37.7192,0.62,"1200344",42.87,0,0,19.2346,0,0,23.4195,52.198,4.303,5.544,2.974,1.6,14.421,15.36,1.73855651713999,0,0,2019-06-12
"AC",12,0.060871821853858,87.939,51.4615,0.303,"1200344",0,0,0,0,0,0,40.693,46.171,0,0.122,0.605,0,0.727,41.61,1.7877977282541,0,0,2019-06-12
"AC",27,0.0209349028470093,426.929,48.3433,0.726,"1200344",0,0,0,0.011,0,0,399.2531,93.309,0.104,1.011,0.374,0.5,1.989,88.69,1.88604238814681,0,0,2019-06-12
"AC",6,0.0269666045017162,48.962,35.657,0.219,"1200344",0,0,0,0,0,0,24.9549,50.855,13.192,1.06,0,0,14.252,27.34,1.73364897726398,0,0,2019-06-12
"AC",28,0.225128886992804,50.428,39.7623,0.915,"1200344",0,0,0,0,0,0,31.0076,61.351,12.492,10.909,3.29,1.718,28.409,21.33,1.75081483914456,0,0,2019-06-12
"AC",5,0.0754138294194419,51.893,25.2096,0.258,"1200344",0,0.03,0,0,0.0143,0,26.8979,51.718,0.644,0,0,0,0.644,50.02,1.83312364761483,0,0,2019-06-12
"AC",8,0.0557460443376793,48.982,8.0143,1.298,"1200344",1.05,0,0,0.5148,0,0,44.3598,90.361,1.242,0,2.765,0.094,4.101,83.67,1.87232207082898,0,0,2019-06-12
"AC",7,0.0423760927884112,100.607,34.6035,0.263,"1200344",0,0,0,0,0,0,75.4761,74.853,0,1.411,1.727,1.4,4.538,65.48,1.86399809323247,0,0,2019-06-12
"AC",9,0.0324383167343104,143.095,62.056,0.189,"1200344",0,0,0,0,0,0,80.8549,56.378,0,0,0.806,0.372,1.178,56.43,1.7719660106537,0,0,2019-06-12
"AC",9,0.00909090909090909,65.336,46.8446,0.25,"1200385",0,0,0,0,0,0,18.0381,27.547,0,0,0,0,0,28.46,0.365437799655263,1.476107724,0,2019-06-22
"AC",73,0.134440427931281,60.932,41.5188,2.286,"1200385",12.26,0,0,7.4894,0,0,19.4112,31.786,0,0,0,0,0,32.01,0.460228994730163,1.476107724,0,2019-06-22
"AC",26,0.165247114371786,60.323,51.0266,0.662,"1200385",20.81,0,0,12.5799,0,0,6.236,10.315,1.11,1.318,0,0,2.428,13.19,0.405545313370677,1.476107724,0,2019-06-22
"AC",26,0.123757648098523,59.803,58.5779,0.577,"1200385",76.54,0,0,45.8753,0,0,6.0387,10.075,0,0,0,4.069,4.069,0.57,0.386914092707954,1.476107724,0,2019-06-22
"AC",47,0.0426553415784482,282.115,154.3047,0.396,"1200385",0,0,0,0,0,0,82.758,29.269,0,0.188,0,0.188,0.376,45.43,0.394308112331289,1.476107724,0,2019-06-22
"AC",37,0.109808521407404,60.209,37.2791,1.29,"1200385",0,0,0,0,0,0,22.1167,36.651,0,0,0,0,0,38.22,0.391674601474702,1.476107724,0,2019-06-22
"AC",12,0.0456357922336736,59.776,34.3171,0.455,"1200385",9.41,0,0,5.6395,0,0,19.2818,32.185,0,1.035,0,0,1.035,41.54,0.477663457475849,1.476107724,0,2019-06-22
"AC",5,0.0902902633738592,47.834,35.2797,0.184,"1200385",7.48,0,0,3.5844,0,0,10.2329,21.344,0.49,0,0,0,0.49,26.41,0.388924490280531,1.476107724,0,2019-06-22
"AC",41,0.10505360545588,62.507,38.37,1.389,"1200385",0,0,0,0,0,0,23.0931,36.863,0,0,0,0,0,38.75,0.364412272972725,1.476107724,0,2019-06-22
"AC",22,0.113534247897255,34.3,29.3988,0.973,"1200385",0,0,0,0,0,0,4.1425,12.05,0,0,0,0,0,14.48,0.414603591761562,1.476107724,0,2019-06-22
"AC",11,0.0251229717208531,62.545,40.0484,0.357,"1200385",23.31,0,0,14.6135,0,0,16.3807,26.132,0,0.989,0,0,0.989,34.98,0.477436131694107,1.476107724,0,2019-06-22
"AC",38,0.0899325078693633,61.666,34.1239,1.448,"1200385",6.79,0,0,4.1941,0,0,20.3294,32.893,0,0.639,0,0,0.639,44.79,0.389810331010495,1.476107724,0,2019-06-22
"AC",20,0.107015994438555,58.662,42.1589,0.617,"1200385",28.42,0,0,16.707,0,0,16.2144,27.579,0,0,0,0,0,27.91,0.461860144581679,1.476107724,0,2019-06-22
"AC",27,0.248070938431512,52.233,51.31,0.684,"1200385",15.72,0,0,8.2318,0,0,0.5473,1.045,1.442,0,0,0,1.442,1.99,0.390536845649276,1.476107724,0,2019-06-22
"AC",56,0.137331658378707,62.127,30.0739,2.421,"1200385",8.03,0,0,5.0021,0,0,33.34,53.544,0,0.505,0,0,0.505,51.7,0.477526306902066,1.476107724,0,2019-06-22
"AC",30,0.0934846922834954,60.677,49.8716,0.782,"1200385",33.96,0,0,20.6496,0,0,12.2267,20.105,0,0,0,0,0,16.68,0.455866154414626,1.476107724,0,2019-06-22
"AC",95,0.225304704510187,48.678,46.4903,2.656,"1200385",0.08,0,0,0.0372,0,0,2.8431,5.828,0,0,0,0,0,3.39,0.375293920454231,1.476107724,0,2019-06-22
"AC",64,0.196480314979624,57.335,47.3961,1.755,"1200385",10.06,0,0,5.7786,0,0,9.0132,15.685,0,0,0,0,0,17.52,0.482654806247281,1.476107724,0,2019-06-22
"AC",45,0.191227916986336,59.745,58.0816,1.007,"1200385",13.73,0,0,8.2218,0,0,0.5567,0.93,0,0,0,0,0,3,0.368348770853202,1.476107724,0,2019-06-22
"AC",20,0.142661201619364,58.878,51.0253,0.51,"1200385",15.95,0,0,9.4125,0,0,6.4057,10.855,0,0,0,0,0,12.1,0.389383644661615,1.476107724,0,2019-06-22
"AC",22,0.081128926966497,61.607,34.8817,0.82,"1200385",0.64,0,0,0.395,0,0,23.8747,38.667,0,0,0,0,0,43.51,0.388441016940453,1.476107724,0,2019-06-22
"AC",44,0.205399184754423,43.791,42.9288,1.332,"1200385",29.8,0,0,13.081,0,0,0.4998,1.139,0,0,0,0,0,2.19,0.407075056350567,1.476107724,0,2019-06-22
"AC",20,0.0416324510333667,246.814,159.2994,0.163,"1200385",21.46,0,0,53.0968,0,0,82.4597,33.335,0.501,0,0,0.19,0.691,35.6,0.371267304267398,1.476107724,0,2019-06-22
"AC",35,0.103753158197278,67.506,27.1615,1.675,"1200385",12.1,0,0,8.1886,0,0,38.8959,57.49,0,1.941,0,0,1.941,58.94,0.478953937538754,1.476107724,0,2019-06-22
"AC",9,0.06958249595954,60.949,36.5754,0.32,"1200385",0,0,0,0,0,0,21.8081,35.701,0,0,0,0,0,40.12,0.365166983951676,1.476107724,0,2019-06-22
"AC",74,0.117020029759463,61.975,39.1734,2.456,"1200385",4.48,0,0,2.7856,0,0,22.842,36.775,0,0,0,0,0,36.93,0.459504275303656,1.476107724,0,2019-06-22
"AC",131,0.170157894041911,67.202,43.245,3.938,"1200385",7.14,0,0,4.8092,0,0,24.0419,35.696,0,0.119,0,0,0.119,35.79,0.384968191715032,1.476107724,0,2019-06-22
"AC",72,0.102593977287031,57.242,48.2943,1.938,"1200385",24.17,0,0,13.8672,0,0,7.422,12.937,0,0,0,0,0,15.82,0.463265247483371,1.476107724,0,2019-06-22
"AC",8,0.0518999023122207,59.847,46.7296,0.223,"1200385",19.39,0,0,11.631,0,0,11.0542,18.43,0,0,0,0,0,22.09,0.364133578841489,1.476107724,0,2019-06-22
"AC",7,0.0779039102362461,35.124,23.338,0.39,"1200385",15.4,0,0,5.422,0,0,19.9479,56.665,0,0,0,0,0,33.71,0.345966951718698,1.476107724,0,2019-06-22
"AC",32,0.0481766549292181,122.152,53.4828,0.778,"1200385",10.71,0,0,13.1097,0,0,64.4958,52.681,0,0,0,0,0,56.31,0.497146777610222,1.476107724,0,2019-06-22
"AC",47,0.0791385776883259,57.459,43.8908,1.392,"1200385",4.48,0,0,2.5811,0,0,9.8957,17.184,0,0,0,0,0,23.78,0.459264389116869,1.476107724,0,2019-06-22
"AC",12,0.187481776527971,44.28,42.8743,0.364,"1200385",4.11,0,0,1.8257,0,0,0.7083,1.596,0,0,0,0,0,2.29,0.393702400698476,1.476107724,0,2019-06-22
"AC",67,0.110490681868493,61.121,47.6427,1.828,"1200385",18.01,0,0,11.0311,0,0,12.8501,20.977,0.368,0,0,0,0.368,22.23,0.48581768283718,1.476107724,0,2019-06-22
"AC",8,0.114285714285714,10.945,10.97,0.948,"1200385",100,0,0,10.97,0,0,0,0,0,0,0,0,0,0,0.398732637502134,1.476107724,0,2019-06-22
"AC",43,0.22700242164283,52.029,52.1455,1.072,"1200385",28.94,0,0,15.0919,0,0,0,0,0,0,0,0,0,0,0.404503999070894,1.476107724,0,2019-06-22
"AC",100,0.17369188215036,61.683,58.7101,2.214,"1200385",36.03,0,0,22.2771,0,0,3.4918,5.648,0,0,0,0,0,4.99,0.474714574364266,1.476107724,0,2019-06-22
"AC",42,0.117048631870421,65.546,60.8103,0.898,"1200385",48.5,0,0,31.8584,0,0,3.612,5.498,0,0,0,0,0,7.12,0.367609542169268,1.476107724,0,2019-06-22
"AC",61,0.128104447838578,60.693,58.4805,1.356,"1200385",53.64,0,0,32.6265,0,0,1.5896,2.613,0.764,0,0,0.366,1.13,3.86,0.406275030517645,1.476107724,0,2019-06-22
"AC",14,0.0816094213678617,60.336,50.1177,0.363,"1200385",18.58,0,0,11.2346,0,0,8.3025,13.73,0.829,0,0,0.739,1.568,17.12,0.38594135687841,1.476107724,0,2019-06-22
"AC",17,0.0634313950245963,39.371,39.0911,0.565,"1200385",0,0,0,0,0,0,0.3119,0.79,0,0,0,0,0,0.93,0.411864169511714,1.476107724,0,2019-06-22
"AC",18,0.0475791688659749,46.033,34.4129,0.68,"1200385",29.55,0,0,13.6347,0,0,12.9678,28.108,0,0,0,0,0,23.68,0.455087830173394,1.476107724,0,2019-06-22
"AC",66,0.150679432811029,58.995,35.624,2.408,"1200385",6.68,0,0,3.947,0,0,19.2549,32.566,0,0,0.899,0,0.899,39.68,0.387866546260035,1.476107724,0,2019-06-22
"AC",71,0.153324480010842,59.644,55.0861,1.676,"1200385",0.64,0,0,0.3836,0,0,1.45,2.426,0,0,0,0,0,5.13,0.369592452105187,1.476107724,0,2019-06-22
"AC",56,0.0891547594742265,60.918,55.8215,1.304,"1200385",16.01,0,0,9.7745,0,0,4.4426,7.277,0.466,0,0,0,0.466,8.57,0.48476919976463,1.476107724,0,2019-06-22
"AC",43,0.104524585944176,60.551,42.0097,1.331,"1200385",4.69,0,0,2.8466,0,0,15.6123,25.726,0,0,0,0,0,30.78,0.488382863823022,1.476107724,0,2019-06-22
"AC",154,0.215958831870087,63.299,61.8293,3.238,"1200385",0,0,0,0,0,0,1.2398,1.954,0,0,0,0,0,1.61,0.369223785387491,1.476107724,0,2019-06-22
"AC",34,0.102497165237684,57.154,32.7371,1.35,"1200385",24.42,0,0,13.9881,0,0,31.031,54.172,0,9.992,8.227,0,18.219,39.88,0.468087152170878,1.476107724,0,2019-06-22
"AC",115,0.146197081796747,63.967,40.3057,3.709,"1200385",33.43,0,0,21.429,0,0,23.6382,36.871,0,0,0,0.512,0.512,37.13,0.366855828074495,1.476107724,0,2019-06-22
"AC",18,0.0807814169913133,58.793,42.2227,0.554,"1200385",25.71,0,0,15.1474,0,0,16.2301,27.544,0,0,0,0,0,27.86,0.462104017913311,1.476107724,0,2019-06-22
"AC",100,0.0861117512292873,183.108,176.4932,0.737,"1200385",44.69,0,0,82.02,0,0,8.4981,4.631,0.338,0,0,0.579,0.917,3.8,0.406134036098076,1.476107724,0,2019-06-22
"AC",5,0.0330743063732471,62.981,41.2356,0.158,"1200385",8.3,0,0,5.2401,0,0,21.133,33.48,0,0,0,0,0,34.67,0.45769177628333,1.476107724,0,2019-06-22
"AC",60,0.140708270906519,67.058,60.7332,1.284,"1200385",9.83,0,0,6.6046,0,0,9.4831,14.11,0,0,0,4.257,4.257,9.63,0.349110789579712,1.476107724,0,2019-06-22
"AC",52,0.130126549147336,66.076,60.5789,1.116,"1200385",32.75,0,0,21.6914,0,0,3.6124,5.455,0,0,0,0,0,8.12,0.512263369237658,1.476107724,0,2019-06-22
"AC",50,0.139475213689236,60.132,57.9899,1.121,"1200385",81.37,0,0,49.0399,0,0,0,0,0,0,0,0,0,0,0.367710275169905,1.476107724,0,2019-06-22
"AC",8,0.0314609255745521,60.212,50.166,0.207,"1200385",9.49,0,0,5.7244,0,0,11.8648,19.661,0,0,0,0.807,0.807,16.72,0.390773381416092,1.476107724,0,2019-06-22
"AC",42,0.218587004559314,55.371,46.7766,1.167,"1200385",41.11,0,0,22.8167,0,0,8.2133,14.8,0,0,0,0,0,15.71,0.384493364566927,1.476107724,0,2019-06-22
"AC",115,0.196261829015862,58.913,51.6063,2.897,"1200385",32.47,0,0,19.1702,0,0,4.8543,8.221,0,0,0,0,0,12.6,0.482249789942893,1.476107724,0,2019-06-22
"AC",22,0.0349379398056994,61.905,27.3512,1.046,"1200385",0,0,0,0,0,0,22.6594,36.522,0,0,0,0,0,55.92,0.50276984195653,1.476107724,0,2019-06-22
"AC",21,0.141917809871569,27.986,23.9158,1.142,"1200385",0,0,0,0,0,0,3.2174,11.471,0,0,0,0,0,14.73,0.414823320465512,1.476107724,0,2019-06-22
"AC",91,0.192698057907196,76.92,70.092,1.688,"1200385",20.87,0,0,16.0877,0,0,2.9331,3.805,0,0,0,0,0,5.44,0.370905340057309,1.476107724,0,2019-06-22
"AC",5,0.0573287977136283,63.646,59.6839,0.109,"1200385",49.4,0,0,31.5098,0,0,5.3917,8.452,0,0,0,0.206,0.206,6.43,0.406044978836891,1.476107724,0,2019-06-22
"AC",6,0.110494117543867,61.956,54.8027,0.142,"1200385",33.33,0,0,20.6954,0,0,7.2261,11.637,0,0,0,0,0,11.74,0.40659463060093,1.476107724,0,2019-06-22
"AC",55,0.133051738223184,59.555,52.2489,1.368,"1200385",0,0,0,0,0,0,13.4956,22.61,0,19.641,0,0,19.641,12.46,0.388757956794063,1.476107724,0,2019-06-22
"AC",26,0.0875822993281068,60.473,40.5138,0.834,"1200385",5.46,0,0,3.3093,0,0,17.15,28.296,0,0,0,0,0,33.16,0.489128959259161,1.476107724,0,2019-06-22
"AC",27,0.102511713552903,57.572,42.3183,0.829,"1200385",16.47,0,0,9.5023,0,0,14.705,25.485,0,0,0,0.576,0.576,25.22,0.481008182696801,1.476107724,0,2019-06-22
"AC",9,0.06958249595954,61.419,36.9898,0.316,"1200385",0,0,0,0,0,0,21.8608,35.513,0,0,0,0,0,39.91,0.36516056019801,1.476107724,0,2019-06-22
"AC",14,0.0363223652472096,71.557,66.6095,0.273,"1200385",0,0,0,0,0,0,1.5999,2.231,0,0,0,0,0,7.12,0.348934505924886,1.476107724,0,2019-06-22
"AC",40,0.0730879487064263,61.763,57.8055,0.9,"1200385",12.23,0,0,7.5724,0,0,3.6688,5.927,0,0,0,0,0,6.62,0.373194173992917,1.476107724,0,2019-06-22
"AC",28,0.141724641469067,63.041,49.9592,0.729,"1200385",28.22,0,0,17.8276,0,0,26.8581,42.509,1.402,0,6.869,2.728,10.999,20.36,0.366850985977261,1.476107724,0,2019-06-22
"AC",5,0.0322474487139159,60.727,39.7457,0.164,"1200385",7.17,0,0,4.3619,0,0,20.8159,34.201,0,0,0,0,0,34.7,0.457820854333625,1.476107724,0,2019-06-22
"AC",7,0.0363104183450861,56.5,52.2029,0.174,"1200385",35.47,0,0,20.0856,0,0,2.7238,4.81,0,0,0,0,0,7.31,0.460396799433331,1.476107724,0,2019-06-22
"AC",24,0.138468331517098,58.683,58.814,0.53,"1200385",24.59,0,0,14.4611,0,0,0,0,0,0,0,0,0,0,0.401383149663053,1.476107724,0,2019-06-22
"AC",18,0.0945676957946069,59.719,54.3569,0.43,"1200385",0.22,0,0,0.1291,0,0,3.268,5.46,0,0,0,0,0,9.18,0.407553106908207,1.476107724,0,2019-06-22
"AC",5,0.0620859033876723,60.939,57.3528,0.113,"1200385",52.79,0,0,32.2391,0,0,5.1612,8.45,0,0,0,0.346,0.346,6.09,0.405909034515833,1.476107724,0,2019-06-22
"AC",9,0.0513939355797787,68.244,46.6073,0.251,"1200385",6.71,0,0,4.5917,0,0,21.8495,31.945,0,0,1.115,0.827,1.942,31.02,0.364944321124567,1.476107724,0,2019-06-22
"AC",16,0.110442131084587,59.218,53.0757,0.392,"1200385",8.11,0,0,4.8114,0,0,7.034,11.852,0,0,0,0.256,0.256,10.54,0.406681214595179,1.476107724,0,2019-06-22
"AC",33,0.0699200698213742,60.265,45.1356,0.95,"1200385",25.45,0,0,15.371,0,0,14.9451,24.743,0,0,0,0,0,25.27,0.512563320233373,1.476107724,0,2019-06-22
"AC",6,0.032498037472243,77.975,75.5778,0.103,"1200385",0,0,0,0,0,0,1.9139,2.449,0,0,0,0.004,0.004,3.29,0.350187688102045,1.476107724,0,2019-06-22
"AC",8,0.0559126542227331,60.374,31.7435,0.328,"1200385",2.44,0,0,1.4746,0,0,21.4939,35.522,0,0.665,0,0,0.665,47.54,0.389371392314036,1.476107724,0,2019-06-22
"AC",5,0.106787753826796,45.749,45.851,0.142,"1200385",32.16,0,0,14.7458,0,0,0,0,0,0,0,0,0,0,0.400385336227918,1.476107724,0,2019-06-22
"AC",20,0.0647781716763755,69.415,47.1414,0.552,"1200385",3.73,0,0,2.5944,0,0,21.9792,31.593,0,0,0,0,0,31.41,0.344774080290747,1.476107724,0,2019-06-22
"AC",6,0.116106163138639,60.92,59.463,0.131,"1200385",35.93,0,0,21.9401,0,0,2.8638,4.69,0.063,1.451,0.264,0,1.778,0.71,0.407521841601845,1.476107724,0,2019-06-22
"AC",31,0.106117674029516,61.409,50.3117,0.801,"1200385",0.02,0,0,0.0149,0,0,10.5475,17.137,0,0.733,0,0,0.733,18.25,0.384955342865727,1.476107724,0,2019-06-22
"AC",17,0.103745747856526,35.154,24.257,0.911,"1200385",2.11,0,0,0.7444,0,0,18.5156,52.553,1.76,0,0,0,1.76,31.15,0.346103152069076,1.476107724,0,2019-06-22
"AC",20,0.115487639406152,60.411,50.8246,0.512,"1200385",48.76,0,0,29.5237,0,0,15.7253,25.972,0,0,0,3.306,3.306,16.06,0.385338609148427,1.476107724,0,2019-06-22
"AC",36,0.0747704079217417,65.063,64.0429,0.731,"1200385",31.43,0,0,20.492,0,0,1.8181,2.788,0.238,0,0,0.854,1.092,1.75,0.406485968045749,1.476107724,0,2019-06-22
"AC",24,0.0613430769099975,58.514,40.5508,0.769,"1200385",28.3,0,0,16.595,0,0,19.7081,33.606,0,0,0,0,0,29.49,0.455305777949433,1.476107724,0,2019-06-22
"AC",17,0.101960653883422,59.785,50.5757,0.437,"1200385",2.28,0,0,1.3642,0,0,4.5968,7.672,1.035,0,0,0,1.035,15.59,0.407217031302221,1.476107724,0,2019-06-22
"AC",51,0.0658248290463863,67.386,36.4368,1.82,"1200385",11.49,0,0,7.7614,0,0,25.9067,38.359,0,0,0,0.267,0.267,44.33,0.348293804215495,1.476107724,0,2019-06-22
"AC",8,0.0890619094766445,85.238,68.9884,0.151,"1200385",5.45,0,0,4.6548,0,0,13.1168,15.354,0,0,0,0,0,19.24,0.386595934560941,1.476107724,0,2019-06-22
"AC",14,0.0433307166296573,60.661,44.2804,0.411,"1200385",10.75,0,0,6.5341,0,0,11.7044,19.252,0.874,0,0,0,0.874,27.17,0.509829090657758,1.476107724,0,2019-06-22
"AC",6,0.0324324324324324,55.742,38.9387,0.2,"1200385",43.24,0,0,24.158,0,0,14.7347,26.375,0,0,0,0,0,30.3,0.400673439269939,1.476107724,0,2019-06-22
"AC",32,0.101527994723757,61.528,57.8595,0.719,"1200385",9.74,0,0,6.0065,0,0,3.1853,5.165,0,0,0,0,0,6.17,0.485042650630826,1.476107724,0,2019-06-22
"AC",10,0.118027948693401,67.041,63.1625,0.206,"1200385",6.09,0,0,4.0896,0,0,3.7481,5.578,0,0,0,0,0,1.84,0.347387701078061,1.476107724,0,2019-06-22
"AC",116,0.21006217974561,58.663,40.2087,3.75,"1200385",5.66,0,0,3.3305,0,0,15.9695,27.162,0,0,0,0,0,31.61,0.390114652409025,1.476107724,0,2019-06-22
"AC",36,0.0832031843617015,59.861,48.7033,0.961,"1200385",16.79,0,0,10.076,0,0,7.9189,13.199,0,0,0,0,0,16.98,0.480008525619591,1.476107724,0,2019-06-22
"AC",38,0.0605023536981165,60.066,54.8258,0.901,"1200385",13.46,0,0,8.1008,0,0,4.8363,8.034,0.797,0,0,0,0.797,8.93,0.489320591443722,1.476107724,0,2019-06-22
"AC",19,0.0433307166296573,59.445,35.464,0.696,"1200385",6.74,0,0,4.013,0,0,23.5389,39.509,0,0,0,0,0,40.47,0.465141383016972,1.476107724,0,2019-06-22
"AC",21,0.114869115673664,61.48,61.3972,0.445,"1200385",36.02,0,0,22.193,0,0,0.2368,0.384,0.052,0,0.023,0,0.075,0.22,0.366054899463801,1.476107724,0,2019-06-22
"AC",15,0.0774091367215197,68.483,64.0972,0.304,"1200385",22.29,0,0,15.2991,0,0,28.8496,42.032,3.097,0,12.731,6.485,22.313,6.61,0.347104625893121,1.476107724,0,2019-06-22
"AC",33,0.128711742086913,58.714,53.3126,0.805,"1200385",1.28,0,0,0.7561,0,0,4.9827,8.468,0,0.087,0,0,0.087,9.4,0.385282298126006,1.476107724,0,2019-06-22
"AC",15,0.152393552531364,60.334,57.8998,0.337,"1200385",28.56,0,0,17.2679,0,0,0,0,0,0,0,0,0,0.01,0.407994042683195,1.476107724,0,2019-06-22
"AC",66,0.137376659110596,62.411,61.8408,1.387,"1200385",74.44,0,0,46.5603,0,0,0,0,0,0,0,0,0,0,0.36707538715493,1.476107724,0,2019-06-22
"AC",299,0.116884188680021,350.093,349.5856,1.112,"1200385",7.81,0,0,27.4183,0,0,0.5446,0.155,0,0,0,0,0,0.1,0.34525297467838,1.476107724,0,2019-06-22
"AC",20,0.105345306149855,60.83,59.3293,0.438,"1200385",31.8,0,0,19.3871,0,0,1.3667,2.242,0,0,0.004,0,0.004,2.68,0.366998793843947,1.476107724,0,2019-06-22
"AC",78,0.0949765138638609,99.324,81.5093,1.244,"1200385",12.32,0,0,12.2639,0,0,38.6848,38.861,1.138,0,2.089,6.526,9.753,18.12,0.491505391185057,1.476107724,0,2019-06-22
"AC",33,0.141262021376459,58.108,57.1621,0.75,"1200385",35.99,0,0,20.9629,0,0,0.6838,1.174,0,0,0,0,0,1.85,0.406308739480591,1.476107724,0,2019-06-22
"AC",14,0.272341632094643,35.545,35.6242,0.511,"1200385",45.58,0,0,16.2359,0,0,0,0,0,0,0,0,0,0,0.396677789274454,1.476107724,0,2019-06-22
"AC",93,0.166133740886934,61.896,56.961,2.123,"1200385",6.14,0,0,3.81,0,0,4.1193,6.64,0,0,0,0,0,8.04,0.371916415069544,1.476107724,0,2019-06-22
"AC",10,0.0333333333333333,56.083,37.4505,0.347,"1200385",21.08,0,0,11.8515,0,0,15.4378,27.465,0,0,0,0,0,33.37,0.511848831641718,1.476107724,0,2019-06-22
"AC",5,0.275959179422654,10.068,10.09,0.644,"1200385",100,0,0,10.09,0,0,0,0,0,0,0,0,0,0,0.402087955793619,1.476107724,0,2019-06-22
"AC",16,0.115697737061354,54.291,48.4507,0.429,"1200385",27.72,0,0,15.0809,0,0,3.6858,6.774,0,0,0,0.651,0.651,10.96,0.379622104655884,1.476107724,0,2019-06-22
"AC",7,0.0302749430154621,111.192,79.8594,0.114,"1200385",5.56,0,0,6.1956,0,0,20.1658,18.095,0.477,0,0,0,0.477,28.34,0.508818632948974,1.476107724,0,2019-06-22
"AC",8,0.057661488699264,61.324,43.5288,0.239,"1200385",6.77,0,0,4.1622,0,0,18.4266,29.981,0,0,1.138,0.85,1.988,28.25,0.364443061340381,1.476107724,0,2019-06-22
"AC",8,0.161237243569579,10.579,10.6029,0.981,"1200385",100,0,0,10.6029,0,0,0,0,0,0,0,0,0,0,0.398928881402035,1.476107724,0,2019-06-22
"AC",5,0.100969909464416,48.169,33.9401,0.192,"1200385",5.22,0,0,2.52,0,0,11.6959,24.226,0.025,0,0,0,0.025,29.7,0.388281868445023,1.476107724,0,2019-06-22
"AC",48,0.226956292660701,29.924,29.9908,2.081,"1200385",16.97,0,0,5.0908,0,0,0,0,0,0,0,0,0,0,0.360751523550123,1.476107724,0,2019-06-22
"AC",17,0.0420058827156775,60.474,37.7239,0.586,"1200385",15.95,0,0,9.6662,0,0,21.6302,35.688,0,0,0,0,0,37.76,0.489911400690463,1.476107724,0,2019-06-22
"AC",80,0.182322800331501,60.977,58.2547,1.785,"1200385",44.09,0,0,26.9472,0,0,8.4509,13.828,0,0,0,4.231,4.231,4.1,0.38619338235326,1.476107724,0,2019-06-22
"AC",7,0.144035470066266,60.968,60.8248,0.15,"1200385",13.23,0,0,8.0848,0,0,0.2361,0.386,0,0,0,0,0,0.46,0.385165335313697,1.476107724,0,2019-06-22
"AC",21,0.0899761288452356,94.891,57.4104,0.476,"1200401",0,0,0,0,0,0,39.6179,41.657,1.169,0.839,1.119,0,3.127,39.63,0.628767776665273,2.11433493,0,2017-08-25
"AC",6,0.0481549345760519,74.194,32.9345,0.237,"1200401",6.11,0,0,4.5401,0,0,47.8038,64.287,0,1.073,2.673,1.312,5.058,55.71,0.618678859475661,2.11433493,0,2017-08-25
"AC",5,0.0478084201159103,80.136,39.4536,0.165,"1200401",10.92,0,0,8.7703,0,0,53.4059,66.495,1.577,2.946,4.745,0.368,9.636,50.76,0.608194834943928,2.11433493,0,2017-08-25
"AC",26,0.0761748771769003,88.202,80.3475,0.421,"1200401",26.18,0,0,23.1469,0,0,29.3943,33.252,2.569,4.836,7.662,3.812,18.879,8.27,0.577930794483484,2.11433493,0,2017-08-25
"AC",46,0.108573346780842,90.479,61.6799,0.97,"1200401",0.06,0,0,0.0534,0,0,50.4535,55.638,0,0,0.649,1.881,2.53,31.98,0.588408641706613,2.11433493,0,2017-08-25
"AC",12,0.0847301676015468,68.723,37.3585,0.418,"1200401",6.49,0,0,4.4734,0,0,36.1145,52.433,0.772,1.673,0,0,2.445,45.76,0.592570090769983,2.11433493,0,2017-08-25
"AC",23,0.0931959941762229,79.045,47.6441,0.628,"1200401",0.07,0,0,0.0591,0,0,27.3623,34.538,0,0,0,0,0,39.86,0.62708558763547,2.11433493,0,2017-08-25
"AC",23,0.0762769670191402,51.933,26.013,1.149,"1200401",2.39,0,0,1.2458,0,0,5.0647,9.731,0,0,0,0,0,50,0.636643241058383,2.11433493,0,2017-08-25
"AC",16,0.0971781828523498,51.046,26.8626,0.774,"1200401",16.38,0,0,8.3809,0,0,28.4092,55.53,8.146,4.679,0,0,12.825,47.49,0.627644590713512,2.11433493,0,2017-08-25
"AC",9,0.0412170231355277,65.389,63.305,0.185,"1200401",34.05,0,0,22.3175,0,0,0.8689,1.326,0,0,0,0,0,2.39,0.598482503714329,2.11433493,0,2017-08-25
"AC",60,0.172679286678278,60.886,46.4827,1.678,"1200401",0,0,0,0,0,0,12.3897,20.303,0,0,0,0,0,23.83,0.690978723514486,2.11433493,0,2017-08-25
"AC",7,0.0830975042519959,69.737,44.1934,0.206,"1200401",0,0,0,0,0,0,21.8383,31.246,0.808,3.293,0.042,0,4.143,36.64,0.57924517070241,2.11433493,0,2017-08-25
"AC",8,0.0490958882351025,53.633,39.7432,0.262,"1200401",7.76,0,0,4.1694,0,0,17.1478,31.901,0.223,0.792,0,0.732,1.747,26.06,0.684192670337835,2.11433493,0,2017-08-25
"AC",18,0.0942665629073549,69.936,29.1949,0.802,"1200401",0,0,0,0,0,0,40.8144,58.228,0,0,0,1.514,1.514,58.34,0.64887137347702,2.11433493,0,2017-08-25
"AC",57,0.11607498896634,97.834,76.0315,0.975,"1200401",6.12,0,0,6.0032,0,0,27.7862,28.338,0,0.824,0,0,0.824,22.27,0.600703168109695,2.11433493,0,2017-08-25
"AC",40,0.0994317936842843,75.388,65.4771,0.794,"1200401",4.38,0,0,3.3097,0,0,12.6438,16.734,0,2.737,0.046,0,2.783,13.34,0.652000833890158,2.11433493,0,2017-08-25
"AC",7,0.024337697142578,82.028,20.382,0.446,"1200401",0,0,0,0,0,0,63.7282,77.516,0.647,0,0.863,0,1.51,75.21,0.587466072934559,2.11433493,0,2017-08-25
"AC",12,0.0146731662226429,74.336,28.8486,0.541,"1200401",2.15,0,0,1.6053,0,0,42.2061,56.651,0,0,0,0,0,60.77,0.669527375117294,2.11433493,0,2017-08-25
"AC",10,0.0687235617656958,85.674,57.4758,0.226,"1200401",0,0,0,0,0,0,29.4886,34.344,6.718,0,4.86,0.149,11.727,32.75,0.582620160715452,2.11433493,0,2017-08-25
"AC",22,0.127389339119464,48.337,42.8358,0.668,"1200401",3.69,0,0,1.7879,0,0,14.4267,29.78,1.647,0,3.459,0,5.106,11.58,0.668191574979076,2.11433493,0,2017-08-25
"AC",12,0.064996074944486,39.904,28.5015,0.547,"1200401",9.32,0,0,3.7273,0,0,13.6908,34.233,0,0,3.585,0.222,3.807,28.73,0.612812231627267,2.11433493,0,2017-08-25
"AC",29,0.170864091678288,64.712,54.5194,0.691,"1200401",8.82,0,0,5.7176,0,0,19.9903,30.822,0.979,10.485,1.23,0,12.694,15.78,0.576588052397693,2.11433493,0,2017-08-25
"AC",25,0.100612571457347,60.509,41.6288,0.781,"1200401",0,0,0,0,0,0,23.5797,38.882,0.566,0.112,0.888,0.658,2.224,31.36,0.657237942935029,2.11433493,0,2017-08-25
"AC",17,0.0909540723404242,28.228,24.2024,0.913,"1200401",0,0,0,0,0,0,5.6313,19.905,0.016,0,0,0,0.016,14.45,0.665833592389248,2.11433493,0,2017-08-25
"AC",9,0.0469123562226876,119.873,64.7503,0.181,"1200401",1.82,0,0,2.1836,0,0,65.4947,54.515,0.39,2.071,0.531,0.406,3.398,46.1,0.646040283049884,2.11433493,0,2017-08-25
"AC",51,0.139302308797559,93.919,83.2248,0.797,"1200401",11.07,0.01,0,10.4251,0.0124,0,10.7802,11.452,0,0,0,0,0,11.34,0.62603294702923,2.11433493,0,2017-08-25
"AC",17,0.124738579443629,44.93,35.8695,0.616,"1200401",19.06,0,0,8.5823,0,0,13.5863,30.171,9.254,5.316,0,0,14.57,20.34,0.628778735829965,2.11433493,0,2017-08-25
"AC",85,0.191824422925296,70.294,70.3066,1.572,"1200401",33.63,4.84,0,23.6925,3.4127,0,0.5026,0.713,0,0,0,0,0,0.21,0.622184755315554,2.11433493,0,2017-08-25
"AC",36,0.122543974497947,115.642,88.8325,0.527,"1200401",10.64,0,0,12.3308,0,0,51.4024,44.35,0.896,1.346,0.612,1.927,4.781,23.35,0.681611950776995,2.11433493,0,2017-08-25
"AC",31,0.159953089637493,51.104,44.6544,0.902,"1200401",20.86,0,0,10.6848,0,0,7.6516,14.939,0.912,0,0,0,0.912,11.38,0.630021331474939,2.11433493,0,2017-08-25
"AC",26,0.175414169471443,45.138,43.6988,0.773,"1200401",10.38,0,0,4.6941,0,0,11.1731,24.698,2.388,4.586,8.738,0.592,16.304,3.41,0.621495058493464,2.11433493,0,2017-08-25
"AC",16,0.168247558507387,39.288,27.5087,0.756,"1200401",0,0,0,0,0,0,17.0534,43.309,3.349,4.217,0,0.344,7.91,30.14,0.613345135510339,2.11433493,0,2017-08-25
"AC",53,0.104729265926041,89.632,80.7429,0.853,"1200401",32.56,4.12,0,29.2483,3.6989,0,4.8278,5.374,0,0,1.342,0,1.342,6.71,0.625696703741087,2.11433493,0,2017-08-25
"AC",6,0.0454325640990573,69.823,28.4841,0.274,"1200401",0,0,0,0,0,0,37.058,52.955,0,0.024,0,0,0.024,59.3,0.674863794993991,2.11433493,0,2017-08-25
"AC",5,0.0571428571428571,11.617,11.6435,0.558,"1200401",99.99,0,0,11.6422,0,0,0,0,0,0,0,0,0,0,0.138457695226597,2.11433493,0,2018-06-11
"AC",36,0.153875323184864,105.884,101.5929,0.461,"1200401",25.24,0,0,26.7874,0,0,5.0036,4.715,0,0,0,0.045,0.045,4.27,0.687187429663789,2.11433493,0,2017-08-25
"AC",65,0.107498142770971,276.536,202.753,0.417,"1200401",10.63,0,0,29.4504,0,0,101.3912,36.583,0.768,5.499,1.023,0.333,7.623,26.18,0.610597391792335,2.11433493,0,2017-08-25
"AC",69,0.117872941106617,101.242,83.2017,1.078,"1200401",0,0,0,0,0,0,37.7498,37.204,0.612,4.195,6.042,1.181,12.03,18,0.642923575941172,2.11433493,0,2017-08-25
"AC",8,0.0741581623797196,92.684,40.0007,0.26,"1200401",3.29,0,0,3.0518,0,0,64.3536,69.278,0,0,1.777,4.346,6.123,56.94,0.674498664494803,2.11433493,0,2017-08-25
"AC",42,0.147290342388752,71.807,46.2159,1.181,"1200401",0,0,0,0,0,0,26.3491,36.612,0.798,3.524,0,0,4.322,35.77,0.588901855649149,2.11433493,0,2017-08-25
"AC",13,0.0740740740740741,81.852,67.1222,0.252,"1200401",0.15,0,0,0.119,0,0,24.6261,30.019,0.648,0.516,0,0.486,1.65,18.18,0.59215769911951,2.11433493,0,2017-08-25
"AC",34,0.0560931723894482,100.256,48.042,0.92,"1200401",6.67,0,0,6.7047,0,0,59.443,59.159,0,0,0,4.082,4.082,51.3,0.670215832372571,2.11433493,0,2017-08-25
"AC",49,0.191418751730766,103.297,81.6369,0.78,"1200401",11.77,0,0,12.1876,0,0,22.5172,21.75,0.332,0.001,0.008,0,0.341,21.14,0.617649138998316,2.11433493,0,2017-08-25
"AC",32,0.125843280106979,81.566,76.0222,0.547,"1200401",2.58,0,0,2.1052,0,0,7.2661,8.888,0,0.804,0,0,0.804,6.57,0.619985540320371,2.11433493,0,2017-08-25
"AC",10,0.0337063660250114,93.634,52.8053,0.246,"1200401",13.44,0,0,12.608,0,0,60.5172,64.488,0,6.918,5.046,1.828,13.792,43.73,0.612024429939645,2.11433493,0,2017-08-25
"AC",24,0.122229130557385,30.053,24.1376,1.293,"1200401",0,0,0,0,0,0,11.8973,39.499,0,2.375,9.958,0.207,12.54,19.86,0.644794618379768,2.11433493,0,2017-08-25
"AC",18,0.0695832670483853,42.62,19.3777,1.208,"1200401",0.49,0,0,0.2111,0,0,23.561,55.157,1.658,0,0,0.231,1.889,54.64,0.677503346302158,2.11433493,0,2017-08-25
"AC",19,0.0603127046990292,47.327,24.1974,1.021,"1200401",1.04,0,0,0.4929,0,0,18.6007,39.215,0,0,0,1.122,1.122,48.99,0.66302925157978,2.11433493,0,2017-08-25
"AC",11,0.0455363427566728,81.629,33.0233,0.433,"1200401",0,0,0,0,0,0,54.0566,66.074,0,1.221,8.968,1.354,11.543,59.64,0.634966954852383,2.11433493,0,2017-08-25
"AC",12,0.0990166938891698,84.686,63.8251,0.244,"1200401",15.07,0,0,12.7906,0,0,30.1515,35.524,5.358,2.017,6.555,0,13.93,24.75,0.593695054407154,2.11433493,0,2017-08-25
"AC",11,0.110695055481841,35.645,29.6203,0.483,"1200401",8.56,0,0,3.0572,0,0,14.4677,40.498,12.187,14.557,0,0.745,27.489,17.09,0.691604053595476,2.11433493,0,2017-08-25
"AC",18,0.168328208601,30.86,30.9289,0.757,"1200401",47.1,0,0,14.5663,0,0,0.0135,0.044,0,0,0.044,0,0.044,0,0.656801669636372,2.11433493,0,2017-08-25
"AC",33,0.163933718542479,48.823,47.3544,0.906,"1200401",0,0,0,0,0,0,8.9442,18.279,0,4.893,5.627,0.142,10.662,3.22,0.640803895373712,2.11433493,0,2017-08-25
"AC",21,0.0660179950456499,43.742,43.7329,0.624,"1200401",17.83,0,0,7.8187,0,0,19.0298,43.407,4.329,8.316,13.69,7.363,33.698,0.24,0.576816094176968,2.11433493,0,2017-08-25
"AC",19,0.0699978286926944,69.493,48.1156,0.513,"1200401",4.07,0,0,2.8368,0,0,33.7659,48.48,0,0,6.871,1.362,8.233,30.92,0.637411664044356,2.11433493,0,2017-08-25
"AC",16,0.0674963553055941,86.22,74.2371,0.28,"1200401",6.45,0,0,5.57,0,0,18.8955,21.867,0,0.043,1.949,3.181,5.173,13.8,0.655244099552282,2.11433493,0,2017-08-25
"AC",27,0.100347936798506,71.881,37.2969,0.941,"1200401",0,0,0,0,0,0,37.9593,52.69,1.352,7.014,0,0.15,8.516,48.23,0.588829492761022,2.11433493,0,2017-08-25
"AC",18,0.0483939498500676,80.87,32.1807,0.727,"1200401",17.4,0,0,14.1042,0,0,43.37,53.509,0,0,0,0,0,58.09,0.660038882623973,2.11433493,0,2017-08-25
"AC",29,0.138251995526664,70.749,62.7452,0.601,"1200401",0,0,0,0,0,0,7.4213,10.466,0,0,0,0,0,11.51,0.663060969031494,2.11433493,0,2017-08-25
"AC",32,0.118646389804749,94.098,64.1537,0.648,"1200401",3.43,0,0,3.2361,0,0,29.7233,31.517,0,0,0,0,0,30.6,0.596265675438271,2.11433493,0,2017-08-25
"AC",37,0.0703743478966761,52.049,38.9926,1.234,"1200401",0,0,0,0,0,0,23.2235,44.519,0,2.025,5.543,1.675,9.243,25.25,0.642158284433176,2.11433493,0,2017-08-25
"AC",102,0.201876620578426,90.898,77.1604,1.718,"1200401",12.75,8.28,0,11.617,7.5388,0,10.5669,11.599,0,0.183,0.633,0,0.816,10.14,0.623018968531239,2.11433493,0,2017-08-25
"AC",16,0.0840070527096763,73.943,60.4449,0.344,"1200401",10.88,0,0,8.0628,0,0,22.019,29.712,0,0.627,8.224,1.598,10.449,16.82,0.63124536281709,2.11433493,0,2017-08-25
"AC",7,0.0720654465019529,43.823,40.5247,0.225,"1200401",14.54,0,0,6.3848,0,0,16.3636,37.257,0,1.718,15.523,2.738,19.979,7.73,0.636560152825452,2.11433493,0,2017-08-25
"AC",29,0.183678898554159,63.414,51.2862,0.735,"1200401",4.69,0,0,2.9827,0,0,22.9513,36.112,1.028,11.15,1.255,0,13.433,19.14,0.57715383987934,2.11433493,0,2017-08-25
"AC",18,0.108427932677185,50.906,43.8595,0.534,"1200401",0.84,0,0,0.4263,0,0,3.7242,7.299,0,0,0,0,0,14.04,0.670521145033951,2.11433493,0,2017-08-25
"AC",5,0.0674160628566657,47.12,40.3333,0.161,"1200401",8.2,0,0,3.8728,0,0,21.0805,44.638,3.099,3.336,3.755,3.431,13.621,14.59,0.596986676341136,2.11433493,0,2017-08-25
"AC",84,0.21795583635959,78.828,75.3427,1.449,"1200401",10.76,0,0,8.4978,0,0,9.5719,12.116,1.881,0.804,0.542,1.207,4.434,3.51,0.590197972968027,2.11433493,0,2017-08-25
"AC",24,0.117930780194417,77.664,54.8232,0.569,"1200401",7.92,0,0,6.1621,0,0,27.0376,34.735,0,0,0,0.911,0.911,28.04,0.616293049105548,2.11433493,0,2017-08-25
"AC",8,0.0515981740783654,84.883,41.9324,0.248,"1200401",0,0,0,0,0,0,43.2662,50.858,0,0,0.41,0,0.41,50.71,0.674229711636507,2.11433493,0,2017-08-25
"AC",32,0.230964669410402,52.638,39.5335,1.052,"1200401",2.07,0,0,1.0922,0,0,18.9202,35.864,0.591,9.402,1.033,0.4,11.426,25.06,0.604357128595378,2.11433493,0,2017-08-25
"AC",90,0.0953171815867503,105.278,60.5002,1.934,"1200401",0,0,0,0,0,0,28.9553,27.442,0.231,0.924,0,0.42,1.575,42.66,0.666816692813219,2.11433493,0,2017-08-25
"AC",48,0.148924721066789,85.813,62.7601,0.994,"1200401",8.23,0,0,7.0798,0,0,27.18,31.603,3.03,3.749,3.645,0,10.424,23.38,0.596403845971021,2.11433493,0,2017-08-25
"AC",23,0.137205213648328,56.4,48.0022,0.623,"1200401",0,0,0,0,0,0,7.549,13.355,0,0,0,0,0,15.08,0.624470719926723,2.11433493,0,2017-08-25
"AC",6,0.26320553318655,15.604,15.6382,0.499,"1200401",2.28,0,0,0.3573,0,0,0,0,0,0,0,0,0,0,0.657712071394975,2.11433493,0,2017-08-25
"AC",9,0.0463233960434414,67.031,28.9607,0.404,"1200401",0,0,0,0,0,0,34.2572,50.993,0,0,1.578,0.004,1.582,56.1,0.6880455125188,2.11433493,0,2017-08-25
"AC",33,0.0952352904607378,70.816,52.9833,0.81,"1200401",2.09,0,0,1.4861,0,0,20.2643,28.551,1.95,2.507,0,0,4.457,24.65,0.581148145172098,2.11433493,0,2017-08-25
"AC",8,0.0525711188737864,100.996,60.7598,0.171,"1200401",5.61,0,0,5.6751,0,0,55.7431,55.07,0,1.139,0,1.27,2.409,39.97,0.640079311498781,2.11433493,0,2017-08-25
"AC",19,0.112659863237109,20.715,16.9367,1.458,"1200401",0.96,0,0,0.199,0,0,3.7841,18.227,0,0,0,0,0,18.38,0.652231512068674,2.11433493,0,2017-08-25
"AC",5,0.0649113364240951,44.992,26.769,0.243,"1200401",16.79,0,0,7.5731,0,0,22.5458,49.999,0.304,1.821,9.142,0.45,11.717,40.63,0.622810438212695,2.11433493,0,2017-08-25
"AC",28,0.0380022745440725,84.485,65.3361,0.557,"1200401",7.54,0,0,6.383,0,0,22.1385,26.146,0,1.89,1.361,0,3.251,22.84,0.623886674816067,2.11433493,0,2017-08-25
"AC",5,0.0954301701895995,23.525,16.7054,0.389,"1200401",0,0,0,0,0,0,8.2953,35.183,0,0.416,0,0,0.416,29.15,0.695012926204348,2.11433493,0,2017-08-25
"AC",30,0.0302749430154621,118.503,50.5978,0.771,"1200401",7.73,0,0,9.1762,0,0,68.4094,57.599,0,0.004,0,0.087,0.091,56.2,0.657125181252981,2.11433493,0,2017-08-25
"AC",25,0.131986858374419,28.059,27.937,1.163,"1200401",0,0,0,0,0,0,0.4275,1.52,0,0,0,0.017,0.017,0.66,0.643915426623631,2.11433493,0,2017-08-25
"AC",33,0.0982582669925234,45.566,34.313,1.25,"1200401",10.41,0,0,4.7542,0,0,9.0544,19.827,0,0,0,0,0,22.27,0.637544317538239,2.11433493,0,2017-08-25
"AC",78,0.0498930260622565,87.225,55.8939,1.814,"1200401",11.08,0,0,9.6857,0,0,30.765,35.192,0,0,0,0.012,0.012,36.06,0.649037811339761,2.11433493,0,2017-08-25
"AC",11,0.0445393001226743,83.555,51.8055,0.276,"1200401",28.42,0,0,23.7991,0,0,37.9735,45.346,1.169,2.832,0.635,0,4.636,37.5,0.582577196733942,2.11433493,0,2017-08-25
"AC",49,0.26495824835138,75.699,75.2739,0.846,"1200401",14.51,0,0,11.0084,0,0,0.9321,1.229,0.093,0,0,0,0.093,0.79,0.615857456681038,2.11433493,0,2017-08-25
"AC",9,0.0612372435695795,10.242,5.7614,2.031,"1200401",0,0,0,0,0,0,3.7163,36.203,0,0,0.082,0,0.082,43.86,0.652387462134434,2.11433493,0,2017-08-25
"AC",31,0.170272643807654,47.807,42.2013,0.955,"1200401",22.06,0,0,10.5708,0,0,6.4847,13.534,0.804,0,0,0,0.804,10.41,0.630066493660949,2.11433493,0,2017-08-25
"AC",39,0.161335311665846,92.249,81.9197,0.619,"1200401",14.42,0,0,13.3343,0,0,11.9149,12.887,0.863,0,0,0,0.863,11.4,0.640239346719093,2.11433493,0,2017-08-25
"AC",11,0.0544449394770669,91.203,84.2485,0.17,"1200401",0.04,0,0,0.0402,0,0,17.5396,19.188,5.719,10.67,1.11,0.047,17.546,7.83,0.581067312021917,2.11433493,0,2017-08-25
"AC",6,0.0273038237651904,91.856,51.8206,0.151,"1200401",0,0,0,0,0,0,58.5614,63.611,0,0.102,16.218,3.418,19.738,43.71,0.677640635014505,2.11433493,0,2017-08-25
"AC",49,0.233464048572395,81.63,80.8751,0.788,"1200401",7.93,0,0,6.4881,0,0,1.0014,1.224,0,0,0,0,0,1.15,0.587624938910741,2.11433493,0,2017-08-25
"AC",8,0.0186046511627907,60.358,36.4239,0.286,"1200401",26.73,0,0,16.1694,0,0,15.3864,25.435,0,0,0,0,0,39.79,0.594629767937373,2.11433493,0,2017-08-25
"AC",62,0.121262021376459,60.818,57.5695,1.4,"1200401",49.93,0,0,30.4341,0,0,1.2415,2.037,0,0,0,0,0,2.8,0.603215030955967,2.11433493,0,2017-08-25
"AC",21,0.0810781471679577,97.745,65.2375,0.418,"1200401",8.26,0,0,8.0922,0,0,44.1171,45.034,1.306,8.146,0.815,0.498,10.765,33.41,0.613981226870522,2.11433493,0,2017-08-25
"AC",34,0.113814524872644,53.19,40.1551,1.101,"1200401",3.52,0,0,1.8739,0,0,19.7109,36.974,0,7.073,0.266,0,7.339,24.68,0.671282156661137,2.11433493,0,2017-08-25
"AC",66,0.0876683586687457,169.267,107.544,0.798,"1200401",15.67,0,0,26.5862,0,0,87.0814,51.331,0.523,0.322,2.77,1.202,4.817,36.61,0.599876588315289,2.11433493,0,2017-08-25
"AC",19,0.10317324649766,39.347,28.7218,0.86,"1200401",0,0,0,0,0,0,17.608,44.65,0.802,6.541,1.244,0.619,9.206,27.17,0.614950069845841,2.11433493,0,2017-08-25
"AC",24,0.119178032332267,90.495,73.7063,0.423,"1200401",6.1,0,0,5.5313,0,0,18.5262,20.426,2.372,0.007,0,0,2.379,18.73,0.578371353581626,2.11433493,0,2017-08-25
"AC",28,0.10210327494095,88.091,50.7487,0.717,"1200401",6.35,0,0,5.604,0,0,29.0491,32.903,0,0,0.03,0,0.03,41.25,0.636346648651391,2.11433493,0,2017-08-25
"AC",51,0.195029411260642,70.076,61.145,1.084,"1200401",9.69,0,0,6.8022,0,0,14.1729,20.18,3.301,1.157,0,0.231,4.689,12.94,0.585229205620562,2.11433493,0,2017-08-25
"AC",37,0.129000602929159,63.162,44.5763,1.079,"1200401",23.31,0,0,14.7541,0,0,16.7622,26.479,0,0,0,0.377,0.377,27.62,0.631721309070335,2.11433493,0,2017-08-25
"AC",10,0.130925646098046,52.263,29.7752,0.437,"1200401",7.04,0,0,3.6888,0,0,24.9879,47.705,0,0.114,2.203,0,2.317,43.14,0.626619685966895,2.11433493,0,2017-08-25
"AC",27,0.113484692283495,30.254,22.1406,1.585,"1200401",0,0,0,0,0,0,5.0503,16.656,0,0,1.462,0,1.462,26.06,0.650837742438678,2.11433493,0,2017-08-25
"AC",5,0.122474487139159,7.284,7.3005,0.89,"1200401",100,0,0,7.3005,0,0,0,0,0,0,0,0,0,0,0.136758440807401,2.11433493,0,2018-06-11
"AC",85,0.103333580501689,94.719,24.0225,4.6,"1200401",0,0,0,0,0,0,62.023,65.336,0.654,1.079,0,0,1.733,74.69,0.664399482688719,2.11433493,0,2017-08-25
"AC",24,0.103192380981895,60.904,49.8861,0.625,"1200401",0,0,0,0,0,0,11.5543,18.929,1.307,0,0,0,1.307,18.27,0.653282732633196,2.11433493,0,2017-08-25
"AC",22,0.104558274990399,73.855,57.4491,0.498,"1200401",8.32,0,0,6.1553,0,0,34.67,46.838,1.917,3.631,20.3,0.359,26.207,22.39,0.620971759932357,2.11433493,0,2017-08-25
"AC",27,0.109267753402818,68.634,36.7201,0.956,"1200401",0,0,0,0,0,0,34.3434,49.927,1.277,7.274,0,0.022,8.573,46.62,0.588933477928234,2.11433493,0,2017-08-25
"AC",26,0.137488403245072,70.278,58.875,0.574,"1200401",33.19,0,0,23.377,0,0,42.9856,61.028,0,5.654,15.67,4.817,26.141,16.4,0.651984941067849,2.11433493,0,2017-08-25
"AC",73,0.135553629095835,87.681,79.0691,1.2,"1200401",31.03,4.67,0,27.2705,4.1075,0,5.6376,6.415,0,0,0.706,0,0.706,7.81,0.625254989446972,2.11433493,0,2017-08-25
"AC",16,0.0730418856178587,51.089,16.7138,1.244,"1200401",0,0,0,0,0,0,33.5485,65.519,0,0,0,1.09,1.09,67.36,0.64839456443673,2.11433493,0,2017-08-25
"AC",17,0.0552116581300347,78.136,45.2037,0.489,"1200401",0,0,0,0,0,0,37.1964,47.498,1.698,0.679,0,0.617,2.994,42.28,0.590894115694998,2.11433493,0,2017-08-25
"AC",29,0.0726521104620362,91.131,66.2856,0.569,"1200401",9.78,0,0,8.9352,0,0,40.2483,44.067,0.329,0.183,0.928,1.494,2.934,27.06,0.603982038932037,2.11433493,0,2017-08-25
"AC",46,0.110504612536194,95.034,53.3754,1.12,"1200401",6.46,0,0,6.156,0,0,41.4179,43.485,6.441,0,0,0,6.441,43.96,0.611438449438435,2.11433493,0,2017-08-25
"AC",103,0.188791786328901,93.662,75.9312,1.763,"1200401",8.28,7.56,0,7.773,7.097,0,14.6711,15.629,0,0.116,0.487,0,0.603,14.2,0.624394274270306,2.11433493,0,2017-08-25
"AC",12,0.089298221281347,36.27,28.5184,0.547,"1200401",7.24,0,0,2.6304,0,0,14.4793,39.832,3.345,11.07,0.004,0.12,14.539,21.55,0.611381896900134,2.11433493,0,2017-08-25
"AC",14,0.0898036187589913,81.267,53.0918,0.343,"1200401",0,0,0,0,0,0,36.3102,44.58,0,1.415,4.421,0.435,6.271,34.82,0.643495617039473,2.11433493,0,2017-08-25
"AC",12,0.189445905331963,76.562,65.5345,0.238,"1200401",4.49,0,0,3.4475,0,0,10.0012,13.034,0,0,0,0.277,0.277,12.8,0.605201247678534,2.11433493,0,2017-08-25
"AC",14,0.100970785674199,79.596,53.1275,0.343,"1200401",7.45,0,0,5.9407,0,0,34.9909,43.862,0.704,3.521,2.065,0.889,7.179,33.4,0.610938966758649,2.11433493,0,2017-08-25
"AC",8,0.0608941392236125,38.911,35.882,0.29,"1200401",0.75,0,0,0.2911,0,0,3.0569,7.838,0,0,0,0,0,7.99,0.656387516840706,2.11433493,0,2017-08-25
"AC",99,0.101712607550871,96.792,76.6255,1.68,"1200401",25.19,0,0,24.4327,0,0,38.4814,39.668,0,6.142,6.671,1.679,14.492,19.74,0.607511906915636,2.11433493,0,2017-08-25
"AC",19,0.159504541553865,69.626,65.8822,0.375,"1200401",17.41,0,0,12.1458,0,0,4.255,6.097,1.267,0.49,0,0,1.757,5.59,0.659164529981551,2.11433493,0,2017-08-25
"AC",73,0.149300905941037,91.837,81.7833,1.16,"1200401",0.05,0,0,0.0439,0,0,12.3328,13.399,1.237,2.447,0.282,0.055,4.021,11.15,0.584992967564541,2.11433493,0,2017-08-25
"AC",8,0.103445413607063,86.624,70.8982,0.147,"1200401",6.51,0,0,5.655,0,0,24.3115,28.003,0.923,2.819,1.532,1.488,6.762,17.39,0.607625656367328,2.11433493,0,2017-08-25
"AC",31,0.118596541742751,84.394,75.4036,0.534,"1200401",5.5,0,0,4.6505,0,0,9.3984,11.111,0,0.729,0.734,0,1.463,9.86,0.6080788426598,2.11433493,0,2017-08-25
"AC",33,0.158810789838027,50.509,49.0245,0.875,"1200401",0,0,0,0,0,0,9.1386,18.052,0,4.73,5.579,0.153,10.462,3.16,0.64090398782597,2.11433493,0,2017-08-25
"AC",6,0.089652504209974,90.148,56.2499,0.139,"1200401",5.9,0,0,5.3289,0,0,38.2319,42.315,0.219,1.744,0.589,0.452,3.004,36.99,0.606575059826892,2.11433493,0,2017-08-25
"AC",45,0.151875921087513,97.576,92.1526,0.635,"1200401",43.02,0,0,42.0727,0,0,15.6768,16.03,0,0,6.062,0.236,6.298,5.77,0.613469262155095,2.11433493,0,2017-08-25
"AC",8,0.0864112433417599,82.558,35.4248,0.294,"1200401",3.13,0,0,2.5912,0,0,45.9514,55.535,0.038,0,0,0.321,0.359,57.19,0.678676048603186,2.11433493,0,2017-08-25
"AC",7,0.0971490721139174,60.871,52.44,0.174,"1200401",0,0,0,0,0,0,10.8571,17.796,0,0.917,2.326,0.436,3.679,14.04,0.699977263562667,2.11433493,0,2017-08-25
"AC",17,0.186787753826796,36.252,35.4902,0.623,"1200401",0,0,0,0,0,0,7.2827,20.044,3.767,10.567,0,0.231,14.565,2.32,0.614512310575586,2.11433493,0,2017-08-25
"AC",13,0.0367609712708451,81.258,53.3293,0.317,"1200401",8.15,0,0,6.6361,0,0,17.6329,21.651,0,0,1.688,0.469,2.157,32,0.628909217980898,2.11433493,0,2017-08-25
"AC",10,0.047491495713053,90.65,46.1422,0.282,"1200401",17.15,0.54,0,15.5786,0.4873,0,50.5473,55.637,0.653,2.703,1.326,0,4.682,49.21,0.622125425132379,2.11433493,0,2017-08-25
"AC",39,0.116137095279512,52.627,42.4359,1.195,"1200401",21.6,0,0,11.3929,0,0,12.2658,23.255,2.943,1.556,0,0,4.499,19.51,0.629235927500135,2.11433493,0,2017-08-25
"AC",5,0.10733793361127,50.297,44.7357,0.145,"1200401",0,0,0,0,0,0,11.998,23.801,1.231,3.693,4.796,1.207,10.927,11.26,0.646111254124786,2.11433493,0,2017-08-25
"AC",41,0.0509018145423969,84.623,37.3695,1.426,"1200401",0.09,0,0,0.0794,0,0,50.4625,59.499,0,0,0,0.523,0.523,55.94,0.663575768022997,2.11433493,0,2017-08-25
"AC",58,0.195623526872039,76.473,61.8102,1.22,"1200401",0,0,0,0,0,0,16.1893,21.122,0.034,0.109,0,0,0.143,18.66,0.589423596952142,2.11433493,0,2017-08-25
"AC",27,0.103170756577954,81.097,77.5888,0.452,"1200401",23.11,0,0,18.7869,0,0,3.5634,4.384,0,0,0,0.004,0.004,4.46,0.656262753207773,2.11433493,0,2017-08-25
"AC",7,0.0352062072615966,69.577,47.4861,0.192,"1200401",11.02,0,0,7.6847,0,0,37.3476,53.558,0.652,3.345,9.496,2.458,15.951,31.9,0.634556156046801,2.11433493,0,2017-08-25
"AC",5,0.0653093108923949,46.846,40.1196,0.162,"1200401",8.41,0,0,3.9493,0,0,22.3749,47.657,2.797,2.874,3.776,3.885,13.332,14.55,0.597081074878735,2.11433493,0,2017-08-25
"AC",24,0.132468104209404,90.52,76.9654,0.405,"1200401",7.08,0,0,6.4205,0,0,15.3791,16.952,2.378,0,0,0,2.378,15.11,0.578816418147919,2.11433493,0,2017-08-25
"AC",26,0.156831363005962,59.117,41.2222,0.82,"1200401",0.2,0,0,0.1163,0,0,18.1532,30.639,0,0,0,0,0,30.43,0.660354949398206,2.11433493,0,2017-08-25
"AC",43,0.142102547501887,79.768,63.657,0.878,"1200401",5.1,0,0,4.0781,0,0,12.7669,15.97,0,0.998,0,0,0.998,17.6,0.575692608448676,2.11433493,0,2017-08-25
"AC",17,0.0581972780941002,61.037,26.4205,0.836,"1200401",0,0,0,0,0,0,29.5618,48.325,0,0,0.87,0.301,1.171,56.24,0.652464322677044,2.11433493,0,2017-08-25
"AC",24,0.0655561516152438,75.37,46.5342,0.67,"1200401",0,0,0,0,0,0,15.3858,20.368,5.586,1.174,0,0,6.76,38.4,0.573245725966057,2.11433493,0,2017-08-25
"AC",64,0.133927124524976,91.755,74.84,1.112,"1200401",0,0,0,0,0,0,21.599,23.487,1.253,3.085,0.599,0.266,5.203,18.62,0.584610864490549,2.11433493,0,2017-08-25
"AC",36,0.0828658855180621,89.071,70.9593,0.66,"1200401",4.39,0,0,3.9158,0,0,37.5771,42.094,2.98,1.093,0.784,1.217,6.074,20.51,0.601206031135914,2.11433493,0,2017-08-25
"AC",19,0.0592697373497196,71.076,59.9129,0.412,"1200401",0,0,0,0,0,0,21.2524,29.834,0.024,5.85,2.366,0.569,8.809,15.89,0.616891695264493,2.11433493,0,2017-08-25
"AC",11,0.0422672532609832,73.979,15.4287,0.927,"1200401",0,0,0,0,0,0,52.9337,71.392,0,0.028,0,0.639,0.667,79.19,0.675943751213055,2.11433493,0,2017-08-25
"AC",7,0.0373196062242256,86.945,52.772,0.172,"1200401",0,0,0,0,0,0,32.8262,37.671,0,0,0,0,0,39.44,0.640729587390012,2.11433493,0,2017-08-25
"AC",19,0.128458860711174,76.747,76.9192,0.321,"1200401",43.58,0,0,33.5236,0,0,6.0212,7.828,1.038,1.383,2.421,0.508,5.35,0,0.658107573225972,2.11433493,0,2017-08-25
"AC",15,0.274664332088337,28.101,27.111,0.719,"1200401",0,0,0,0,0,0,0.325,1.154,0,0,0,0,0,3.74,0.646612026905645,2.11433493,0,2017-08-25
"AC",8,0.0515981740783654,87.663,37.86,0.275,"1200401",0,0,0,0,0,0,50.1903,57.126,0,0,0.416,0,0.416,56.91,0.67339624460862,2.11433493,0,2017-08-25
"AC",29,0.103192168053237,100.503,87.1822,0.432,"1200401",18.55,0,0,18.6869,0,0,22.9505,22.785,1.084,1.585,1.937,0.396,5.002,13.45,0.657852396536532,2.11433493,0,2017-08-25
"AC",25,0.145341751191445,70.728,70.3121,0.462,"1200401",36.4,0,0,25.8001,0,0,10.38,14.643,0,3.627,7.32,1.335,12.282,0,0.603887215784387,2.11433493,0,2017-08-25
"AC",10,0.0431328052023378,101.984,46.3783,0.28,"1200401",2.57,0,0,2.6249,0,0,55.9489,54.738,0,0,0,0,0,54.63,0.646431655240884,2.11433493,0,2017-08-25
"AC",24,0.113774205619396,77.797,54.9596,0.568,"1200401",6.6,0,0,5.1498,0,0,27.2368,34.932,0,0,0,0.91,0.91,27.99,0.616359873379017,2.11433493,0,2017-08-25
"AC",10,0.118065147910381,45.253,27.869,0.466,"1200401",12.55,0,0,5.6905,0,0,18.042,39.78,0,0.263,2.313,0,2.576,38.55,0.624227459205128,2.11433493,0,2017-08-25
"AC",9,0.173917251087465,40.084,36.8949,0.317,"1200401",2.34,0,0,0.9415,0,0,2.1705,5.403,0,0,0,0,0,6.62,0.658619913139196,2.11433493,0,2017-08-25
"AC",7,0.0492784248969026,83.822,55.204,0.165,"1200401",8.45,0,0,7.0983,0,0,37.474,44.608,0.791,1.009,10.011,0,11.811,34.29,0.644624838242449,2.11433493,0,2017-08-25
"AC",16,0.139210233266546,29.941,30.0078,0.693,"1200401",46.89,0,0,14.0698,0,0,0.0043,0.014,0,0,0.014,0,0.014,0,0.6567570810763,2.11433493,0,2017-08-25
"AC",6,0.064064337239208,94.87,68.7105,0.114,"1200401",25.45,0,0,24.203,0,0,27.0674,28.467,0,0.235,0,0,0.235,25.7,0.618228087510671,2.11433493,0,2017-08-25
"AC",36,0.144031624206187,70.302,61.6936,0.759,"1200401",0,0,0,0,0,0,7.3048,10.368,0,0,0,0,0,12.44,0.696003358787224,2.11433493,0,2017-08-25
"AC",5,0.193937616527823,36.592,25.9829,0.25,"1200401",49.64,0,0,18.2063,0,0,6.3705,17.371,0,0,0,0,0,20.38,0.124631966720777,2.11433493,0,2018-06-11
"AC",12,0.0697642353760524,48.745,11.9779,1.302,"1200401",0,0,0,0,0,0,27.5082,56.309,0,0,0,0,0,73.67,0.638220152597736,2.11433493,0,2017-08-25
"AC",21,0.19620747218996,63.036,55.7418,0.49,"1200401",0,0,0,0,0,0,6.5392,10.35,0,0.009,1.544,0.421,1.974,10.99,0.683538871293141,2.11433493,0,2017-08-25
"AC",34,0.0879022301654249,65.622,62.1976,0.711,"1200427",75.74,0,0,49.8157,0,0,12.8002,19.462,0,0,0,0.052,0.052,5.43,2.36039010140079,0.015976836,0,2018-06-19
"AC",5,0.0292540968912754,89.004,38.7056,0.168,"1200427",0,0,0,0,0,0,58.2434,65.292,0.276,4.556,0.6,2.35,7.782,56.61,2.38384699817897,0.015976836,0,2018-06-19
"AC",7,0.00677966101694915,87.57,21.2903,0.427,"1200427",0.51,0,0,0.4495,0,0,65.6961,74.854,0,0,0,0.965,0.965,75.74,2.40551382820666,0.015976836,0,2018-06-19
"AC",15,0.0208123245452767,76.804,33.9108,0.575,"1200427",8.22,0,0,6.3269,0,0,36.8176,47.83,0,0,0,1.969,1.969,55.95,2.35940002169684,0.015976836,0,2018-06-19
"AC",9,0.0914618191551527,52.714,26.9992,0.433,"1200427",42.21,0,0,22.2981,0,0,27.3089,51.69,4.51,2.7,0,0,7.21,48.9,2.40417044240822,0.015976836,0,2018-06-19
"AC",9,0.0351579983405366,95.824,30.8474,0.379,"1200427",0,0,0,0,0,0,62.902,65.497,0,0.557,0,0,0.557,67.28,2.32122311802562,0.015976836,0,2018-06-19
"AC",16,0.112405477375376,93.642,43.0894,0.483,"1200427",9,0,0,8.4426,0,0,58.7641,62.614,0,0,0,0,0,54.09,2.33064489638428,0.015976836,0,2018-06-19
"AC",11,0.0442476608178234,73.796,31.8578,0.449,"1200427",0,0,0,0,0,0,50.738,68.6,0,1.929,1.792,0.422,4.143,56.93,2.35925464625785,0.015976836,0,2018-06-19
"AC",52,0.079455173978271,84.958,80.0628,0.844,"1200427",5.04,0,0,4.2886,0,0,12.6342,14.838,0,0.629,0,0,0.629,5.91,2.34734372285488,0.015976836,0,2018-06-19
"AC",17,0.0889419972924545,86.248,36.4364,0.607,"1200427",6.7,0,0,5.7902,0,0,50.9044,58.889,0,0,0,0,0,57.85,2.37127373319187,0.015976836,0,2018-06-19
"AC",10,0.0291769819198897,93.831,57.1421,0.228,"1200427",5.4,0,0,5.0782,0,0,32.7076,34.78,0,0,0,0,0,38.91,2.36697408700367,0.015976836,0,2018-06-19
"AC",17,0.0261602993325369,104.14,53.2325,0.415,"1200427",4.23,0,0,4.414,0,0,54.0846,51.818,0,0.002,0.94,0,0.942,48.91,2.3532702682905,0.015976836,0,2018-06-19
"AC",25,0.103909521407746,120.909,110.4293,0.294,"1200427",18.18,0,0,22.035,0,0,9.9099,8.178,0,0.073,0.085,0,0.158,8.43,2.33991858697084,0.015976836,0,2018-06-19
"AC",6,0,94.368,39.7787,0.196,"1200427",12.27,0,0,11.6008,0,0,58.3904,61.737,0,0.37,1.162,1.746,3.278,57.94,2.41080029442792,0.015976836,0,2018-06-19
"AC",8,0.020846721215176,72.812,34.1564,0.304,"1200427",0,0,0,0,0,0,42.8181,58.675,0.855,2.709,0.733,1.052,5.349,53.19,2.38609433290471,0.015976836,0,2018-06-19
"AC",15,0.0647378710273042,81.909,45.3078,0.43,"1200427",10.86,0,0,8.9158,0,0,43.8941,53.469,1.195,0.158,0.652,0.597,2.602,44.81,2.36583559350534,0.015976836,0,2018-06-19
"AC",53,0.048019601878726,112.184,98.9264,0.696,"1200427",14.71,0,0,16.5447,0,0,18.3292,16.302,0,0.385,0,0,0.385,10.98,2.34550661252533,0.015976836,0,2018-06-19
"AC",8,0.00942111439531992,78.046,26.606,0.391,"1200427",0,0,0,0,0,0,50.9739,65.167,0.199,0.062,0.038,0.911,1.21,65.99,2.3892740500249,0.015976836,0,2018-06-19
"AC",5,0.024337697142578,77.443,34.3228,0.189,"1200427",0,0,0,0,0,0,46.3794,59.755,0.244,1.494,0,2.141,3.879,55.78,2.40189466508118,0.015976836,0,2018-06-19
"AC",8,0.0193456075773182,67.344,28.9176,0.36,"1200427",0,0,0,0,0,0,35.1672,52.103,0,0,0,0,0,57.16,2.36539377774154,0.015976836,0,2018-06-19
"AC",7,0.00677966101694915,87.97,21.2926,0.427,"1200427",1.78,0,0,1.5669,0,0,67.0992,76.105,0,0,0,1.573,1.573,75.85,2.40472808748765,0.015976836,0,2018-06-19
"AC",9,0.0294567013123415,111.972,53.6441,0.218,"1200427",8.13,0,0,9.127,0,0,78.5277,69.974,0,0.398,5.198,3.774,9.37,52.12,2.33426288207325,0.015976836,0,2018-06-19
"AC",5,0.0544449394770669,85.653,26.1677,0.248,"1200427",6.1,0,0,5.2394,0,0,60.1232,70.037,0,0,0,0,0,69.52,2.37385975562722,0.015976836,0,2018-06-19
"AC",36,0.166257719014198,84.812,77.0842,0.607,"1200450",42,0,0,35.7007,0,0,6.4186,7.551,0,0.003,2.81,0.572,3.385,7.18,0.760403979652444,2.577985936,0,2019-07-11
"AC",12,0.117263449868785,18.363,18.1067,0.862,"1200450",37.82,0,0,6.9601,0,0,0.204,1.108,0,0,0,0,0,1.61,0.776909053030809,2.577985936,0,2018-07-07
"AC",35,0.122995004257164,63.146,58.0953,0.783,"1200450",60.15,0,0,38.0681,0,0,5.1947,8.208,0,0,0,0,0,8.2,0.703514920043086,2.577985936,0,2018-07-07
"AC",10,0.0296632649518878,86.154,81.1683,0.16,"1200450",0,0,0,0,0,0,2.7493,3.184,0,0,0,0,0,6,0.630212070974839,2.577985936,0,2020-05-26
"AC",24,0.0914701424322188,84.954,84.7066,0.368,"1200450",16.7,0,0,14.2191,0,0,0,0,0,0,0,0,0,0,0.626868177214266,2.577985936,0,2020-05-26
"AC",33,0.0790009859637545,71.593,66.8307,0.642,"1200450",18.86,0,0,13.5319,0,0,7.4608,10.398,0,1.36,5.733,0,7.093,6.86,0.611432729569757,2.577985936,0,2020-05-26
"AC",7,0.0586317249343925,62.618,33.6906,0.27,"1200450",9.46,0,0,5.9347,0,0,21.2256,33.821,0,0,0,0,0,36.7,0.693439031815974,2.577985936,0,2018-07-07
"AC",59,0.113124390486635,63.596,63.7387,1.203,"1200450",56.28,0,0,35.8728,0,0,0,0,0,0,0,0,0,0,0.683215375886876,2.577985936,0,2018-07-07
"AC",110,0.125768819297055,62.867,60.4068,2.367,"1200450",81.93,0,0,51.6211,0,0,2.6292,4.173,0,0,0,0,0,4.13,0.685169734096765,2.577985936,0,2018-07-07
"AC",55,0.0761272961196954,74.578,53.59,1.334,"1200450",6.87,0,0,5.133,0,0,22.8372,30.553,0,0,7.761,0.475,8.236,28.3,0.618162638737391,2.577985936,0,2020-05-26
"AC",96,0.104044674901543,71.664,57.8714,2.157,"1200450",0.91,0,0,0.6543,0,0,2.706,3.768,0,0,0,0,0,19.43,0.628213856007081,2.577985936,0,2020-05-26
"AC",9,0.0490617525039918,66.54,35.5471,0.329,"1200450",16.59,0,0,11.0611,0,0,29.4794,44.204,0,0,0,0,0,46.03,0.608201020680058,2.577985936,0,2020-05-26
"AC",37,0.0671288544365307,63.564,63.7063,0.755,"1200450",45,0,0,28.665,0,0,0,0,0,0,0,0,0,0,0.675200910021098,2.577985936,0,2018-07-07
"AC",9,0.0833202498149533,71.162,63.3226,0.185,"1200450",0,0,0,0,0,0,1.5026,2.107,2.238,0.871,0,0,3.109,11.21,0.591391762725008,2.577985936,0,2020-05-26
"AC",13,0.148929947810129,18.465,18.5068,0.913,"1200450",47.72,0,0,8.8324,0,0,0,0,0,0,0,0,0,0,0.773469944643536,2.577985936,0,2018-07-07
"AC",6,0.168989794855664,19.076,19.1192,0.408,"1200450",42.46,0,0,8.1179,0,0,0,0,0,0,0,0,0,0,0.778611699882004,2.577985936,0,2018-07-07
"AC",9,0.0555582342977615,55.337,52.2411,0.224,"1200450",0,0,0,0,0,0,1.883,3.395,0,0,0,0,0,5.81,0.637698581910868,2.577985936,0,2020-05-26
"AC",18,0.0614237118360303,64.242,40.9411,0.572,"1200450",45.28,0,0,29.1533,0,0,21.3046,33.089,0,0,0,0,0,36.41,0.712639567105371,2.577985936,0,2018-07-07
"AC",39,0.0348621067177469,71.924,25.1516,2.016,"1200450",0.17,0,0,0.1242,0,0,47.4142,65.775,0,0,0,0,0,65.11,0.735786079407244,2.577985936,0,2018-07-07
"AC",13,0.158602162371957,66.325,65.4083,0.258,"1200450",11.79,0,0,7.8348,0,0,0.077,0.116,0,0,0,0,0,1.6,0.624708316144184,2.577985936,0,2020-05-26
"AC",57,0.160515668466482,72.584,62.2427,1.191,"1200450",51.75,0,0,37.648,0,0,10.2589,14.102,0,0,0,0,0,14.44,0.716325354733725,2.577985936,0,2018-07-07
"AC",56,0.166327625434733,68.995,68.5283,1.062,"1200450",0,0,0,0,0,0,0,0,0,0,0,0,0,0,0.631316306644452,2.577985936,0,2020-05-26
"AC",30,0.150262187760486,66.202,66.2409,0.589,"1200450",32.31,0,0,21.4345,0,0,0.0523,0.079,0,0,0,0,0,0.12,0.601617563986712,2.577985936,0,2020-05-26
"AC",37,0.102799824492728,71.341,43.4071,1.108,"1200450",0,0,0,0,0,0,22.6392,31.663,2.605,0,0,0,2.605,39.29,0.582269584756609,2.577985936,0,2020-05-26
"AC",8,0.0631918358845309,63.097,54.528,0.191,"1200450",61.17,0,0,38.6836,0,0,7.5769,11.982,0,0,0,0,0,13.77,0.683547821281151,2.577985936,0,2018-07-07
"AC",39,0.0826262354737807,64.22,59.9729,0.845,"1200450",43.35,0,0,27.9003,0,0,3.2816,5.099,0,0,0,0,0,6.82,0.671740737900261,2.577985936,0,2018-07-07
"AC",10,0.162231743193258,69.891,69.8601,0.186,"1200450",1.59,0,0,1.1144,0,0,0,0,0,0,0,0,0,0.27,0.621206702189331,2.577985936,0,2020-05-26
"AC",50,0.103833070327774,63.928,64.0716,1.014,"1200450",86.56,0,0,55.4613,0,0,0,0,0,0,0,0,0,0,0.705581093154393,2.577985936,0,2018-07-07
"AC",21,0.0526512531947314,61.078,41.7835,0.653,"1200450",40.11,0,0,24.5547,0,0,18.8857,30.852,0,0,0,0,0,31.74,0.690490163513329,2.577985936,0,2018-07-07
"AC",101,0.180471149643446,143.114,139.7517,0.94,"1200450",58.12,0,0,83.3632,0,0,3.0232,2.108,2.447,0,0,0,2.447,2.17,0.596618079607431,2.577985936,0,2020-05-26
"AC",13,0.158602162371957,73.774,71.8109,0.235,"1200450",11.57,0,0,8.5544,0,0,0.5627,0.761,0,0,0.01,0,0.01,2.88,0.624880444968298,2.577985936,0,2020-05-26
"AC",9,0.0580530815693196,63.648,62.1604,0.188,"1200450",48.15,0,0,30.7168,0,0,1.1187,1.754,0,0,0,0,0,2.55,0.709021569322903,2.577985936,0,2018-07-07
"AC",5,0.0434812522248816,74.035,64.2351,0.101,"1200450",19.4,0,0,14.3932,0,0,10.1592,13.692,0,0,2.505,0,2.505,10.98,0.768333077558537,2.577985936,0,2018-07-07
"AC",54,0.0884224942936697,68.985,49.7212,1.412,"1200450",5.66,0,0,3.9141,0,0,21.2825,30.782,0,0,8.004,0.513,8.517,28.09,0.618059632735391,2.577985936,0,2020-05-26
"AC",38,0.0348621067177469,69.576,20.5116,2.408,"1200450",0,0,0,1e-04,0,0,49.2146,70.577,0,0,0,0,0,70.59,0.736999904698071,2.577985936,0,2018-07-07
"AC",6,0.0690657545213787,74.037,71.1758,0.11,"1200450",32.65,0,0,24.2259,0,0,4.2684,5.752,0,0,0,0,0,4.07,0.60486796995137,2.577985936,0,2020-05-26
"AC",6,0.0330743063732471,69.321,22.6308,0.345,"1200450",2.15,0,0,1.4951,0,0,46.7083,67.23,0,0,0,0,0,67.43,0.732391663066729,2.577985936,0,2018-07-07
"AC",57,0.263449332408223,68.881,69.0352,1.073,"1200450",70.44,0,0,48.6291,0,0,0,0,0,0,0,0,0,0,0.720296309836172,2.577985936,0,2018-07-07
"AC",15,0.10264378051667,71.487,66.7883,0.292,"1200450",0,0,0,0,0,0,0.6209,0.867,2.228,0.867,0,0,3.095,6.78,0.591685803938984,2.577985936,0,2020-05-26
"AC",50,0.0855880527977812,84.952,83.6241,0.777,"1200450",15.04,0,0,12.8045,0,0,0,0,0,0,0,0,0,1.26,0.633648389234716,2.577985936,0,2020-05-26
"AC",47,0.132030224991985,63.841,63.9836,0.955,"1200450",80.43,0,0,51.4649,0,0,0,0,0,0,0,0,0,0,0.695665225400786,2.577985936,0,2018-07-07
"AC",39,0.141912946403519,63.673,62.8269,0.807,"1200450",85.67,0,0,54.6677,0,0,0.243,0.381,0,0,0,0,0,0.5,0.698459629330221,2.577985936,0,2018-07-07
"AC",41,0.238941223551443,61,60.8248,0.876,"1200450",29.56,0,0,18.071,0,0,0,0,0,0,0,0,0,1.01,0.643904963394968,2.577985936,0,2020-05-26
"AC",14,0.0251818422447238,69.066,20.7922,0.875,"1200450",6.3,0,0,4.3611,0,0,37.7453,54.528,0,0,0,0,0,69.96,0.747158171321427,2.577985936,0,2018-07-07
"AC",45,0.196378094362351,76.538,76.7096,0.763,"1200450",72.56,0,0,55.6629,0,0,0,0,0,0,0,0.347,0.347,0,0.759637635616908,2.577985936,0,2019-07-11
"AC",7,0.0540403296588073,62.734,62.8744,0.145,"1200450",63.91,0,0,40.1809,0,0,0,0,0,0,0,0,0,0,0.692257680952687,2.577985936,0,2018-07-07
"AC",45,0.0938595938212433,18.844,18.0239,3.246,"1200450",70.1,0,0,13.2398,0,0,0.1265,0.67,0,0,0,0,0,1.14,0.772883791325494,2.577985936,0,2018-07-07
"AC",79,0.205297820920289,83.811,79.8686,1.286,"1200450",65.46,0,0,54.9837,0,0,2.8911,3.442,3.691,0,0,0,3.691,2.94,0.598059490100334,2.577985936,0,2020-05-26
"AC",7,0.0641765533541056,70.692,53.8164,0.169,"1200450",42.25,0,0,29.9375,0,0,16.4182,23.173,2.881,1.127,0,0,4.008,23.42,0.728271018788551,2.577985936,0,2018-07-07
"AC",41,0.081015174210937,63.235,63.3765,0.841,"1200450",100,0,0,63.3765,0,0,0,0,0,0,0,0,0,0,0.703621679256494,2.577985936,0,2018-07-07
"AC",25,0.051103551744936,79.633,79.0129,0.411,"1200450",24.39,0,0,19.4676,0,0,1.5077,1.889,0,0,0,0,0,0.94,0.76209795044842,2.577985936,0,2019-07-11
"AC",104,0.207384600357365,83.753,82.7429,1.634,"1200450",55.15,0,0,46.2927,0,0,0,0,0,0,0.05,0.001,0.051,1.37,0.759048241565471,2.577985936,0,2019-07-11
"AC",7,0.0645078029128752,71.075,71.2344,0.128,"1200450",38.84,0,0,27.6659,0,0,0.1998,0.28,0,0,0.45,0,0.45,0,0.614776533119183,2.577985936,0,2020-05-26
"AC",14,0.0553310655234808,64.154,64.2981,0.283,"1200450",35.78,0,0,23.0078,0,0,0,0,0,0,0,0,0,0,0.679783676910076,2.577985936,0,2018-07-07
"AC",53,0.12297625503291,62.556,62.6955,1.099,"1200450",25.86,0,0,16.216,0,0,0,0,0,0,0,0,0,0,0.668389739050353,2.577985936,0,2018-07-07
"AC",42,0.0656293794506255,142.937,102.4213,0.533,"1200450",16.61,0,0,23.8004,0,0,41.2769,28.813,0,0.681,3.088,0,3.769,28.23,0.609865536784286,2.577985936,0,2020-05-26
"AC",40,0.167072196737109,99.919,97.926,0.531,"1200450",47.87,0,0,47.9364,0,0,0.0649,0.065,0,0,0,0,0,1.83,0.637173457848648,2.577985936,0,2020-05-26
"AC",10,0.0750801890889246,61.797,38.2179,0.34,"1200500",0,0,0,0,0,0,26.8276,43.316,6.418,3.789,0,0.444,10.651,38.29,1.43416338364261,1.381151692,0,2019-06-06
"AC",36,0.0943132913445217,44.134,43.5846,1.074,"1200500",0.1,0,0,0.0421,0,0,0.6753,1.527,0,0,0,0,0,1.47,1.41966872495647,1.381151692,0,2019-06-06
"AC",21,0.0687786013839366,50.957,46.6118,0.586,"1200500",9.95,0,0,5.0795,0,0,3.3399,6.54,0,0,0,0,0,6.44,1.14808939739444,1.381151692,0,2018-07-04
"AC",6,0.111237243569579,25.667,17.4637,0.447,"1200500",0,0,0,0,0,0,10.4637,40.675,9.769,2.763,0,0.593,13.125,32.11,1.44083165987393,1.381151692,0,2019-06-06
"AC",73,0.124537697880177,63.667,61.3028,1.548,"1200500",9.46,0,0,6.037,0,0,2.851,4.468,0.187,0,0.108,0,0.295,3.93,1.11988800788586,1.381151692,0,2018-07-04
"AC",30,0.082238648691589,65.987,46.7035,0.835,"1200500",26.18,0,0,17.3124,0,0,45.04,68.104,3.336,8.892,3.284,3.456,18.968,29.38,1.43818123320833,1.381151692,0,2019-06-06
"AC",5,0.0166666666666667,42.868,17.5972,0.369,"1200500",0,0,0,0,0,0,28.0298,65.24,2.689,0.451,0,0,3.14,59.04,1.46847153609961,1.381151692,0,2019-06-06
"AC",41,0.207212015789626,50.025,49.9343,1.067,"1200500",0,0,0,0,0,0,0.084,0.168,0,0,0,0,0,0.4,1.12303044449438,1.381151692,0,2018-07-04
"AC",27,0.0787935403976933,69.434,40.537,0.866,"1200500",0,0,0,0,0,0,32.0378,46.037,1.416,1.788,0,0,3.204,41.75,1.46613897539246,1.381151692,0,2019-06-06
"AC",13,0.0599911259614466,70.921,47.3509,0.357,"1200500",0,0,0,0,0,0,34.0241,47.868,1.625,10.821,0.745,0,13.191,33.38,1.42768541292021,1.381151692,0,2019-06-06
"AC",24,0.177979589711327,23.21,22.5414,1.384,"1200500",0,0,0,0,0,0,0.3001,1.29,0,0,0,0,0,1.57,1.20719629545592,1.381151692,0,2018-07-04
"AC",7,0.035601914897713,42.759,29.7159,0.306,"1200500",0.86,0,0,0.37,0,0,14.1139,32.934,1.993,0.045,0,0,2.038,30.66,1.46610737323819,1.381151692,0,2019-06-06
"AC",18,0.0212428770675148,96.885,62.1464,0.377,"1200500",0,0,0,0,0,0,37.1209,38.229,0,0,0.549,2.061,2.61,35.13,1.12354645404727,1.381151692,0,2018-07-04
"AC",37,0.0884731426644528,70.96,41.3967,1.162,"1200500",0,0,0,0,0,0,32.41,45.572,1.445,1.752,0.007,0,3.204,41.79,1.46628841275181,1.381151692,0,2019-06-06
"AC",9,0.0718577457863022,64.476,46.0393,0.254,"1200500",0,0,0,0,0,0,26.5578,41.098,9.254,4.18,1.238,1.82,16.492,28.75,1.45811471022623,1.381151692,0,2019-06-06
"AC",13,0.0661916708956531,98.432,61.0996,0.277,"1200500",0.01,0,0,0.0132,0,0,41.6782,42.247,0.796,0.996,0.631,0.315,2.738,37.92,1.47555410797112,1.381151692,0,2019-06-06
"AC",11,0.1323444380533,53.196,37.1777,0.385,"1200500",0,0,0,0,0,0,16.3486,30.664,0,0,0,0,0,30.27,1.11598948265918,1.381151692,0,2018-07-04
"AC",74,0.0602411412497482,270.689,176.4557,0.545,"1200500",0,0,0,0,0,0,87.7003,32.327,0.172,0.118,0,0,0.29,34.68,1.45392394549007,1.381151692,0,2019-06-06
"AC",6,0.0264732187700943,60.726,46.0418,0.169,"1200500",9.34,0,0,5.6852,0,0,11.3411,18.634,0,0,0,0.107,0.107,20.18,1.1421636595588,1.381151692,0,2018-07-04
"AC",5,0.0807331813745656,42.666,39.355,0.165,"1200500",2.3,0,0,0.9829,0,0,7.1767,16.783,2.077,1.246,0,0.707,4.03,7.59,1.10808339246639,1.381151692,0,2018-07-04
"AC",102,0.137688527429677,96.944,93.7486,1.414,"1200500",5.2,0,0,5.0563,0,0,7.0334,7.239,0,0,2.561,0,2.561,2.6,1.39364290776329,1.381151692,0,2019-06-06
"AC",11,0.0672675323144027,75.884,55.8695,0.256,"1200500",0,0,0,0,0,0,22.0861,29.04,1.381,1.489,0,0,2.87,25.19,1.3462540104548,1.381151692,0,2019-06-06
"AC",8,0.0181818181818182,34.39,7.9446,1.309,"1200500",0.17,0,0,0.0598,0,0,27.8139,80.697,0,0,0,0,0,76.95,1.42716136469375,1.381151692,0,2019-06-06
"AC",12,0.0653126350142533,72.008,36.3787,0.429,"1200500",0,0,0,0,0,0,44.6589,61.882,3.142,6.496,0.489,0.338,10.465,49.59,1.45542074149456,1.381151692,0,2019-06-06
"AC",34,0.290912339865448,41.871,32.6486,1.354,"1200500",30.69,0,0,12.8788,0,0,8.5064,20.27,0,0,0,0,0,19.98,1.1148828643715,1.381151692,0,2018-07-04
"AC",12,0.0464421766345919,68.707,37.1077,0.42,"1200500",0,0,0,0,0,0,38.6659,56.151,3.18,4.129,0.498,0.839,8.646,46.11,1.48014863479969,1.381151692,0,2019-06-06
"AC",48,0.0978855680987802,46.789,27.9967,2.229,"1200500",1.92,0,0,0.8989,0,0,18.7468,39.977,0,0,0,0,0,39.23,1.14364261173673,1.381151692,0,2018-07-04
"AC",24,0.0757570831170582,71.574,60.9404,0.512,"1200500",0,0,0,0,0,0,10.2607,14.304,0,0,0,0,0,15.05,1.3831245821417,1.381151692,0,2019-06-06
"AC",8,0.0307692307692308,42.312,29.6167,0.351,"1200500",6.17,0,0,2.6158,0,0,17.0026,40.094,2.26,3.081,0,0.324,5.665,30,1.32474811023348,1.381151692,0,2019-06-06
"AC",17,0.0309557356477856,61.734,35.9393,0.615,"1200500",0.46,0,0,0.2831,0,0,24.2953,39.267,0,0,0,0,0,41.91,1.39165946613989,1.381151692,0,2019-06-06
"AC",21,0.0824358114404395,68.784,50.474,0.541,"1200500",0,0,0,0,0,0,19.6179,28.458,2.854,3.274,0,0,6.128,26.78,1.44497744088877,1.381151692,0,2019-06-06
"AC",8,0.0399568152661323,63.606,54.998,0.189,"1200500",0,0,0,0,0,0,6.7455,10.581,0,0,0,0,0,13.73,1.37217649520556,1.381151692,0,2019-06-06
"AC",6,0.0281590999410872,78.359,26.3283,0.296,"1200500",0,0,0,0,0,0,55.341,70.467,0,0,1.81,1.297,3.107,66.41,1.13547921991223,1.381151692,0,2018-07-04
"AC",14,0.0678687234086547,40.723,38.1489,0.477,"1200500",0,0,0,0,0,0,0,0,0,0,0,0,0,6.53,1.18890507248569,1.381151692,0,2018-07-04
"AC",70,0.0977425462818798,59.359,56.1276,1.621,"1200500",0,0,0,0,0,0,2.9104,4.892,0,0,0,0,0,5.39,1.44528243067297,1.381151692,0,2019-06-06
"AC",5,0.0217048280135765,61.796,41.53,0.157,"1200500",0,0,0,0,0,0,21.2957,34.385,1.435,0,0,0,1.435,32.47,1.43027545478535,1.381151692,0,2019-06-06
"AC",10,0.146594040671266,45.368,36.5825,0.355,"1200500",27.85,0,0,12.6633,0,0,14.432,31.74,2.149,0,0,0,2.149,18.37,1.10573659126662,1.381151692,0,2018-07-04
"AC",46,0.16978230472478,57.634,49.4855,1.208,"1200500",0,0,0,0,0,0,8.159,14.125,0,0,0,0.004,0.004,14.33,1.1163702345219,1.381151692,0,2018-07-04
"AC",31,0.038327663808702,56.513,55.8568,0.721,"1200500",11.24,0,0,6.3671,0,0,0.1675,0.296,0,0,0,0,0,1.38,1.3825477941773,1.381151692,0,2019-06-06
"AC",44,0.146627453246671,56.863,54.3025,1.053,"1200500",64.96,0,0,37.0233,0,0,1.0446,1.833,0,0,0,0,0,1.68,1.12801555306069,1.381151692,0,2018-07-04
"AC",41,0.204036231137552,59.994,55.3369,0.963,"1200500",9.46,0,0,5.6862,0,0,5.7718,9.599,0.127,0,0,0,0.127,7.97,1.16554206246302,1.381151692,0,2018-07-04
"AC",45,0.0960393786517202,96.075,68.7462,0.851,"1200500",0,0,0,0,0,0,26.8394,27.873,0,0,0,0,0,28.05,1.13040205268947,1.381151692,0,2018-07-04
"AC",6,0.132108842249289,52.538,31.4777,0.248,"1200500",25.44,0,0,13.3942,0,0,18.1771,34.521,1.181,1.221,0,0,2.402,31.83,1.11686719565473,1.381151692,0,2018-07-04
"AC",16,0.0521739130434783,33.307,29.9629,0.694,"1200500",25.41,0,0,8.4827,0,0,3.6153,10.83,0,0,0,0,0,10.24,1.4096778132637,1.381151692,0,2019-06-06
"AC",27,0.0345999348748138,102.012,64.2952,0.546,"1200500",0,0,0,0,0,0,49.8399,48.748,3.356,3.041,0.956,1.275,8.628,37.11,1.41378207088988,1.381151692,0,2019-06-06
"AC",13,0.0491838892626637,58.455,41.5525,0.407,"1200500",11.74,0,0,6.8793,0,0,17.0686,29.135,3.939,0,0,0,3.939,29.07,1.4033084600894,1.381151692,0,2019-06-06
"AC",23,0.0744948974278318,69.606,55.1655,0.542,"1200500",0,0,0,0,0,0,16.2949,23.358,15.175,0,0.764,1.019,16.958,20.92,1.43769811983743,1.381151692,0,2019-06-06
"AC",194,0.187996475709325,79.849,64.9976,3.88,"1200500",13.58,0,0,10.8688,0,0,14.6855,18.351,0,0,0,0,0,18.14,1.13388837669903,1.381151692,0,2018-07-04
"AC",6,0.0251818422447238,60.853,47.4402,0.164,"1200500",9.32,0,0,5.6852,0,0,10.0146,16.42,0,0.074,0,0.107,0.181,18.05,1.14238117297406,1.381151692,0,2018-07-04
"AC",39,0.0460043287907816,80.364,35.0693,1.446,"1200500",0,0,0,0,0,0,47.5713,59.063,0,0,0,0,0,56.46,1.14149340745951,1.381151692,0,2018-07-04
"AC",5,0.0613722723142507,45.412,29.6085,0.22,"1200500",0,0,0,0,0,0,18.4106,40.45,1.846,1.367,0.335,0,3.548,34.95,1.44921090232204,1.381151692,0,2019-06-06
"AC",26,0.0543825625409408,72.45,40.9557,0.825,"1200500",0,0,0,0,0,0,47.2926,65.131,1.674,5.603,7.102,2.016,16.395,43.6,1.46045055149123,1.381151692,0,2019-06-06
"AC",74,0.165966514224298,54.491,42.4565,2.266,"1200500",13.01,0,0,7.1059,0,0,11.4882,21.036,0,0,0,0,0,22.26,1.13288691014697,1.381151692,0,2018-07-04
"AC",7,0.18744475901566,26.471,23.9575,0.38,"1200500",0,0,0,0,0,0,4.0257,15.174,8.707,0,0,0,8.707,9.7,1.1688415608561,1.381151692,0,2018-07-04
"AC",29,0.0910796107804351,101.943,69.5516,0.542,"1200500",0,0,0,0,0,0,52.5647,51.448,1.056,0.648,2.089,3.366,7.159,31.25,1.3667532309128,1.381151692,0,2019-06-06
"AC",101,0.241062798715529,61.494,58.8748,2.23,"1200500",0,0,0,0,0,0,0.3824,0.62,0,0,0,0,0,4.47,1.37930572374886,1.381151692,0,2019-06-06
"AC",15,0.0547722557505166,32.026,32.0622,0.608,"1200500",29.12,0,0,9.3462,0,0,0.0063,0.02,0,0,0,0,0,0.11,1.4100365550346,1.381151692,0,2019-06-06
"AC",10,0.0159219463266976,76.951,43.9452,0.296,"1200500",0,0,0,0,0,0,32.9828,42.766,0.661,0,0.444,0,1.105,43.02,1.36170416176831,1.381151692,0,2019-06-06
"AC",6,0.0132820589336811,200.307,199.6758,0.039,"1200500",4.09,0,0,8.214,0,0,0.7571,0.377,0,0,0,0,0,0.52,1.42079855126679,1.381151692,0,2019-06-06
"AC",6,0.00714285714285715,81.735,51.492,0.151,"1200500",0.09,0,0,0.077,0,0,33.4479,40.832,0,1.485,0.759,0,2.244,37.14,1.47330293748841,1.381151692,0,2019-06-06
"AC",7,0.0341060840960399,64.969,57.4484,0.158,"1200500",5.23,0,0,3.4027,0,0,8.9584,13.758,8.121,0.897,0,0,9.018,11.17,1.33431443054298,1.381151692,0,2019-06-06
"AC",14,0.0773523076668372,31.605,23.8221,0.764,"1200500",0,0,0,0,0,0,5.4643,17.251,0,0,0,0,0,23.57,1.35787921069576,1.381151692,0,2019-06-06
"AC",12,0.0912372435695795,58.017,47.3616,0.329,"1200500",0,0,0,0,0,0,14.0801,24.215,0.024,0.153,0,0,0.177,18.55,1.41619366485864,1.381151692,0,2019-06-06
"AC",89,0.16704399602974,80.68,64.2394,1.801,"1200500",37.45,6.15,0,30.2823,4.9743,0,10.7172,13.254,0,0,0,0,0,13.41,1.12390962674614,1.381151692,0,2018-07-04
"AC",36,0.0598558059062219,68.624,56.0786,0.835,"1200500",0,0,0,0,0,0,16.6041,24.142,1.421,0.775,0,1.354,3.55,18.46,1.39779895169517,1.381151692,0,2019-06-06
"AC",6,0.0288175263856844,50.956,23.97,0.325,"1200500",0,0,0,0,0,0,29.8548,58.459,0,1.218,0,0,1.218,53.06,1.41860787572588,1.381151692,0,2019-06-06
"AC",5,0.190763211281793,19.968,11.8305,0.549,"1200500",0,0,0,0,0,0,8.6792,43.368,0,0.031,0,0,0.031,40.89,1.15335647816552,1.381151692,0,2018-07-04
"AC",7,0.0219671389794399,68.91,43.7662,0.208,"1200500",6.36,0,0,4.3951,0,0,43.7513,63.349,2.362,11.456,3.588,0.901,18.307,36.63,1.47279186452261,1.381151692,0,2019-06-06
"AC",15,0.0798014613693073,57.056,43.5258,0.448,"1200500",4.05,0,0,2.3135,0,0,12.5975,22.03,0,0,0,0.007,0.007,23.89,1.14005136165246,1.381151692,0,2018-07-04
"AC",24,0.0425685128159039,100.744,57.4795,0.543,"1200500",0.34,0,0,0.3422,0,0,41.7163,41.316,0,0,0,0,0,43.07,1.40878363151341,1.381151692,0,2019-06-06
"AC",38,0.0692896441944421,53.408,29.3793,1.681,"1200500",0,0,0,0,0,0,24.8021,46.335,0,0,0,0.531,0.531,45.11,1.17231917720377,1.381151692,0,2018-07-04
"AC",9,0.100721080019042,45.847,42.0075,0.279,"1200500",11.38,0,0,5.23,0,0,5.8605,12.754,3.047,3.037,0,0,6.084,8.58,1.15944775515153,1.381151692,0,2018-07-04
"AC",8,0.212387726388722,41.963,26.0562,0.399,"1200500",37.52,0,0,15.7789,0,0,16.1319,38.358,0.228,1.131,0,0,1.359,33.87,1.11258918347834,1.381151692,0,2018-07-04
"AC",5,0.113484692283495,29.364,21.03,0.309,"1200500",0,0,0,0,0,0,7.8073,26.529,0,0.191,0,0,0.191,28.54,1.16493830909838,1.381151692,0,2018-07-04
"AC",5,0.0280588370147578,62.969,46.9558,0.138,"1200500",0,0,0,0,0,0,25.9224,41.075,0,4.763,0.985,1.267,7.015,25.6,1.35441891505311,1.381151692,0,2019-06-06
"AC",24,0.158810789838027,52.188,50.3212,0.62,"1200500",8.2,0,0,4.2877,0,0,1.423,2.721,0,0,0,0.02,0.02,2.77,1.3781792977105,1.381151692,0,2019-06-06
"AC",5,0.0842105263157895,28.463,23.7914,0.273,"1200500",34.68,0,0,9.8936,0,0,6.5688,23.027,2.18,4.359,0,0,6.539,16.6,1.12090053067879,1.381151692,0,2018-07-04
"AC",31,0.194552130572525,65.515,60.745,0.663,"1200500",43.91,0,0,28.8295,0,0,4.1844,6.373,0,0,0,0,0,5.75,1.09552322355239,1.381151692,0,2018-07-04
"AC",33,0.0738520396087086,67.289,44.1098,0.973,"1200500",0,0,0,0,0,0,23.8405,35.351,0,0,0,0,0,34.59,1.16205415057527,1.381151692,0,2018-07-04
"AC",6,0.0275959179422654,77.87,26.1317,0.298,"1200500",0,0,0,0,0,0,54.4698,69.794,0,0,1.766,1.179,2.945,66.08,1.13542780962108,1.381151692,0,2018-07-04
"AC",10,0.0523469381503904,100.924,63.3975,0.205,"1200500",0,0,0,0,0,0,45.8424,45.321,4.75,4.017,0.461,0,9.228,37.32,1.42658699091606,1.381151692,0,2019-06-06
"AC",69,0.238626582689043,24.563,13.3361,6.726,"1200500",0,0,0,0,0,0,10.0339,40.758,0,0,0,0,0,45.83,1.12602486064043,1.381151692,0,2018-07-04
"AC",11,0.0571428571428571,31.055,25.5642,0.559,"1200500",0,0,0,0,0,0,7.6224,24.49,14.478,6.767,0,0,21.245,17.87,1.43080181313077,1.381151692,0,2019-06-06
"AC",33,0.10053015655955,53.543,50.0276,0.858,"1200500",32,0,0,17.1746,0,0,2.139,3.986,0,0,0,0,0,5,1.15354083414785,1.381151692,0,2018-07-04
"AC",19,0.0844948974278318,64.57,50.5879,0.488,"1200500",0,0,0,0,0,0,13.2272,20.439,0,1.373,0,0,1.373,21.83,1.39815129854585,1.381151692,0,2019-06-06
"AC",11,0.0387150143792886,59.968,30.2984,0.472,"1200500",0,0,0,0,0,0,29.9015,49.751,0,0,0,0,0,49.59,1.37105059641827,1.381151692,0,2019-06-06
"AC",29,0.105555845239282,67.014,66.5718,0.566,"1200500",0,0,0,0,0,0,0,0,0,0,0,0,0,0.88,1.18869064822775,1.381151692,0,2018-07-04
"AC",40,0.161978450055394,66.445,39.3346,1.322,"1200500",0,0,0,0,0,0,30.7196,46.13,0,0.082,0,0.4,0.482,40.93,1.10901838218187,1.381151692,0,2018-07-04
"AC",62,0.0836543042012574,53.138,28.6774,2.811,"1200500",0,0,0,0,0,0,25.0365,47.011,3.505,0.064,0.142,0,3.711,46.15,1.45394240073864,1.381151692,0,2019-06-06
"AC",13,0.0808661439529789,57.425,41.5364,0.407,"1200500",9.88,0,0,5.6858,0,0,12.438,21.611,0,0.831,0,0,0.831,25.2,1.1634483720897,1.381151692,0,2018-07-04
"AC",7,0.0206953011292241,68.915,53.0895,0.171,"1200500",0,0,0,0,0,0,17.2104,24.917,0.282,1.633,0,0.403,2.318,23.1,1.33420214606725,1.381151692,0,2019-06-06
"AC",47,0.129539680886588,68.828,68.7129,0.889,"1200500",0,0,0,0,0,0,0.048,0.07,0,0,0,0,0,0.39,1.18212340403072,1.381151692,0,2018-07-04
"AC",21,0.0806186217847897,76.046,71.2617,0.383,"1200500",0,0,0,0,0,0,3.837,5.034,0,0,0,0,0,6.5,1.39769126579321,1.381151692,0,2019-06-06
"AC",39,0.184669342029398,64.607,56.4607,0.898,"1200500",0,0,0,0,0,0,7.421,11.461,0,0,0,0,0,11.19,1.20102942807145,1.381151692,0,2018-07-04
"AC",19,0.0417979589711327,74.546,46.4713,0.532,"1200500",11.29,0,0,8.4342,0,0,28.5779,38.25,2.141,0,0.119,0,2.26,37.68,1.46911511004692,1.381151692,0,2019-06-06
"AC",16,0.0938832193642575,30.953,30.9824,0.671,"1200500",23.8,0,0,7.3844,0,0,0.0814,0.262,0,0,0,0,0,0.13,1.41687167697191,1.381151692,0,2019-06-06
"AC",54,0.0780767803093427,63.451,56.378,1.245,"1200500",1.54,0,0,0.9788,0,0,5.5085,8.662,0,0,0,0,0,11.35,1.37061739757108,1.381151692,0,2019-06-06
"AC",24,0.17596233398571,74.684,72.4474,0.431,"1200500",44.01,0,0,32.9422,0,0,0.7841,1.048,0,0,0,0,0,1,1.0995127694089,1.381151692,0,2018-07-04
"AC",34,0.111000666395387,59.695,55.3626,0.798,"1200500",0,0,0,0,0,0,1.6758,2.801,0,0,0,0,0,6.77,1.19396402404689,1.381151692,0,2018-07-04
"AC",14,0.0363104183450861,60.104,35.703,0.51,"1200500",0,0,0,0,0,0,23.7352,39.402,0,0,0,0,0,40.73,1.37660229786489,1.381151692,0,2019-06-06
"AC",17,0.132265303997041,62.303,59.1265,0.374,"1200500",40.7,0,0,25.4116,0,0,15.0051,24.03,0,0,0,2.371,2.371,4.12,1.38308616198721,1.381151692,0,2019-06-06
"AC",12,0.0477739980946902,40.948,25.92,0.602,"1200500",0,0,0,0,0,0,19.4555,47.406,4.764,4.547,3.031,0,12.342,35.75,1.4715663526813,1.381151692,0,2019-06-06
"AC",13,0.0206953011292241,64.758,24.8169,0.681,"1200500",0,0,0,0,0,0,39.9092,61.491,2.054,0,0,0,2.054,61.76,1.38789626646279,1.381151692,0,2019-06-06
"AC",10,0.161237243569579,13.744,13.1167,0.991,"1200500",0,0,0,0,0,0,0.7911,5.743,0,0,0,0,0,4.78,1.14699017694597,1.381151692,0,2018-07-04
"AC",8,0.00952380952380952,61.854,42.1868,0.247,"1200500",0,0,0,0,0,0,24.0421,38.782,0,0,0,0,0,31.95,1.40120859188548,1.381151692,0,2019-06-06
"AC",10,0.0333924258521338,103.233,64.0828,0.203,"1200500",0,0,0,0,0,0,45.4617,43.94,0,0,0,0,0,38.06,1.44754708941512,1.381151692,0,2019-06-06
"AC",5,0.0408480464331408,62.605,23.6464,0.275,"1200500",0,0,0,0,0,0,38.4705,61.312,0,0,0.85,0,0.85,62.31,1.4046602069869,1.381151692,0,2019-06-06
"AC",5,0.0309557356477856,63.041,35.7264,0.182,"1200500",0,0,0,0,0,0,28.7978,45.579,0,0,0,0.588,0.588,43.45,1.41265630308898,1.381151692,0,2019-06-06
"AC",5,0.0217048280135765,62.226,41.636,0.156,"1200500",0,0,0,0,0,0,21.622,34.67,1.425,0,0,0,1.425,32.77,1.43027103856286,1.381151692,0,2019-06-06
"AC",104,0.203314233918861,58.92,53.8497,2.511,"1200500",18.96,4.72,0,11.1943,2.7857,0,4.1113,6.962,0,0,0,0.032,0.032,6.79,1.11783469087509,1.381151692,0,2018-07-04
"AC",13,0.0266666666666667,45.279,18.7921,0.899,"1200500",4.3,0,0,1.9534,0,0,29.3072,64.581,0,1.883,0,0,1.883,58.59,1.46262840810133,1.381151692,0,2019-06-06
"AC",5,0.125647736893767,33.98,27.3052,0.238,"1200500",0,0,0,0,0,0,7.2562,21.307,1.718,0,0,0,1.718,19.82,1.45676767589874,1.381151692,0,2019-06-06
"AC",9,0.0390878166229283,51.016,48.5221,0.241,"1200500",5.21,0,0,2.6656,0,0,5.9671,11.67,0.478,0.005,0.62,0.508,1.611,5.1,1.44406134274865,1.381151692,0,2019-06-06
"AC",5,0.0762769670191402,53.68,39.6328,0.164,"1200500",1.08,0,0,0.5806,0,0,12.5902,23.402,0,0,0,0,0,24.02,1.12338285009133,1.381151692,0,2018-07-04
"AC",7,0.022254772534085,94.275,79.9037,0.114,"1200500",4.74,0,0,4.4764,0,0,16.3232,17.276,0,0.564,0,0,0.564,15.43,1.39993863847803,1.381151692,0,2019-06-06
"AC",11,0.0280080848135314,63.296,17.7658,0.805,"1200500",0,0,0,0,0,0,47.017,74.116,0,0,0,0.161,0.161,71.99,1.38441425401053,1.381151692,0,2019-06-06
"AC",7,0.0219671389794399,69.266,45.2749,0.201,"1200500",8.2,0,0,5.693,0,0,42.4034,61.082,2.318,11.292,3.509,0.896,18.015,34.78,1.4730467717353,1.381151692,0,2019-06-06
"AC",10,0.160490057165878,36.377,36.3893,0.357,"1200500",38.28,0,0,13.957,0,0,0.0892,0.245,0.077,0,0,0,0.077,0.19,1.10980655434372,1.381151692,0,2018-07-04
"AC",10,0.126383671769062,38.338,34.3069,0.379,"1200500",0.11,0,0,0.0419,0,0,3.1404,8.173,0,0,0,0,0,10.71,1.10775550034776,1.381151692,0,2018-07-04
"AC",11,0.0580588370147578,62.144,45.3663,0.315,"1200500",0,0,0,0,0,0,19.0323,30.558,1.182,0,0.519,0.708,2.409,27.16,1.44029911551227,1.381151692,0,2019-06-06
"AC",23,0.0220097493339644,54.256,38.5028,0.777,"1200500",14.97,0,0,8.14,0,0,18.3238,33.697,0,3.094,0,1.389,4.483,28.97,1.47837662599408,1.381151692,0,2019-06-06
"AC",45,0.180214421352628,51.717,50.2876,1.163,"1200500",0,0,0,0,0,0,0,0,0,0,0,0,0,0,1.16920464195356,1.381151692,0,2018-07-04
"AC",29,0.199040064519015,22.656,16.6257,2.268,"1200500",0,0,0,0,0,0,5.5866,24.603,0.962,0.023,0,0,0.985,25.14,1.20506368186176,1.381151692,0,2018-07-04
"AC",28,0.0954449648900161,61.734,46.4144,0.784,"1200500",0,0,0,0,0,0,18.1859,29.393,0.179,2.179,0,0,2.358,24.26,1.42508783194766,1.381151692,0,2019-06-06
"AC",20,0.0370247665790427,78.787,60.5969,0.429,"1200500",0,0,0,0,0,0,23.4633,29.714,1.579,1.953,0.408,0.447,4.387,23.26,1.34231547060213,1.381151692,0,2019-06-06
"AC",6,0.0268728739282632,71.659,33.0491,0.236,"1200500",0,0,0,0,0,0,41.2675,57.461,0.088,1.674,0,0.48,2.242,53.98,1.46091041062206,1.381151692,0,2019-06-06
"AC",21,0.0867006366155363,63.777,52.9458,0.516,"1200500",0,0,0,0,0,0,10.7624,16.837,0.834,0,0,0,0.834,17.17,1.40873900796093,1.381151692,0,2019-06-06
"AC",259,0.262733239871828,199.772,156.6139,2.15,"1200500",40.36,0,0,80.8076,0,0,48.2134,24.08,0,0,0,0,0,21.25,1.10276493110492,1.381151692,0,2018-07-04
"AC",32,0.0680526462342176,77.251,74.7175,0.557,"1200500",8.21,0,0,6.3596,0,0,0.0352,0.045,0,0,0,0,0,1.79,1.18645981465156,1.381151692,0,2018-07-04
"AC",6,0.02,63.948,36.0877,0.216,"1200500",22.16,0,0,14.2021,0,0,25.5369,39.845,0.683,0,0,0.416,1.099,42.41,1.35820793215026,1.381151692,0,2019-06-06
"AC",50,0.104186720499858,68.963,65.7822,0.988,"1200500",0,0,0,0,0,0,3.0014,4.343,1.027,0.884,0,0.109,2.02,3.96,1.39766234405939,1.381151692,0,2019-06-06
"AC",36,0.135272017012018,62.078,49.686,0.942,"1200500",0,0,0,0,0,0,12.3387,19.832,0,0,0,0,0,20.14,1.13724874504949,1.381151692,0,2018-07-04
"AC",49,0.179958274425234,93.646,73.2853,0.869,"1200500",11.19,0,0,10.5004,0,0,20.1917,21.514,0,0,0,0,0,21.59,1.09541385536522,1.381151692,0,2018-07-04
"AC",11,0.00952380952380952,69.29,38.3423,0.373,"1200500",0,0,0,0,0,0,34.3661,49.486,3.454,0.768,2.687,0,6.909,44.79,1.41760807546689,1.381151692,0,2019-06-06
"AC",45,0.225403712941195,60.649,46.1802,1.267,"1200500",0,0,0,0,0,0,12.3762,20.361,0,0,0,0,0,24.03,1.16576457644558,1.381151692,0,2018-07-04
"AC",20,0.0761904761904762,30.901,23.2507,1.118,"1200500",0,0,0,0,0,0,10.1281,32.703,5.91,5.515,0,0.082,11.507,24.93,1.46478982757158,1.381151692,0,2019-06-06
"AC",32,0.0635497241523272,78.1,44.4332,0.936,"1200500",0,0,0,0,0,0,31.5335,40.286,0,0,0,0,0,41.84,1.12968219794777,1.381151692,0,2018-07-04
"AC",6,0.0136060268609962,88.351,29.3516,0.266,"1200500",0,0,0,0,0,0,68.7533,77.644,0,2.367,1.806,2.257,6.43,66.85,1.40933948205262,1.381151692,0,2019-06-06
"AC",10,0.124270912482269,45.839,43.8298,0.297,"1200500",21.24,4.78,0,9.7595,2.1975,0,1.6923,3.684,0,0,0.467,0.742,1.209,4.6,1.11256206917095,1.381151692,0,2018-07-04
"AC",13,0.0242424242424242,101.255,62.0715,0.272,"1200500",10.86,0,0,11.0184,0,0,32.9628,32.481,0,0,0,0,0,37.52,1.42697952869282,1.381151692,0,2019-06-06
"AC",12,0.0827874569969448,31.444,23.5841,0.661,"1200500",0,0,0,0,0,0,10.2157,32.416,12.525,3.351,0,0.207,16.083,25.16,1.43772355380086,1.381151692,0,2019-06-06
"AC",35,0.114982991426106,56.762,43.9923,1.034,"1200500",0,0,0,0,0,0,13.7898,24.24,1.249,0.937,2.55,0,4.736,15.45,1.1474528902763,1.381151692,0,2018-07-04
"AC",21,0.0549592907493056,69.124,41.7927,0.653,"1200500",1.33,0,0,0.9234,0,0,33.9253,48.969,1.034,5.992,0,0.577,7.603,39.67,1.16242487165719,1.381151692,0,2018-07-04
"AC",20,0.0742611453946493,68.444,60.2573,0.431,"1200500",0,0,0,0,0,0,10.7401,15.657,4.144,2.659,0,0,6.803,12.16,1.36526225940786,1.381151692,0,2019-06-06
"AC",58,0.0967867130529235,68.731,28.3749,2.657,"1200500",0,0,0,0,0,0,44.5871,64.727,0,0,0.113,0.073,0.186,58.81,1.42183994622824,1.381151692,0,2019-06-06
"AC",16,0.0378679978109207,74.945,36.129,0.576,"1200500",0,0,0,0,0,0,41.5151,55.27,0.71,0,3.075,0,3.785,51.9,1.16164423519859,1.381151692,0,2018-07-04
"AC",44,0.0918338164237647,114.566,98.8117,0.579,"1200500",7.93,0,0,9.1046,0,0,16.0997,14.021,0,0,0,0,0,13.94,1.39842438533231,1.381151692,0,2019-06-06
"AC",14,0.0779039102362461,74.535,61.7346,0.295,"1200500",5.88,0,0,4.3919,0,0,30.9833,41.476,0.832,8.794,6.897,0.898,17.421,17.24,1.39851501560314,1.381151692,0,2019-06-06
"AC",35,0.212245903643796,48.748,39.6419,1.148,"1200500",0,0,0,0,0,0,8.4389,17.272,0,0,0,0,0,18.86,1.14400500542036,1.381151692,0,2018-07-04
"AC",20,0.0612431982784397,68.772,47.5441,0.547,"1200500",0,0,0,0,0,0,24.1306,35.01,2.062,2.073,2.05,0,6.185,31.02,1.45272066937066,1.381151692,0,2019-06-06
"AC",9,0.0330743063732471,61.871,42.6655,0.274,"1200500",0.31,0,0,0.1918,0,0,17.343,27.968,0,0,0,0,0,29.76,1.37817031170016,1.381151692,0,2019-06-06
"AC",8,0.0117647058823529,49.691,39.3829,0.264,"1200500",0,0,0,0,0,0,10.5435,21.171,3.568,0,1.345,0,4.913,20.39,1.1994464818123,1.381151692,0,2018-07-04
"AC",51,0.0745491146352929,83.431,53.1576,1.247,"1200500",12.76,0,0,10.6672,0,0,31.331,37.469,0,0,0,0,0,36.34,1.13647388702136,1.381151692,0,2018-07-04
"AC",48,0.191528207530726,48.021,37.2506,1.675,"1200500",0,0,0,0,0,0,9.2447,19.208,0,0,0,0,0,22.6,1.15536755570625,1.381151692,0,2018-07-04
"AC",58,0.104433842382051,62.507,34.1817,2.206,"1200500",0,0,0,0,0,0,30.431,48.575,0,0,0,0,0,45.44,1.42993722094113,1.381151692,0,2019-06-06
"AC",9,0.0584279326771846,49.798,45.8365,0.255,"1200500",12.17,0,0,6.0719,0,0,6.9514,13.928,0.994,1.617,0,0.614,3.225,8.16,1.44015127460316,1.381151692,0,2019-06-06
"AC",63,0.147285449784967,67.274,54.1551,1.512,"1200500",0,0,0,0,0,0,17.6596,26.192,3.281,6.5,0.013,0,9.794,19.54,1.20668062775475,1.381151692,0,2018-07-04
"AC",48,0.0917677200926065,47.255,26.7704,2.331,"1200500",2,0,0,0.9457,0,0,20.7714,43.858,0,0,0,0,0,43.48,1.14332116953839,1.381151692,0,2018-07-04
"AC",32,0.0868870940178784,94.876,92.54,0.45,"1200500",4.72,0,0,4.4882,0,0,0,0,0,0,0,0,0,0,1.17694912784677,1.381151692,0,2018-07-04
"AC",29,0.0824340462710554,61.828,38.6941,0.974,"1200500",0,0,0,0,0,0,25.2099,40.683,0.046,0,0,0,0.046,37.56,1.42575979243869,1.381151692,0,2019-06-06
"AC",12,0.0641116440327433,50.781,40.0382,0.39,"1200500",0,0,0,0,0,0,23.662,46.492,7.541,8.556,3.172,1.397,20.666,21.33,1.44664805384485,1.381151692,0,2019-06-06
"AC",10,0.0743048983266238,70.687,37.8024,0.344,"1200500",0,0,0,0,0,0,44.0074,62.118,0.752,1.855,9.154,1.317,13.078,46.64,1.38138584127343,1.381151692,0,2019-06-06
"AC",64,0.114159624264925,71.657,70.7364,1.176,"1200500",0.71,0,0,0.5108,0,0,2.699,3.758,0.002,1.732,0,0.272,2.006,1.51,1.39690361846299,1.381151692,0,2019-06-06
"AC",12,0.130306285728674,61.642,44.0132,0.354,"1200500",3.19,0,0,1.9718,0,0,18.2778,29.585,0,0,0,0,0,27.9,1.10901593658253,1.381151692,0,2018-07-04
"AC",6,0.0299955629807233,69.518,34.9237,0.223,"1200500",0,0,0,0,0,0,39.8494,57.194,0,1.148,1.658,1.569,4.375,49.88,1.4974145887258,1.381151692,0,2019-06-06
"AC",19,0.111111111111111,30.642,13.1759,1.875,"1200500",0.02,0,0,0.0056,0,0,20.5624,66.955,0.786,4.447,0,0,5.233,57.1,1.15597266957312,1.381151692,0,2018-07-04
"AC",5,0.0778498534683311,43.074,39.5224,0.164,"1200500",2.77,0,0,1.1939,0,0,7.6315,17.678,2.058,1.235,0,0.724,4.017,8.04,1.10810467034795,1.381151692,0,2018-07-04
"AC",89,0.175456011907095,81.141,78.998,1.465,"1200500",18.19,0,0,14.7946,0,0,0.8801,1.082,0,0,0,0.053,0.053,0.78,1.10365314153531,1.381151692,0,2018-07-04
"AC",15,0.0592832844894437,61.477,53.2992,0.366,"1200500",28.23,0,0,17.396,0,0,7.8553,12.749,0,0,0,0,0,13.5,1.41321861075651,1.381151692,0,2019-06-06
"AC",11,0.0287082869338697,62.104,18.2267,0.785,"1200500",0,0,0,0,0,0,44.7406,71.881,0,0,0,0.016,0.016,70.72,1.38412679513208,1.381151692,0,2019-06-06
"AC",16,0.192921371828895,62.132,46.8809,0.444,"1200500",23.64,0,0,14.7224,0,0,15.3044,24.577,0,0,0,0,0,24.22,1.12983334975177,1.381151692,0,2018-07-04
"AC",14,0.0287819798982611,36.09,20.6532,0.881,"1200500",10.21,0,0,3.6921,0,0,21.9148,60.587,1.474,6.142,3.685,1.106,12.407,42.77,1.47415834064733,1.381151692,0,2019-06-06
"AC",85,0.159693151491385,58.189,39.3609,2.807,"1200500",0,0,0,0,0,0,18.0977,31.032,0,0,0,0,0,32.39,1.10621517662315,1.381151692,0,2018-07-04
"AC",7,0.0657312562120134,80.323,64.1671,0.142,"1200500",0,0,0,0,0,0,17.3418,21.542,0,0,0,0,0,20.15,1.12935317460423,1.381151692,0,2018-07-04
"AC",26,0.097692413603932,61.82,48.0221,0.704,"1200500",0,0,0,0,0,0,17.107,27.611,0.724,2.976,0,0,3.7,21.78,1.42531825176404,1.381151692,0,2019-06-06
"AC",10,0.0328522832646017,62.652,33.1601,0.392,"1200500",0.29,0,0,0.1803,0,0,30.4032,48.419,0,0,0,0,0,47.19,1.40553599913606,1.381151692,0,2019-06-06
"AC",59,0.109761852186998,63.454,57.8487,1.326,"1200500",12.78,0,0,8.1297,0,0,3.4891,5.486,0,0,0,0,0,7.64,1.36302087203173,1.381151692,0,2019-06-06
"AC",13,0.110075069564679,30.897,9.43,1.792,"1200500",0,0,0,0,0,0,21.1716,68.37,0,0,0,0,0,69.55,1.4345667899519,1.381151692,0,2019-06-06
"AC",27,0.0456357922336736,61.216,54.9003,0.639,"1200500",0,0,0,0,0,0,6.4695,10.545,0,0,0,0,0,10.52,1.35266880042756,1.381151692,0,2019-06-06
"AC",18,0.0613242620939232,71.846,37.4608,0.625,"1200500",0,0,0,0,0,0,34.4665,47.866,2.002,0.064,0,0,2.066,47.98,1.43023830471908,1.381151692,0,2019-06-06
"AC",28,0.179009222699506,54.829,44.2119,0.823,"1200500",0.01,0,0,0.0035,0,0,10.2124,18.584,0,0,0,0,0,18.97,1.09023416357592,1.381151692,0,2018-07-04
"AC",131,0.0916145647958961,101.157,43.0678,3.954,"1200500",7.1,0,0,7.1982,0,0,62.2794,61.429,0,0.526,0,0,0.526,57.52,1.43960704937646,1.381151692,0,2019-06-06
"AC",35,0.0860993424341866,73.713,48.5512,0.937,"1200500",0,0,0,0,0,0,30.3038,41.019,0.148,1.204,1.323,0,2.675,34.28,1.33953192451601,1.381151692,0,2019-06-06
"AC",6,0.0387188619550547,65.941,28.4354,0.274,"1200500",0,0,0,0,0,0,25.2412,38.193,0,0,0,0,0,56.94,1.15891325852827,1.381151692,0,2018-07-04
"AC",5,0.0379381749575481,53.62,41.0508,0.158,"1200500",0,0,0,0,0,0,19.4696,36.229,1.953,1.641,2.461,1.501,7.556,23.61,1.36761453296918,1.381151692,0,2019-06-06
"AC",19,0.0386912151546363,69.984,34.9185,0.707,"1200500",0,0,0,0,0,0,30.9293,44.096,0,2.026,0.905,0,2.931,50.22,1.41383532536448,1.381151692,0,2019-06-06
"AC",49,0.135840710029291,90.67,90.4608,0.704,"1200500",0,0,0,0,0,0,0.0425,0.047,0,0,0,0,0,0.45,1.18005859683054,1.381151692,0,2018-07-04
"AC",20,0.0522474487139159,63.609,49.1573,0.529,"1200500",0.01,0,0,0.0041,0,0,12.7581,20.012,0,0,0,0.407,0.407,22.89,1.36103302085992,1.381151692,0,2019-06-06
"AC",14,0.0701988732869278,42.688,17.6788,1.029,"1200609",0,0,0,0,0,0,30.2554,70.718,0,0,0.662,0.248,0.91,58.68,0.17935420575541,0.351961596,0,2019-07-28
"AC",77,0.165693466038242,92.04,59.0592,1.695,"1200609",2.02,0,0,1.8641,0,0,40.4507,43.851,0,1.739,0.676,0.338,2.753,35.98,0.106938548114551,0.351961596,0,2019-07-28
"AC",15,0.065692168053237,53.025,25.3483,0.769,"1200609",21.85,0,0,11.6097,0,0,32.278,60.737,0,0,1.006,0.503,1.509,52.3,0.109738741977275,0.351961596,0,2019-07-28
"AC",9,0.039344262295082,98.262,34.0741,0.343,"1200609",0,0,0,0,0,0,76.4068,77.585,0,0,0,0.566,0.566,65.4,0.120231710830507,0.351961596,0,2019-07-28
"AC",60,0.090538644514165,136.881,63.7473,1.224,"1200609",7.37,0,0,10.1152,0,0,90.5617,66.013,0,0.455,4.937,1.508,6.9,53.53,0.113939124550685,0.351961596,0,2019-07-28
"AC",40,0.106659446751266,45.488,21.2437,2.448,"1200609",0,0,0,0,0,0,30.451,66.793,0,0,6.334,4.742,11.076,53.4,0.150546744476478,0.351961596,0,2019-07-28
"AC",5,0.0181443684650606,44.237,10.91,0.596,"1200609",0,0,0,0,0,0,38.0123,85.738,0,0,11.852,0,11.852,75.39,0.137571999196052,0.351961596,0,2019-07-28
"AC",12,0.0469416096821288,44.914,23.7383,0.657,"1200609",0,0,0,0,0,0,20.8988,46.427,0,0,0.131,0.165,0.296,47.27,0.155193921539288,0.351961596,0,2019-07-28
"AC",9,0.0614434493427831,44.481,21.8387,0.536,"1200609",0,0,0,0,0,0,28.745,64.479,0,1.489,8.152,0.999,10.64,51.01,0.1544828183467,0.351961596,0,2019-07-28
"AC",94,0.176610575418617,100.588,68.6596,1.78,"1200609",23.04,0,0,23.2285,0,0,42.7011,42.357,2.829,5.657,0,0.354,8.84,31.89,0.149027740328526,0.351961596,0,2019-07-28
"AC",15,0.0415401420836203,53.501,26.9767,0.723,"1200609",0,0,0,0,0,0,32.878,61.316,0,3.522,4.131,1.942,9.595,49.69,0.127345036898193,0.351961596,0,2019-07-28
"AC",23,0.153192168053237,41.491,35.4134,0.844,"1200609",0,0,0,0,0,0,6.9568,16.73,3.855,0,0,0,3.855,14.84,0.14301012095573,0.351961596,0,2019-07-28
"AC",5,0.0687786013839366,50.396,18.8331,0.345,"1200609",0,0,0,0,0,0,34.9505,69.197,0.072,0,4.898,1.028,5.998,62.71,0.158560730690442,0.351961596,0,2019-07-28
"AC",56,0.133366169176078,48.892,23.3102,3.123,"1200609",0,0,0,0,0,0,25.7733,52.598,0,0.002,0,0,0.002,52.43,0.146275112102203,0.351961596,0,2019-07-28
"AC",15,0.0574822405146461,47.749,21.5199,0.906,"1200609",0,0,0,0,0,0,31.5118,65.848,0,0,1.117,1.811,2.928,55.03,0.133317938319894,0.351961596,0,2019-07-28
"AC",17,0.0257841025556124,51.294,21.4035,1.033,"1200609",0,0,0,0,0,0,34.0667,66.266,0,1.039,0,2.822,3.861,58.37,0.145830787842937,0.351961596,0,2019-07-28
"AC",34,0.166865191313608,40.729,25.9192,1.705,"1200609",0,0,0,0,0,0,33.8807,83,0,4.145,14.426,3.291,21.862,36.5,0.175170142487735,0.351961596,0,2019-07-28
"AC",26,0.102716528146129,86.933,54.9959,0.615,"1200609",0,0,0,0,0,0,36.8687,42.316,0.613,0.613,0,0.358,1.584,36.88,0.170586280972996,0.351961596,0,2019-07-28
"AC",6,0.0733620351004254,44.535,10.7427,0.726,"1200609",0,0,0,0,0,0,36.3674,81.478,1.197,0,0,0,1.197,75.93,0.170730329156396,0.351961596,0,2019-07-28
"AC",5,0.0403093108923949,49.865,36.9819,0.176,"1200609",0,0,0,0,0,0,17.9975,36.012,0,1.514,0,0.004,1.518,26,0.15015912048084,0.351961596,0,2019-07-28
"AC",65,0.191715868898158,46.414,30.2481,2.794,"1200609",0,0,0,0,0,0,28.0922,60.39,1.34,9.918,3.196,0.662,15.116,34.98,0.150304615439756,0.351961596,0,2019-07-28
"AC",31,0.0244791373888135,324.132,76.9258,0.524,"1200609",0,0,0,0,0,0,245.6502,75.618,0.411,0.164,0,0.24,0.815,76.32,0.165345998129536,0.351961596,0,2019-07-28
"AC",48,0.0765270199865622,100.848,47.3639,1.317,"1200609",0,0,0,0,0,0,54.8963,54.313,1.587,0,0,0,1.587,53.14,0.130242934063067,0.351961596,0,2019-07-28
"AC",9,0.0492784248969026,43.048,15.9235,0.735,"1200609",0,0,0,0,0,0,33.2842,77.146,1.239,1.239,2.683,3.861,9.022,63.09,0.159917292359399,0.351961596,0,2019-07-28
"AC",26,0.0820429875540716,70.902,37.787,0.894,"1200609",0,0,0,0,0,0,48.4515,68.183,0.877,7.883,4.504,1.094,14.358,46.82,0.149384703782432,0.351961596,0,2019-07-28
"AC",121,0.163661183687832,100.944,54.4115,2.891,"1200609",0,0,0,0,0,0,55.4997,54.858,0.93,4.38,0.938,0.108,6.356,46.22,0.148206142674178,0.351961596,0,2019-07-28
"AC",12,0.0710531503923878,84.04,60.9883,0.256,"1200609",0,0,0,0,0,0,23.2246,27.574,0,0,0,0,0,27.59,0.116126942078366,0.351961596,0,2019-07-28
"AC",105,0.0325326331580235,753.101,243.8419,0.56,"1200609",0,0,0,0,0,0,506.5645,67.113,0,0.034,0.236,0.025,0.295,67.69,0.143286582322241,0.351961596,0,2019-07-28
"AC",58,0.0868392792143653,85.477,56.5241,1.334,"1200609",0,0,0,0,0,0,34.8867,40.723,4.574,2.287,2.391,1.092,10.344,34.02,0.14929588447528,0.351961596,0,2019-07-28
"AC",14,0.0630853426485437,82.915,66.0432,0.276,"1200708",15.87,0,0,13.1869,0,0,5.0012,6.018,1.299,0,0,0,1.299,17.4,0.475224306584815,0.88166713,0,2019-08-22
"AC",19,0.0397807201206363,67.765,38.3393,0.644,"1200708",0,0,0,0,0,0,30.0804,44.29,5.598,0,0,0,5.598,43.55,0.467779130770309,0.88166713,0,2019-08-22
"AC",78,0.0951211051599745,261.202,185.3879,0.547,"1200708",14.44,0,0,37.794,0,0,101.5168,38.778,0.541,1.588,0.765,1.563,4.457,29.18,0.501951541039916,0.88166713,0,2019-08-22
"AC",30,0.210920920483528,25.105,19.2657,2.024,"1200708",0,0,0,0,0,0,1.3332,5.299,0,0,0,0,0,23.43,0.495108649206141,0.88166713,0,2019-08-22
"AC",42,0.0593265299037757,153.648,105.1346,0.519,"1200708",6.97,0,0,10.7322,0,0,48.9016,31.756,0.804,0.394,0.724,0,1.922,31.73,0.460519913875717,0.88166713,0,2019-08-22
"AC",45,0.156137348820301,114.159,101.7745,0.575,"1200708",12.72,0,0,14.555,0,0,54.6021,47.723,8.278,9.378,2.706,4.125,24.487,11.05,0.513578290704993,0.88166713,0,2019-08-22
"AC",31,0.0772224712530597,68.847,43.4489,0.928,"1200708",0,0,0,0,0,0,19.331,28.015,1.676,0,0,0,1.676,37.03,0.491584324762293,0.88166713,0,2019-08-22
"AC",11,0.127128278365234,26.561,26.6207,0.537,"1200708",32.47,0,0,8.6432,0,0,0,0,0,0,0,0,0,0,0.469039581702865,0.88166713,0,2019-08-22
"AC",22,0.0560908153700972,143.798,73.7683,0.388,"1200708",0.37,0,0,0.532,0,0,82.102,56.968,0.491,1.048,1.105,0.767,3.411,48.81,0.466575617218543,0.88166713,0,2019-08-22
"AC",14,0.101546554461974,44.866,39.6405,0.459,"1200708",38.43,0,0,17.2813,0,0,13.3968,29.793,0,0,9.985,0.531,10.516,11.85,0.436774013972516,0.88166713,0,2019-08-22
"AC",29,0.164157324708292,39.958,37.2215,1.013,"1200708",4.03,0,0,1.6123,0,0,5.2945,13.221,6.281,0.231,1.701,0.688,8.901,6.95,0.453266326867764,0.88166713,0,2019-08-22
"AC",30,0.0880325380024054,38.87,34.1294,1.143,"1200708",0,0,0,0,0,0,5.4539,14,3.14,1.155,0,0,4.295,12.39,0.45509190422507,0.88166713,0,2019-08-22
"AC",36,0.116464502116658,98.176,96.151,0.487,"1200708",58.37,0,0,57.4325,0,0,3.4227,3.479,4.675,0.719,0,0,5.394,2.21,0.461103408514397,0.88166713,0,2019-08-22
"AC",18,0.109654325663128,67.309,42.8024,0.547,"1200708",9.99,0,0,6.7401,0,0,31.9832,47.411,0.918,2.754,2.229,0.656,6.557,36.55,0.492231390439404,0.88166713,0,2019-08-22
"AC",53,0.159639109790518,72.424,60.2098,1.144,"1200708",2.75,0,0,1.9956,0,0,8.4076,11.583,0,0,0,0,0,17.05,0.526656409271794,0.88166713,0,2019-08-22
"AC",85,0.127566014442952,92.456,69.2792,1.595,"1200708",12.31,0,0,11.4063,0,0,26.4138,28.505,0,2.605,0.058,0.039,2.702,25.24,0.497747850619697,0.88166713,0,2019-08-22
"AC",24,0.135758369027902,28.959,22.4748,1.388,"1200708",1.13,0,0,0.3274,0,0,9.8831,34.052,8.839,2.438,0,1.101,12.378,22.56,0.448099845111438,0.88166713,0,2019-08-22
"AC",77,0.270567294004832,118.809,102.9206,0.973,"1200708",4.43,0,0,5.2746,0,0,2.5162,2.113,0,0,0,0,0,13.57,0.490573366308948,0.88166713,0,2019-08-22
"AC",196,0.0963216686106303,216.581,190.3301,1.339,"1200708",21.26,0,0,46.1388,0,0,27.7871,12.801,0,0,0,0,0,12.32,0.485602434737132,0.88166713,0,2019-08-22
"AC",35,0.1767833489453,89.285,75.9519,0.599,"1200708",15.2,0,0,13.6017,0,0,10.7719,12.038,0,0,0,0,0,15.12,0.489420123856065,0.88166713,0,2019-08-22
"AC",5,0.113529177036457,34.684,34.7619,0.187,"1200708",0,0,0,0,0,0,1.2448,3.581,3.221,3.552,0,0,6.773,0,0.511476679783244,0.88166713,0,2019-08-22
"AC",13,0.0590160216070654,82.66,33.8511,0.499,"1200708",10.64,0,0,8.8126,0,0,51.0768,61.653,1.708,1.708,0,0,3.416,59.14,0.501855692788664,0.88166713,0,2019-08-22
"AC",6,0.0741581623797196,49.286,40.6815,0.192,"1200708",11.68,0,0,5.7688,0,0,10.3847,21.023,1.433,4.119,0,0,5.552,17.64,0.461394009712327,0.88166713,0,2019-08-22
"AC",41,0.0921511168848517,131.149,85.8142,0.621,"1200708",8.62,0,0,11.3332,0,0,39.3749,29.956,0,0,0,0.112,0.112,34.18,0.526145560033186,0.88166713,0,2019-08-22
"AC",28,0.171505289028512,35.732,32.3133,1.126,"1200708",87.16,0,0,31.2127,0,0,11.3048,31.567,2.47,17.846,1.482,0.927,22.725,6.84,0.435412440214514,0.88166713,0,2019-08-22
"AC",40,0.14477364524941,49.406,49.2444,1.056,"1200708",27.05,0,0,13.3961,0,0,6.5115,13.15,1.072,5.481,2.467,0.788,9.808,0.55,0.500508693885497,0.88166713,0,2019-08-22
"AC",49,0.0754207960805055,153.213,107.147,0.595,"1200708",6.33,0,0,9.7222,0,0,47.2034,30.74,0.806,0.299,0.691,0,1.796,30.22,0.460880103942414,0.88166713,0,2019-08-22
"AC",8,0.0486753942851561,77.653,64.7899,0.161,"1200708",2.25,0,0,1.749,0,0,10.498,13.489,0,0.255,0,0.341,0.596,16.75,0.486362327730581,0.88166713,0,2019-08-22
"AC",32,0.0944734489645962,69.22,52.0594,0.799,"1200708",0,0,0,0,0,0,18.2661,26.329,2.425,0,3.423,0.446,6.294,24.96,0.473567679973194,0.88166713,0,2019-08-22
"AC",83,0.174211723812832,109.953,110.1989,0.979,"1200708",22.91,0,0,25.2515,0,0,0,0,0,0,0,0,0,0,0.492147935043995,0.88166713,0,2019-08-22
"AC",15,0.0981281644215583,48.97,49.0483,0.398,"1200708",4.17,0,0,2.048,0,0,0,0,0,0,0,0,0,0.06,0.444569145582272,0.88166713,0,2019-08-22
"AC",19,0.119231480375539,37.566,29.9221,0.825,"1200708",11.86,0,0,4.4667,0,0,14.29,37.955,0,9.708,0.125,0,9.833,20.51,0.43081133033194,0.88166713,0,2019-08-22
"AC",33,0.168721012920988,36.958,37.0411,1.158,"1200708",8.7,0,0,3.2216,0,0,0,0,0,0,0,0,0,0,0.500578182065511,0.88166713,0,2019-08-22
"AC",57,0.206809287846463,56.303,52.4217,1.414,"1200708",0,0,0,0,0,0,7.3574,13.038,4.952,1.254,0,0.47,6.676,7.1,0.497907175767934,0.88166713,0,2019-08-22
"AC",5,0.0541335963557964,85.958,55.3843,0.117,"1200708",0,0,0,0,0,0,38.8996,45.153,0.646,0.84,0.919,2.778,5.183,35.71,0.509764975680485,0.88166713,0,2019-08-22
"AC",52,0.116151728299092,110.797,86.214,0.784,"1200708",5.57,0,0,6.1819,0,0,26.5411,23.901,0,0.558,0,0,0.558,22.36,0.479146451783163,0.88166713,0,2019-08-22
"AC",17,0.0786441874690089,77.815,67.8636,0.326,"1200708",3.89,0,0,3.0318,0,0,8.1981,10.512,0,0.051,0,0.34,0.391,12.98,0.485724232242454,0.88166713,0,2019-08-22
"AC",12,0.113867219920813,39.567,20.5973,0.757,"1200708",20.22,0,0,8.0179,0,0,20.0421,50.54,0,1.338,2.454,0,3.792,48.06,0.488899304087836,0.88166713,0,2019-08-22
"AC",11,0.0754514529865647,45.887,33.9979,0.421,"1200708",0,0,0,0,0,0,10.4218,22.661,2.696,1.498,0,0.769,4.963,26.07,0.496828262126062,0.88166713,0,2019-08-22
"AC",23,0.173292413503582,56.06,45.065,0.663,"1200708",20.85,0,0,11.7134,0,0,23.003,40.941,0,2.992,2.992,4.954,10.938,19.79,0.530678203895124,0.88166713,0,2019-08-22
"AC",29,0.206926000719729,49.142,45.8389,0.822,"1200708",19.88,0,0,9.7919,0,0,3.6373,7.385,0,0,0,0,0,6.7,0.440095594492945,0.88166713,0,2019-08-22
"AC",17,0.0907877538267963,35.586,30.8341,0.717,"1200708",0,0,0,0,0,0,5.9414,16.659,5.091,1.141,0,0,6.232,13.55,0.463835635408281,0.88166713,0,2019-08-22
"AC",29,0.131813291344522,49.606,43.9815,0.857,"1200708",20.79,0,0,10.335,0,0,4.9923,10.042,0,0,0,0,0,10.37,0.452431413991009,0.88166713,0,2019-08-22
"AC",11,0.0437253541883605,84.383,49.1792,0.291,"1200708",0,0,0,0,0,0,44.0427,52.077,2.484,2.6,2.51,0.314,7.908,41.85,0.460432758240872,0.88166713,0,2019-08-22
"AC",22,0.053382444535124,63.372,41.3643,0.691,"1200708",2.04,0,0,1.2937,0,0,24.5573,38.664,0,1.153,0,0,1.153,34.87,0.456432386772238,0.88166713,0,2019-08-22
"AC",21,0.0784080849492776,70.878,43.104,0.633,"1200708",9.46,0,0,6.7235,0,0,27.6608,38.939,0,0,0,0,0,38.46,0.521673949365379,0.88166713,0,2019-08-22
"AC",84,0.153701185314931,148.932,105.8338,1.032,"1200708",12.05,0,0,17.9939,0,0,64.5533,43.247,1.126,3.085,1.544,1.95,7.705,29.1,0.514009578015763,0.88166713,0,2019-08-22
"AC",18,0.0499274555371647,33.149,26.4028,0.886,"1200708",0,0,0,0,0,0,5.5027,16.563,0,0,0,0,0,20.53,0.50537179326805,0.88166713,0,2019-08-22
"AC",62,0.148019253214917,45.645,33.6461,2.396,"1200708",11.35,0,0,5.1934,0,0,11.762,25.711,0,0,0,0,0,26.45,0.451323596842303,0.88166713,0,2019-08-22
"AC",14,0.0984049392457846,51.438,48.4118,0.376,"1200708",0.84,0,0,0.431,0,0,3.4993,6.788,0,0,1.062,0.046,1.108,6.09,0.513464819066359,0.88166713,0,2019-08-22
"AC",32,0.163006405844655,36.324,30.7466,1.353,"1200708",53.78,0,0,19.578,0,0,29.3568,80.64,0,1.944,6.566,11.557,20.067,15.54,0.442431427941686,0.88166713,0,2019-08-22
"AC",7,0.0523469381503903,22.341,16.8547,0.54,"1200708",1.35,0,0,0.3016,0,0,3.2088,14.331,1.69,0,0,0,1.69,24.72,0.468471143456455,0.88166713,0,2019-08-22
"AC",114,0.154411482719263,175.72,173.1808,0.856,"1200708",30.44,0,0,53.6105,0,0,7.5655,4.296,0.835,0.4,0.517,0.079,1.831,1.67,0.47923788367188,0.88166713,0,2019-08-22
"AC",9,0.0240512959069361,53.018,41.6809,0.281,"1200807",0,0,0,0,0,0,12.0521,22.681,0,1.53,0,0,1.53,21.56,0.510497717588124,0.817919328,0,2018-06-28
"AC",14,0.0756103984337625,49.09,49.0346,0.371,"1200807",52.7,0,0,25.9264,0,0,0.0569,0.116,0,0,0,0,0,0.34,0.32968755423024,0.817919328,0,2019-09-11
"AC",34,0.108679218544284,67.897,50.5596,0.874,"1200807",0,0,0,0,0,0,20.772,30.525,0,0,0.913,1.306,2.219,25.7,0.291638434866822,0.817919328,0,2018-06-28
"AC",8,0.043409656027153,52.597,30.6805,0.339,"1200807",0,0,0,0,0,0,20.1686,38.26,0,0,0,0,0,41.8,0.517972262607555,0.817919328,0,2018-06-28
"AC",15,0.037964364671416,67.975,57.0738,0.342,"1200807",0,0,0,0,0,0,13.4468,19.738,0.912,1,0,2.539,4.451,16.22,0.52152837743393,0.817919328,0,2018-06-28
"AC",11,0.0641818270051911,54.711,53.9292,0.265,"1200807",40.05,0,0,21.963,0,0,1.5239,2.779,0,0,0,0,0,1.65,0.328327378957117,0.817919328,0,2019-09-11
"AC",11,0.080416971634316,54.297,42.7107,0.335,"1200807",0.13,0,0,0.0718,0,0,11.049,20.304,0,0,0,0,0,20.7,0.31793547720401,0.817919328,0,2019-09-11
"AC",8,0.0233823641789648,68.497,22.3853,0.465,"1200807",0,0,0,0,0,0,47.1176,68.633,0,1.01,0.009,0.073,1.092,67.39,0.440765161747071,0.817919328,0,2018-06-21
"AC",19,0.0191653191525356,49.869,24.0899,1.025,"1200807",0,0,0,0,0,0,25.2707,50.56,0,0,0,0,0,51.8,0.539348049118614,0.817919328,0,2018-06-28
"AC",9,0.100085975108143,40.452,35.5164,0.329,"1200807",24.53,8.91,0,9.9436,3.6108,0,2.3765,5.862,0,0,0,0,0,7.67,0.336672619507601,0.817919328,0,2019-09-11
"AC",7,0.0404499067525744,30.336,29.8714,0.305,"1200807",0.1,0,0,0.0305,0,0,1.5086,4.962,4.086,0,1.751,1.459,7.296,1.75,0.453016826589782,0.817919328,0,2018-06-21
"AC",12,0.0972045557468203,66.543,62.725,0.249,"1200807",0,0,0,0,0,0,4.5743,6.859,0,0,0,0,0,5.95,0.320066059763597,0.817919328,0,2019-09-11
"AC",8,0.0229051730732717,71.487,22.18,0.469,"1200807",0,0,0,0,0,0,53.1654,74.204,0,1.975,0.957,0.372,3.304,69.04,0.441384896648024,0.817919328,0,2018-06-21
"AC",16,0.100954574471579,48.281,46.3862,0.448,"1200807",32.24,5.85,0,15.5992,2.8289,0,2.4485,5.06,0,0,0,0,0,3.2,0.341614665069086,0.817919328,0,2019-09-11
"AC",9,0.0293158624671963,64.51,20.3359,0.575,"1200807",0,0,0,0,0,0,26.5437,41.055,0,0,0,0,0,68.55,0.513405819360246,0.817919328,0,2018-06-28
"AC",17,0.0703787035161267,30.517,25.6385,0.862,"1200807",0,0,0,0,0,0,7.7898,25.469,2.611,0,0,0,2.611,16.17,0.455339911177477,0.817919328,0,2018-06-21
"AC",10,0.0507982590594547,68,32.5147,0.4,"1200807",0,0,0,0,0,0,38.5802,56.609,0,0,0,0.878,0.878,51.6,0.316340020335135,0.817919328,0,2019-09-11
"AC",15,0.0371524491633119,134.341,65.9566,0.296,"1200807",0,0,0,0,0,0,66.4366,49.344,0.922,0.377,0.956,0.955,3.21,51.01,0.293201306528871,0.817919328,0,2018-06-28
"AC",18,0.0396335765891742,50.715,34.9121,0.67,"1200807",3.91,0,0,1.9879,0,0,15.7814,31.048,0,0,0,0,0,31.31,0.535358615055494,0.817919328,0,2018-06-28
"AC",10,0.10231825228812,23.772,23.4093,0.555,"1200807",0.59,0,0,0.1416,0,0,1.5918,6.681,0,0,0,0,0,1.75,0.343533055098107,0.817919328,0,2019-09-11
"AC",14,0.057492897975627,50.5,47.0813,0.387,"1200807",0,0,0,0,0,0,7.0386,13.907,0,0,6.174,0.864,7.038,6.98,0.500958788531979,0.817919328,0,2018-06-28
"AC",12,0.0493750678419446,50.526,27.8022,0.561,"1200807",0,0,0,0,0,0,19.5826,38.671,0,0,0,0,0,45.1,0.519127338586063,0.817919328,0,2018-06-28
"AC",18,0.0534198241619973,49.787,26.5485,0.881,"1200807",0,0,0,0,0,0,28.3389,56.794,0.006,0,0,0.534,0.54,46.79,0.525973979513034,0.817919328,0,2018-06-28
"AC",11,0.0833682234180121,49.768,46.3407,0.309,"1200807",0,0,0,0,0,0,4.0124,8.044,0,0,0,0,0,5.94,0.317541328104587,0.817919328,0,2019-09-11
"AC",15,0.027541004063828,67.973,55.4771,0.351,"1200807",0,0,0,0,0,0,12.7848,18.767,0.912,1.118,0,1.33,3.36,18.57,0.521469545753755,0.817919328,0,2018-06-28
"AC",6,0.0188422287906398,39.736,22.2759,0.35,"1200807",0,0,0,0,0,0,23.1031,58.012,4.657,1.56,7.131,1.758,15.106,44.06,0.438940479050879,0.817919328,0,2018-06-21
"AC",16,0.06906785999095,66.384,36.2569,0.574,"1200807",0,0,0,0,0,0,36.4462,54.779,0,0,0,2.577,2.577,44.8,0.317262081100581,0.817919328,0,2019-09-11
"AC",49,0.0846959099994558,57.024,38.4407,1.657,"1200807",0,0,0,0,0,0,16.4801,28.836,0,0,0,0,0,32.74,0.316932770899612,0.817919328,0,2018-06-28
"AC",5,0.0317820695913084,40.742,38.1259,0.17,"1200807",15.36,0,0,6.27,0,0,4.902,12.005,0,0.475,2.804,0.287,3.566,6.63,0.445398114996323,0.817919328,0,2018-06-21
"AC",6,0.0279941684889506,50.908,31.2875,0.249,"1200807",0,0,0,0,0,0,16.6856,32.703,0,0,0,0,0,38.68,0.518938298032099,0.817919328,0,2018-06-28
"AC",5,0.0170075335762452,63.643,19.859,0.327,"1200807",0.24,0,0,0.1551,0,0,32.2529,50.565,0,0,0,0,0,68.87,0.28920376876491,0.817919328,0,2018-06-28
"AC",19,0.0186016332951081,48.821,25.1815,0.981,"1200807",0,0,0,0,0,0,23.2044,47.423,0,0,0,0,0,48.54,0.53916213180081,0.817919328,0,2018-06-28
"AC",15,0.0398770869811316,67.973,47.8,0.408,"1200807",0,0,0,0,0,0,13.8708,20.361,0.063,0,0,2.132,2.195,29.84,0.520151260383121,0.817919328,0,2018-06-28
"AC",6,0.0275862068965517,45.007,30.0694,0.259,"1200807",0,0,0,0,0,0,19.8694,44.049,0,0,0,1.278,1.278,33.34,0.329460814709366,0.817919328,0,2019-09-11
"AC",19,0.0717846102520982,49.997,41.5492,0.594,"1200807",0,0,0,0,0,0,9.7362,19.43,0,0,2.066,0,2.066,17.08,0.538884020335447,0.817919328,0,2018-06-28
"AC",8,0.103191835884531,36.263,34.9332,0.298,"1200807",56.05,10.89,0,20.3707,3.9581,0,0.2842,0.782,0,0,0,0,0,0.01,0.338808558015136,0.817919328,0,2019-09-11
"AC",6,0.0493750678419446,49.699,33.7073,0.231,"1200807",0,0,0,0,0,0,23.1992,46.575,1.325,7.688,4.242,0.891,14.146,32.33,0.535231705332358,0.817919328,0,2018-06-28
"AC",13,0.0254256556730467,52.574,22.1125,0.764,"1200807",0,0,0,0,0,0,31.1807,59.178,1.337,0,0,0,1.337,58.03,0.521422074834413,0.817919328,0,2018-06-28
"AC",49,0.0978431522386198,53.765,45.9221,1.387,"1200807",2.18,0,0,1.1773,0,0,10.087,18.719,6.778,1.565,0,0,8.343,14.78,0.532365857284813,0.817919328,0,2018-06-28
"AC",44,0.11017456356278,53.842,43.3186,1.32,"1200807",3.46,0,0,1.8681,0,0,11.7844,21.838,0,0,0,0,0,19.56,0.528375534300194,0.817919328,0,2018-06-28
"AC",9,0.241250914902948,23.939,15.9183,0.735,"1200807",0,0,0,0,0,0,7.5026,31.271,0,0,0,0,0,32.48,0.316808629451061,0.817919328,0,2019-09-11
"AC",42,0.0840185853089858,52.7,43.3397,1.26,"1200807",0,0,0,0,0,0,23.2839,44.083,1.344,0.402,6.574,2.101,10.421,17.95,0.522742192412483,0.817919328,0,2018-06-28
"AC",29,0.0889519894062504,52.702,42.7289,0.882,"1200807",0,0,0,0,0,0,15.7692,29.855,0,0,0,4.171,4.171,19.1,0.5354285465604,0.817919328,0,2018-06-28
"AC",36,0.0621089525103511,63.384,52.341,0.894,"1200807",2.45,0,0,1.555,0,0,18.0941,28.483,2.152,9.776,0,0,11.928,17.61,0.31437967651724,0.817919328,0,2018-06-28
"AC",14,0.0676256588568536,52.554,49.791,0.366,"1200807",0,0,0,0,0,0,10.1132,19.201,0,0.226,7.455,1.263,8.944,5.47,0.501237914179031,0.817919328,0,2018-06-28
"AC",8,0.0152720709664243,68.002,29.4532,0.353,"1200807",0,0,0,0,0,0,37.9281,55.65,0,0,0,0,0,56.78,0.304243779058683,0.817919328,0,2018-06-28
"AC",8,0.0240512959069361,102.597,63.153,0.165,"1200807",0,0,0,0,0,0,37.916,36.874,0,0,0.146,0.09,0.236,38.58,0.51811017628899,0.817919328,0,2018-06-28
"AC",7,0.05,34.897,23.0879,0.394,"1200807",0,0,0,0,0,0,13.3273,38.105,0,4.916,1.522,0,6.438,33.99,0.461138229019325,0.817919328,0,2018-06-21
"AM",7,0.0244897959183673,77.754,46.0475,0.198,"1300144",5.35,0,0,4.1675,0,0,29.2742,37.566,0,0,0,0,0,40.69,4.62859661883815,0,0,2019-06-24
"AM",7,0.0481025918138722,57.393,38.6871,0.235,"1300144",9.35,0,0,5.3781,0,0,19.1761,33.337,0,0,0,0,0,32.55,4.50416699425739,0,0,2019-06-24
"AM",15,0.142209043525455,53.689,47.7487,0.408,"1300144",47.01,13.74,0,25.2982,7.3915,0,20.4296,37.967,0,2.577,24.399,1.861,28.837,7.86,4.56600129704393,0,0,2019-06-24
"AM",102,0.140053982212612,266.72,126.4645,1.049,"1300144",30.25,7.63,0,80.8653,20.3888,0,154.7642,57.895,0,0,0,0.351,0.351,52.67,4.53242337359917,0,0,2019-06-24
"AM",32,0.125970616698039,109.015,78.1422,0.532,"1300144",47.2,0,0,51.5658,0,0,28.2216,25.83,0,0,0,0,0,27.62,4.53244038921287,0,0,2019-06-24
"AM",5,0.0744793825057792,79.898,59.1197,0.11,"1300144",0.05,0,0,0.0406,0,0,35.8897,44.819,0.535,12.283,0.738,0.013,13.569,26.17,4.53399518397075,0,0,2019-06-24
"AM",14,0.0477109359299857,140.352,65.264,0.279,"1300144",12.2,0,0,17.1566,0,0,77.3381,54.98,2.08,1.968,0.825,0,4.873,53.6,4.46729194181795,0,0,2019-06-24
"AM",24,0.0776307971939983,88.595,78.3041,0.398,"1300144",66.56,0,0,59.1023,0,0,21.5499,24.27,0,0,0,0,0,11.81,4.55661043827599,0,0,2019-06-24
"AM",81,0.177533723128954,227.466,215.0768,0.49,"1300144",49.61,42.31,0,113.1048,96.4537,0,16.5826,7.274,0,1.13,0.832,0,1.962,5.36,4.50273722851274,0,0,2019-06-24
"AM",214,0.124351407677581,160.524,88.3259,3.15,"1300144",15.08,0,0,24.268,0,0,78.5074,48.798,3.506,0,0.444,0,3.95,45.1,4.51196872605403,0,0,2019-06-24
"AM",20,0.0525850049696107,102.426,73.8364,0.352,"1300144",42.3,0,0,43.4236,0,0,31.817,30.994,0,0,0,0,0,27.66,4.64024747870446,0,0,2019-06-24
"AM",37,0.0789619982260909,88.333,77.6375,0.62,"1300144",62.94,0,0,55.7252,0,0,20.9853,23.704,0,0,0,0,0,12.3,4.55655203106661,0,0,2019-06-24
"AM",19,0.113139172636507,100.048,98.9237,0.25,"1300144",66.52,0,0,66.7047,0,0,46.2022,46.077,0.567,25.93,14.065,0,40.562,1.31,4.48127181675911,0,0,2019-06-24
"AM",21,0.106591601448904,57.485,47.6675,0.573,"1300144",52.76,0,0,30.3979,0,0,8.7104,15.119,0,0,0,0,0,16.01,4.61127086705892,0,0,2019-06-24
"AM",29,0.0453288741061101,119.555,84.4454,0.446,"1300144",0,0,0,0,0,0,35.4176,29.558,0,0,1.082,0,1.082,29.52,4.50726111356907,0,0,2019-06-24
"AM",30,0.10059454187034,69.702,37.7149,1.034,"1300144",13.9,0,0,9.709,0,0,34.9663,50.053,0.211,0.74,0.322,0,1.273,45.05,4.48352023056376,0,0,2019-06-24
"AM",82,0.158080678761912,279.379,202.806,0.526,"1300144",49.75,3.93,0,139.298,10.9991,0,66.7055,23.823,0,0,0.374,0,0.374,26.55,4.51643617855487,0,0,2019-06-24
"AM",135,0.0824823619814427,381.798,266.2274,0.659,"1300144",30.59,0,0,117.0381,0,0,117.8236,30.791,0.84,1.61,0.618,0.233,3.301,30.29,4.52235626082178,0,0,2019-06-24
"AM",32,0.0882244636420337,90.45,78.7878,0.528,"1300144",59.59,0,0,54.0182,0,0,27.3444,30.164,0,0,0,0.342,0.342,13.09,4.55394483555355,0,0,2019-06-24
"AM",48,0.128646032359991,123.939,96.5168,0.647,"1300144",65.5,0,0,81.3558,0,0,19.5494,15.738,0,0,1.074,0,1.074,21.33,4.50017125835369,0,0,2019-06-24
"AM",41,0.155282191641068,60.544,57.2235,0.931,"1300144",24.43,0,0,14.8269,0,0,3.02,4.977,0,0.384,0,0,0.384,5.7,4.54300576166327,0,0,2019-06-24
"AM",14,0.0425648332181469,139.832,63.6968,0.286,"1300144",10.77,0,0,15.0983,0,0,78.4279,55.962,2.133,2.032,0.828,0,4.993,54.55,4.46722294259367,0,0,2019-06-24
"AM",64,0.12819999863244,198.173,177.2761,0.469,"1300706",67.62,0,0,134.2999,0,0,31.9059,16.064,0,0,0.095,0,0.095,10.07,0.366569295543962,0.107994672,0,2018-07-07
"AM",26,0.12324072915744,100.861,44.468,0.76,"1300706",4.54,0,0,4.5919,0,0,53.8235,53.245,0,0,0,0,0,56.01,0.309914474085409,0.107994672,0,2018-07-07
"AM",24,0.110862869972861,91.286,79.6018,0.392,"1300706",76.16,0,0,69.6779,0,0,16.0997,17.597,0,1.263,0.641,0,1.904,12.99,0.366687910449266,0.107994672,0,2018-07-07
"AM",7,0.0441334482190961,381.555,229.2784,0.04,"1300706",18.46,0,0,70.5912,0,0,157.7377,41.248,1.798,1.884,0,0.433,4.115,39.91,0.312075633367943,0.107994672,0,2018-07-07
"AM",21,0.0630352771151347,128.935,71.426,0.382,"1300706",12.38,1.81,0,15.9995,2.3446,0,126.1587,97.628,0,0.676,2.185,0,2.861,44.73,0.31090468503055,0.107994672,0,2018-07-07
"AM",5,0.0208048056218812,98.334,11.5257,0.564,"1300706",0,0,0,0,0,0,90.5602,91.889,0,0,1.263,0,1.263,88.31,0.314441923513554,0.107994672,0,2018-07-07
"AM",18,0.0681186217847897,97.684,97.7565,0.239,"1300706",52.51,0,0,51.4132,0,0,0.6143,0.627,0,0,1.229,0,1.229,0.15,0.362899016641229,0.107994672,0,2018-07-07
"AM",24,0.110862869972861,91.286,79.6839,0.392,"1300706",76.05,0,0,69.5766,0,0,16.0628,17.557,0,1.263,0.621,0,1.884,12.9,0.366770199898897,0.107994672,0,2018-07-07
"AM",119,0.138940742752165,400.894,167.949,0.921,"1300706",15.43,16.55,0,61.9912,66.5033,0,240.1359,59.766,0,0.576,0,0,0.576,58.07,0.289269053905982,0.107994672,0,2018-07-07
"AM",72,0.17633315358179,232.371,170.1192,0.55,"1300706",54.39,0,0,126.6732,0,0,74.8481,32.139,0.332,1.757,1.26,0.855,4.204,26.95,0.314759106158426,0.107994672,0,2018-07-07
"AM",135,0.176853449216022,89.926,90.0984,1.948,"1300706",34.48,0,0,31.0718,0,0,0,0,0,0,0,0,0,0.03,0.690554696151073,0.107994672,0,2018-07-07
"AM",37,0.165120194667401,104.909,65.8088,0.731,"1300706",31.71,2.14,0,33.3409,2.2546,0,79.4506,75.564,1.669,26.039,0,0,27.708,37.41,0.326051795626261,0.107994672,0,2018-07-07
"AM",66,0.204921976628517,101.687,98.6726,0.87,"1300706",81.69,0,0,83.2531,0,0,2.4861,2.439,0,0,0,0,0,3.18,0.736403173425446,0.107994672,0,2018-07-07
"AM",77,0.18215922156087,100.493,98.4382,1.017,"1300706",83.54,12.5,0,84.1373,12.592,0,6.984,6.934,0,4.326,0,0,4.326,2.26,0.358339436611443,0.107994672,0,2018-07-07
"AM",9,0.0793086758318566,95.145,67.3544,0.174,"1300706",25.75,33.53,0,24.5548,31.9772,0,24.9329,26.147,0,0.437,0,0,0.437,25.53,0.296031030617975,0.107994672,0,2018-07-07
"AM",58,0.266834542504764,73.56,45.7879,1.647,"1300706",30.13,2.48,0,22.2157,1.8263,0,29.6518,40.22,0,1.094,0,0.362,1.456,37.89,0.302429117272921,0.107994672,0,2018-07-07
"AM",40,0.0703159966810733,102.726,57.5797,0.903,"1300706",4.2,0,0,4.323,0,0,32.9282,31.983,0,0,0,0,0,44.07,0.691099788945493,0.107994672,0,2018-07-07
"AM",38,0.175512924255906,96.667,52.963,0.933,"1300706",15.78,5.59,0,15.2834,5.4124,0,53.1088,54.817,0.826,5.801,1.973,0,8.6,45.33,0.303025166406276,0.107994672,0,2018-07-07
"AM",20,0.0886367034706849,99.128,26.5337,0.98,"1300706",4.45,0,0,4.4228,0,0,71.0757,71.54,0,0,0,0,0,71.77,0.305467446962613,0.107994672,0,2018-07-07
"AM",73,0.278858966252946,98.786,96.6417,0.982,"1300706",33.72,0,0,33.3846,0,0,3.3128,3.346,0,0.074,0,0.155,0.229,2.27,0.372925227490224,0.107994672,0,2018-07-07
"AM",16,0.0520004929818773,140.533,93.8789,0.222,"1300706",1.94,0,0,2.7379,0,0,82.8474,58.821,0,0.378,2.963,5.472,8.813,33.35,0.695310093002336,0.107994672,0,2018-07-07
"AM",37,0.247720829547051,94.281,80.4437,0.598,"1300706",64.21,3.76,0,60.6707,3.5492,0,15.2017,16.088,0,0,0,0,0,14.87,0.343648218024317,0.107994672,0,2018-07-07
"AM",7,0.012025647953468,102.104,66.3586,0.137,"1300706",6.26,0,0,6.4098,0,0,38.51,37.632,2.169,0,1.041,0,3.21,35.15,0.776854858650761,0.107994672,0,2018-07-07
"AM",13,0.0571346897924863,75.2,35.0085,0.483,"1300706",13.9,0,0,10.4791,0,0,37.7287,50.059,0,0,0,0,0,52.96,0.297826620446446,0.107994672,0,2018-07-07
"AM",82,0.24072159883376,98.576,98.7962,1.079,"1300706",84.14,0,0,83.1276,0,0,0,0,0,0,0,0,0,0,0.375461634000905,0.107994672,0,2018-07-07
"AM",87,0.185414009947672,119.676,106.5217,1.062,"1300706",70.86,0.14,0,84.9958,0.1679,0,9.5517,7.963,0,0,0,0,0,9.75,0.310397627253456,0.107994672,0,2018-07-07
"AM",64,0.196400730457773,68.378,62.254,1.336,"1300706",10.54,0,0,7.2221,0,0,5.0633,7.388,0.908,1.146,0,0,2.054,9.16,0.349983638502156,0.107994672,0,2018-07-07
"AM",55,0.151474267232855,282.891,271.4265,0.263,"1300706",79.44,12.05,0,225.2318,34.1522,0,12.4532,4.392,0,0,0,0,0,4.07,0.290743117484806,0.107994672,0,2018-07-07
"AM",160,0.147630120122505,135.632,118.7706,1.751,"1300706",74.46,0,0,101.2222,0,0,17.1941,12.649,0,0,0.85,0,0.85,12.63,0.349752277284587,0.107994672,0,2018-07-07
"AM",23,0.135872623518157,96.389,47.3298,0.632,"1300706",34.1,3.13,0,32.9445,3.0236,0,49.7716,51.52,0,0,0,0,0,51.01,0.310363758596677,0.107994672,0,2018-07-07
"AM",50,0.229910367399878,100.94,94.8226,0.685,"1300706",38.48,36.16,0,38.9274,36.5791,0,7.6575,7.569,0,0.703,0.486,0,1.189,6.27,0.356238101728342,0.107994672,0,2018-07-07
"AM",136,0.0946267583245782,396.512,157.3455,1.124,"1300706",18.3,16.07,0,72.709,63.8793,0,227.6477,57.284,0,0,0.081,0.001,0.082,59.98,0.308709436095882,0.107994672,0,2018-07-07
"AM",45,0.218613462427814,105.388,68.7025,0.851,"1300706",33.6,2.68,0,35.4884,2.8286,0,76.843,72.752,1.621,25.832,0,0,27.453,34.96,0.326271183703365,0.107994672,0,2018-07-07
"AM",46,0.22835763919381,118.835,116.4803,0.513,"1300706",81.53,1.2,0,97.1079,1.4263,0,4.0867,3.431,0,0.132,0.034,0.139,0.305,2.14,0.33328915601787,0.107994672,0,2018-07-07
"AM",206,0.153405712628927,152.507,147.0625,1.821,"1300706",56.72,0,0,86.7024,0,0,7.4884,4.899,0,0,0,0,0,3.79,0.356204670772575,0.107994672,0,2018-07-07
"AM",100,0.268493325643313,117.372,117.3403,1.108,"1300706",99.21,0.58,0,116.7007,0.684,0,0,0,0,0,0,0,0,0,0.348331419269907,0.107994672,0,2018-07-07
"AM",99,0.0917532102085096,436.417,280.8254,0.458,"1300706",36.21,1.95,0,158.3861,8.5425,0,151.5345,34.645,0.122,0.157,0,0,0.279,35.52,0.329868576969932,0.107994672,0,2018-07-07
"AM",22,0.0868860775864288,98.039,91.0969,0.314,"1300706",54.95,0.02,0,53.9901,0.0203,0,7.4834,7.616,0,0,0,0,0,7.29,0.294946728059836,0.107994672,0,2018-07-07
"AM",99,0.123379288390413,320.35,237.8485,0.541,"1300706",49.09,2.66,0,157.618,8.5425,0,82.2203,25.609,0.166,0.168,0,0,0.334,25.54,0.328243478226692,0.107994672,0,2018-07-07
"AM",35,0.0965186354190343,96.724,43.2398,1.052,"1300706",9.89,0,0,9.5873,0,0,55.045,56.782,0,0.917,0,0,0.917,55.4,0.327586080641267,0.107994672,0,2018-07-07
"AM",38,0.140866484915866,96.731,61.8767,0.798,"1300706",19.57,16.29,0,18.9733,15.796,0,61.5377,63.475,6.589,1.929,6.152,3.547,18.217,36.17,0.319399992109758,0.107994672,0,2018-07-07
"AM",119,0.113028667536496,265.866,228.2398,0.678,"1300706",33.22,2.78,0,88.5137,7.4184,0,31.8228,11.943,0,0,0,0.266,0.266,14.34,0.783310074915934,0.107994672,0,2018-07-07
"AM",108,0.0762078984750703,249.473,246.5624,0.569,"1300706",91.85,0.33,0,229.6489,0.8314,0,4.4917,1.796,0,0,0.534,0,0.534,1.22,0.359082374923483,0.107994672,0,2018-07-07
"AM",29,0.129577749380779,73.309,68.4095,0.551,"1300706",10.41,0,0,7.6468,0,0,4.8511,6.603,0,0.968,0,0,0.968,6.89,0.35049793187351,0.107994672,0,2018-07-07
"AM",10,0.0607476903287013,96.177,71.7371,0.181,"1300706",28.52,13.17,0,27.4916,12.6961,0,18.2497,18.933,0.646,1.136,0,0,1.782,18.76,0.298568408561859,0.107994672,0,2018-07-07
"AM",50,0.229910367399878,100.94,94.8227,0.685,"1300706",38.48,36.16,0,38.9274,36.5791,0,7.6574,7.569,0,0.703,0.486,0,1.189,6.27,0.356238101120194,0.107994672,0,2018-07-07
"AM",9,0.109682962022122,47.342,18.7205,0.625,"1300904",25.55,0,0,12.1213,0,0,28.7432,60.576,0,0,0,0,0,60.01,0.443676033173712,0.060729752,0,2019-04-22
"AM",35,0.286676038676214,107.683,53.5466,0.85,"1300904",20.28,0,0,21.8839,0,0,84.1642,77.984,0,0,1.623,11.514,13.137,50.39,0.316439748744605,0.060729752,0,2019-08-28
"AM",7,0.0812743141970474,48.49,16.9998,0.535,"1300904",23.98,3.7,0,11.6562,1.799,0,37.435,77.03,0,0,3.462,0,3.462,65.01,0.333440697861928,0.060729752,0,2019-08-28
"AM",24,0.136139792648304,53.559,11.0691,2.819,"1300904",10.05,7.76,0,5.3971,4.1644,0,42.2833,78.77,0,0,0.129,0,0.129,77.9,0.335903353856363,0.060729752,0,2019-08-28
"AM",16,0.0593721066243389,270.291,90.3331,0.23,"1300904",28.19,7.94,0,76.379,21.5037,0,231.3339,85.396,0,0.469,3.988,1.119,5.576,66.65,0.288035183273193,0.060729752,0,2019-08-28
"AM",5,0.0635096519148932,93.412,12.6368,0.514,"1300904",8.7,0,0,8.1422,0,0,78.9753,84.356,0.76,0,0.57,0,1.33,86.5,0.327220545795902,0.060729752,0,2019-08-28
"AM",26,0.175338086835891,81.565,48.9111,0.691,"1300904",27.56,0,0,22.5269,0,0,31.432,38.45,0,0,0.653,1.742,2.395,39.63,0.251250419412738,0.060729752,0,2019-08-28
"AM",15,0.130027377827915,47.171,9.3662,2.082,"1300904",4.67,13.6,0,2.2083,6.4309,0,36.8274,77.898,0,0,0,0,0,80.19,0.314671009377511,0.060729752,0,2019-08-28
"AM",26,0.115612995187086,79.496,27.3595,1.235,"1300904",28.01,0,0,22.3184,0,0,66.3079,83.224,0,14.921,1.224,0.391,16.536,64.88,0.282281159463504,0.060729752,0,2019-08-28
"AM",61,0.193612163197968,111.59,12.29,6.452,"1300904",9.93,0,0,11.1032,0,0,97.727,87.381,0,0,0,0,0,89.01,0.332012272757791,0.060729752,0,2019-08-28
"AM",10,0.0692487409390665,103.376,5.1252,2.536,"1300904",2.35,0,0,2.4335,0,0,90.494,87.344,0,0,0,0,0,92.34,0.326865547033601,0.060729752,0,2019-08-28
"AM",12,0.269539254651579,38.404,16.9604,0.92,"1300904",42.22,3.02,0,16.2501,1.1637,0,24.0879,62.582,0,0,0,0,0,53.13,0.342825757420389,0.060729752,0,2019-08-28
"AM",24,0.144330879079139,92.458,36.6549,0.851,"1300904",34.76,5.62,0,32.2103,5.2121,0,59.676,64.4,0,0.037,0,1.632,1.669,60.44,0.298293416006903,0.060729752,0,2019-08-28
"AM",11,0.076534122104337,94.093,27.9598,0.511,"1300904",9.54,0,0,8.9926,0,0,53.1706,56.382,0.515,0,0,0,0.515,70.35,0.273398567478468,0.060729752,0,2019-08-28
"AM",8,0.125199662107034,70.35,40.0672,0.26,"1300904",44.12,11.45,0,31.1084,8.0744,0,56.3388,79.905,0,1.225,31.557,1.317,34.099,43.17,0.277426582287728,0.060729752,0,2019-08-28
"AM",12,0.102951461985312,42.038,12.9805,1.202,"1300904",7.58,0,0,3.194,0,0,31.4244,74.585,0,0.225,1.429,3.823,5.477,67.83,0.314892654688546,0.060729752,0,2019-08-28
"AM",30,0.186144287725791,100.281,35.6551,1.094,"1300904",23.78,0,0,23.902,0,0,55.3116,55.033,0,0,2.05,0.172,2.222,64.27,0.475371605802493,0.060729752,0,2019-04-22
"AM",63,0.0755975451846104,236.552,69.1795,1.184,"1300904",13.89,0.14,0,32.9194,0.3247,0,130.4275,55.014,0,0,0,0,0,70.82,0.293398925737837,0.060729752,0,2019-08-28
"AM",13,0.225716166441122,49.809,35.6684,0.474,"1300904",47.59,0.78,0,23.7573,0.3908,0,14.9558,29.958,0,0,0,0,0,28.55,0.45990659270653,0.060729752,0,2019-04-22
"AM",13,0.0730017824121659,160.042,75.8926,0.223,"1300904",31.34,6.91,0,50.2688,11.0786,0,86.3518,53.835,0,0,3.832,0,3.832,52.69,0.485275948336005,0.060729752,0,2019-04-22
"AM",6,0.129171940554563,45.384,16.8987,0.462,"1300904",30.41,0.03,0,13.8322,0.0156,0,29.6369,65.157,0,1.565,0,0,1.565,62.85,0.2636774893871,0.060729752,0,2019-08-28
"AM",66,0.0945919581817208,291.307,73.8411,1.162,"1300904",16.16,2.19,0,47.1659,6.4044,0,238.6677,81.748,0,0.356,5.703,0.584,6.643,74.71,0.415428766027745,0.060729752,0,2019-04-22
"AM",9,0.0872133129692301,201.133,129.2262,0.091,"1300904",34.24,6.28,0,69.0321,12.6664,0,70.5594,35.003,0.441,2.272,0.309,0,3.022,35.41,0.509215491795133,0.060729752,0,2019-04-22
"AM",61,0.193612163197968,111.543,12.2426,6.477,"1300904",9.89,0,0,11.0555,0,0,97.7275,87.419,0,0,0,0,0,89.05,0.33201170415752,0.060729752,0,2019-08-28
"AM",22,0.100218141897305,81.462,27.6,1.036,"1300904",11.23,14.78,0,9.1646,12.0665,0,54.7619,67.074,0,0,0,0,0,65.59,0.314827210219934,0.060729752,0,2019-08-28
"AM",10,0.0630241308432351,129.876,41.9268,0.31,"1300904",5.84,10.91,0,7.5997,14.1949,0,107.6799,82.725,3.681,8.692,1.504,0.478,14.355,67.44,0.332878320075502,0.060729752,0,2019-08-28
"AM",75,0.0853265078809199,278.314,186.5855,0.523,"1300904",40.61,16.06,0,113.2792,44.8023,0,157.2723,56.383,0,0,0,4.776,4.776,33.11,0.296584069426905,0.060729752,0,2019-08-28
"AM",9,0.0329248125650429,125.585,20.6215,0.567,"1300904",6.75,9.73,0,8.49,12.2524,0,108.0694,85.861,0,0,0,0,0,83.62,0.27971895097047,0.060729752,0,2019-08-28
"AM",7,0.0295794967173328,339.347,102.4381,0.089,"1300904",15.5,2.04,0,52.721,6.9393,0,224.2968,65.949,0,0,1.203,0,1.203,67.87,0.456560665998078,0.060729752,0,2019-04-22
"AM",74,0.0773831152364359,301.387,178.1006,0.54,"1300904",37.02,13.07,0,111.8358,39.4878,0,186.1107,61.613,0,0,0,4.284,4.284,41.04,0.295617427794142,0.060729752,0,2019-08-28
"AM",9,0.0616181789653469,97.539,34.0441,0.344,"1300904",14.37,0,0,14.0499,0,0,78.778,80.585,0.637,0,0,7.348,7.985,65.17,0.439370622016027,0.060729752,0,2019-04-22
"AM",13,0.0528093108923949,46.365,26.4655,0.639,"1300904",23.63,0,0,10.9817,0,0,14.0888,30.319,0,0,0,0,0,43.05,0.286206680303463,0.060729752,0,2019-08-28
"AM",51,0.115289176981471,103.983,48.9729,1.354,"1300904",32.98,9.53,0,34.3757,9.9367,0,54.2037,52.011,0,0,0,0.342,0.342,53.01,0.301807775332512,0.060729752,0,2019-08-28
"AM",12,0.106814428120214,75.88,16.8757,0.924,"1300904",14.93,4.94,0,11.3529,3.7573,0,61.5453,80.929,8.284,0,0,0.527,8.811,77.81,0.285694090332251,0.060729752,0,2019-08-28
"AM",35,0.286676038676214,107.683,53.546,0.85,"1300904",20.28,0,0,21.8845,0,0,84.166,77.986,0,0,1.623,11.514,13.137,50.39,0.316440244451153,0.060729752,0,2019-08-28
"AM",7,0.075228376053013,76.735,15.7187,0.579,"1300904",8.69,0,0,6.6819,0,0,56.0192,72.84,0,0,0,0,0,79.56,0.279780556644626,0.060729752,0,2019-08-28
"AM",5,0.133319993327728,44.799,28.6798,0.227,"1300904",20.76,37.38,0,9.3198,16.7812,0,18.7216,41.697,0.99,1.118,0.221,0,2.329,36.12,0.340876845596765,0.060729752,0,2019-08-28
"AM",124,0.192744319845017,161.027,126.2313,1.277,"1300904",15.97,61.82,0,25.7679,99.7681,0,40.8169,25.291,3.471,0,0.882,2.39,6.743,17.4,0.476795688941167,0.060729752,0,2019-04-22
"AM",5,0.0711746099046217,89.01,11.1829,0.581,"1300904",8.11,0,0,7.2375,0,0,76.7204,86,0.798,0,0.598,0,1.396,87.46,0.32730740676408,0.060729752,0,2019-08-28
"AM",18,0.0713685809923358,147.203,61.0555,0.383,"1300904",27.52,2.04,0,40.595,3.017,0,79.7302,54.042,0,0,0,0,0,57.61,0.488997223785369,0.060729752,0,2019-04-22
"AM",41,0.0561790033181968,284.662,104.0594,0.512,"1300904",15.23,7.13,0,43.4603,20.351,0,176.6583,61.92,0,0,0.228,0.291,0.519,63.47,0.306347811693806,0.060729752,0,2019-08-28
"AM",7,0.0480588370147578,51.36,20.7197,0.439,"1300904",18.78,0,0,9.6682,0,0,24.2523,47.114,0,0,0,0,0,59.75,0.283498025464093,0.060729752,0,2019-08-28
"AM",23,0.098759029958021,105.762,20.0911,1.488,"1300904",13.17,0.39,0,13.9569,0.4131,0,71.3685,67.33,0,0.504,0,0,0.504,81.05,0.271171189850187,0.060729752,0,2019-08-28
"AM",9,0.0491148716687041,58.775,10.6325,1.1,"1300904",8.16,10.3,0,4.807,6.0685,0,50.4132,85.584,0,0,0,0,0,81.95,0.282761810953411,0.060729752,0,2019-08-28
"AM",8,0.10362101384345,50.319,16.7041,0.623,"1300904",25.79,0,0,13.0075,0,0,33.0408,65.516,0,0,0,0,0,66.88,0.288769640189704,0.060729752,0,2019-08-28
"AM",8,0.0426932424996878,106.767,46.2,0.225,"1300904",22.1,0,0,23.6528,0,0,69.0186,64.501,23.708,4.012,1.406,0.831,29.957,56.82,0.411081390975482,0.060729752,0,2019-04-22
"AM",11,0.0657660962506345,145.892,39.8415,0.359,"1300904",12.36,9.58,0,18.0702,14.0126,0,101.881,69.677,0,0,0.023,0,0.023,71.93,0.499415182401985,0.060729752,0,2019-04-22
"AM",9,0.0830315237413185,59.496,30.3609,0.385,"1300904",50.11,0,0,29.8817,0,0,29.8072,49.988,2.487,0,0,0,2.487,48.53,0.438340837271071,0.060729752,0,2019-04-22
"AM",18,0.0529257353307654,195.27,36.9707,0.633,"1300904",3.15,7.18,0,6.1659,14.0615,0,156.7522,80.095,0,0,0,0,0,80.69,0.305723315645492,0.060729752,0,2019-08-28
"AM",18,0.170206744526717,100.169,57.6511,0.406,"1300904",32.16,17.23,0,32.2832,17.2943,0,35.2428,35.105,0,0,0,0,0,41.83,0.519002528828694,0.060729752,0,2019-04-22
"AM",7,0.170567168909334,70.433,24.5767,0.37,"1300904",13.58,15.78,0,9.5862,11.1414,0,48.1616,68.227,0,1.72,1.611,0,3.331,64.67,0.273117853253035,0.060729752,0,2019-08-28
"AM",27,0.116642824040911,132.883,36.3207,0.966,"1300904",8.67,0,0,11.5505,0,0,96.2527,72.273,0.003,0,0,0,0.003,72.73,0.440675642198388,0.060729752,0,2019-04-22
"AM",6,0.0517882624700711,101.211,35.2621,0.221,"1300904",5.61,0,0,5.6915,0,0,84.967,83.763,0,0,4.471,3.658,8.129,64.61,0.447976009967761,0.060729752,0,2019-04-22
"AM",16,0.260229942944182,42.869,15.7901,1.317,"1300904",23.93,0.6,0,10.2813,0.2579,0,27.0917,63.056,0,0,0,0,0,63.25,0.45515678277557,0.060729752,0,2019-04-22
"AM",5,0.0390932714047445,151.442,60.9269,0.107,"1300904",19.3,0,0,29.2946,0,0,76.8698,50.645,0,0,0,0,0,59.86,0.264810820860067,0.060729752,0,2019-08-28
"AM",11,0.10612574027602,50.301,15.5421,0.92,"1300904",15.67,4.81,0,7.8997,2.4233,0,32.2601,63.991,0,0,0,0,0,64.72,0.448589861246996,0.060729752,0,2019-04-22
"AM",13,0.17879028935006,33.052,27.3452,0.618,"1300904",7.36,0,0,2.4369,0,0,7.2348,21.84,0,0,0,1.262,1.262,17.45,0.253163473493681,0.060729752,0,2019-08-28
"AM",9,0.0307118559180151,65.641,4.9265,2.375,"1300904",0,0,0,0,0,0,60.3545,91.741,0,0,0.033,0,0.033,92.51,0.424448724355456,0.060729752,0,2019-04-22
"AM",19,0.247860105940655,55.463,22.0778,1.119,"1300904",20.15,7.04,0,11.2018,3.914,0,33.181,59.692,0.424,0,2.659,0.02,3.103,59.76,0.330839702972184,0.060729752,0,2019-08-28
"AM",20,0.11237591467834,57.447,24.1279,1.078,"1300904",28.28,0,0,16.2811,0,0,33.0254,57.361,0,0,0,0,0,58.09,0.27859287010645,0.060729752,0,2019-08-28
"AM",9,0.0830315237413185,59.497,30.3616,0.385,"1300904",50.11,0,0,29.8824,0,0,29.8082,49.988,2.487,0,0,0,2.487,48.53,0.438340864848624,0.060729752,0,2019-04-22
"AM",11,0.138374448496348,34.012,14.9854,0.954,"1300904",12.04,0,0,4.103,0,0,23.7335,69.624,0,0,0,4.25,4.25,56.04,0.262074169416759,0.060729752,0,2019-08-28
"AM",34,0.206412990674407,54.909,32.4631,1.362,"1300904",24.82,5.27,0,13.6614,2.8982,0,19.1355,34.771,0,0,0,0,0,41.01,0.296470609377042,0.060729752,0,2019-08-28
"AM",149,0.25169394274354,201.667,73.2164,2.646,"1300904",25.53,6.12,0,51.607,12.3669,0,121.6914,60.208,0,0,0,0,0,59.99,0.466679742870338,0.060729752,0,2019-04-22
"AM",6,0.0537194466596278,100.579,11.3285,0.689,"1300904",8.53,1.64,0,8.5936,1.6542,0,89.8364,89.119,0,0.541,0,0,0.541,88.56,0.311475877922527,0.060729752,0,2019-08-28
"AM",18,0.248479236348068,48.984,12.7785,1.831,"1300904",16.76,5.51,0,8.2276,2.7041,0,35.5558,72.424,0,0,0,0,0,73.36,0.455612492861928,0.060729752,0,2019-04-22
"AM",13,0.103084408784716,98.87,73.5989,0.23,"1300904",46.86,12.81,0,46.4298,12.6944,0,25.5295,25.764,0,0,0,2.438,2.438,23.85,0.499948074797419,0.060729752,0,2019-04-22
"AM",5,0.00898886816723874,160.528,28.2122,0.23,"1300904",2.38,0,0,3.824,0,0,144.8218,90.015,1.216,0.497,0,3.166,4.879,82.23,0.458937387339742,0.060729752,0,2019-04-22
"AM",8,0.0705625474893612,156.337,11.2785,0.922,"1300904",4.62,0,0,7.2456,0,0,143.8724,91.821,0,0,0.05,0,0.05,92.26,0.348689084769187,0.060729752,0,2019-08-28
"AM",6,0.17160898652121,38.009,24.274,0.321,"1300904",37.11,9.76,0,14.137,3.7194,0,15.2865,40.129,0,0,14.112,0,14.112,36.28,0.292118644842697,0.060729752,0,2019-08-28
"AM",6,0.0323966707566624,87.614,14.5018,0.538,"1300904",7.43,6.65,0,6.5251,5.8355,0,77.6534,88.435,0.113,0,0,0,0.113,83.48,0.285088312653414,0.060729752,0,2019-08-28
"AM",8,0.0344151844011225,45.624,31.0461,0.335,"1300904",27.87,0.05,0,12.743,0.0233,0,36.2604,79.3,0,0,0,0,0,27.89,0.460577451442974,0.060729752,0,2019-04-22
"AM",42,0.165473197690372,96.568,40.6513,1.343,"1300904",37.21,0.99,0,36.0138,0.9626,0,51.9072,53.632,0,0,0,0.322,0.322,57.89,0.325246275361367,0.060729752,0,2019-08-28
"AM",16,0.260229942944182,42.913,15.7955,1.317,"1300904",23.95,0.6,0,10.3014,0.2588,0,27.1268,63.073,0,0,0,0,0,63.27,0.455167321195261,0.060729752,0,2019-04-22
"AM",28,0.248847217923916,64.683,27.3841,1.329,"1300904",31.76,0,0,20.5906,0,0,38.8385,59.912,0,0,0,1.576,1.576,54.97,0.322670372170864,0.060729752,0,2019-08-28
"AM",6,0.0384037397386495,210.158,35.6155,0.219,"1300904",12.79,0,0,26.9302,0,0,175.6741,83.404,0,0,0,0,0,82.8,0.397802594098257,0.060729752,0,2019-04-22
"AM",11,0.19436506316151,7.2,7.2159,1.982,"1300904",0,100,0,0,7.2159,0,0,0,0,0,0,0,0,0,0.187732633861304,0.060729752,0,2019-08-28
"AM",13,0.0903225806451613,47.735,9.4589,1.787,"1300904",0,0,0,0,0,0,34.9528,73.058,0,0,0,0,0,80.23,0.429125484628303,0.060729752,0,2019-04-22
"AM",15,0.128756655499098,101.58,22.9948,0.848,"1300904",1.4,0,0,1.4211,0,0,77.0463,75.678,0,0,0,0.18,0.18,77.41,0.257485296520696,0.060729752,0,2019-08-28
"AM",5,0.0595512106674919,41.014,22.9951,0.283,"1300904",27.4,15.21,0,11.261,6.2503,0,26.9824,65.642,0.067,3.538,12.253,0,15.858,44.06,0.296444521736318,0.060729752,0,2019-08-28
"AM",12,0.114495339376947,98.87,72.5597,0.215,"1300904",44.58,14.33,0,44.1766,14.1971,0,25.3389,25.571,0,0,0,2.401,2.401,23.5,0.500627176257371,0.060729752,0,2019-04-22
"AM",29,0.190029267692537,80.344,32.8932,1.146,"1300904",19.65,19.76,0,15.8218,15.9133,0,49.1247,61.007,4.925,0,1.589,0.594,7.108,54.73,0.334802465603573,0.060729752,0,2019-08-28
"AM",5,0.0210868736211173,344.648,82.0585,0.079,"1300904",17.57,0,0,60.7054,0,0,321.7744,93.156,0.18,11.65,1.72,0.975,14.525,76.24,0.416654483196881,0.060729752,0,2019-04-22
"AM",11,0.0735747676985861,97.431,56.5234,0.253,"1301654",8.78,0,0,8.5778,0,0,57.1192,58.495,2.026,2.942,4.478,1.634,11.08,42.12,2.2907077463589,0.022417828,0,2019-09-17
"AM",7,0.0304470696118062,75.664,26.4105,0.345,"1301654",2.8,0,0,2.125,0,0,54.5152,71.888,0,0.003,0,0,0.003,65.17,2.22577908025238,0.022417828,0,2019-09-17
"AM",10,0.0218322695862099,298.076,109.6213,0.119,"1301654",4.4,0,0,13.1573,0,0,183.3796,61.384,0,0,0,0.179,0.179,63.31,2.21299743954973,0.022417828,0,2019-09-17
"AM",10,0.0729897948556636,75.093,51.472,0.253,"1301654",8.54,0,0,6.4272,0,0,31.9754,42.486,3.44,4.877,2.728,0,11.045,31.61,2.26260965703434,0.022417828,0,2019-09-17
"AM",8,0.01875,98.129,43.8567,0.237,"1301654",0,0,0,0,0,0,53.37,54.266,0,0,0,0,0,55.41,2.32446060442951,0.022417828,0,2019-09-17
"AM",18,0.0240591286317652,312.028,153.1318,0.153,"1301654",13.08,0,0,40.9113,0,0,161.4976,51.642,0.234,0,0,0.428,0.662,51.03,2.22819674296012,0.022417828,0,2019-09-17
"AM",22,0.0136326669041604,380.885,181.4037,0.158,"1301654",1.86,0,0,7.106,0,0,197.4669,51.728,0,0,0.14,0,0.14,52.4,2.24183055897555,0.022417828,0,2019-09-17
"AM",13,0.0241034740576752,272.417,133.6922,0.126,"1301654",0.97,0,0,2.6613,0,0,154.1959,56.476,1.34,7.147,0.196,0.247,8.93,50.77,2.36905302676032,0.022417828,0,2019-09-17
"AM",41,0.117116285177982,139.369,39.035,1.365,"1301654",11.42,0,0,15.9505,0,0,103.9327,74.407,0,0.788,0,0,0.788,72.05,2.30510471587491,0.022417828,0,2019-09-17
"AM",16,0.0265175800760524,295.371,98.9443,0.21,"1301654",4.84,0,0,14.3156,0,0,225.536,76.186,1.266,2.02,0.61,0.137,4.033,66.58,2.26347841708776,0.022417828,0,2019-09-17
"AM",27,0.04935650189069,257.564,150.1056,0.234,"1301654",7.19,0,0,18.5612,0,0,136.6457,52.935,0,0.242,0.726,2.835,3.803,40.74,2.25884289251311,0.022417828,0,2019-09-17
"AM",5,0.0238204842669967,100.193,18.8811,0.344,"1301654",0,0,0,0,0,0,88.8969,88.528,0.55,0.911,3.467,0.001,4.929,81.2,2.29966364490936,0.022417828,0,2019-09-17
"AM",190,0.172900825322647,212.36,196.5273,1.257,"1302405",51.25,16.38,0,109.0719,34.861,0,20.8253,9.785,0,0.883,0,0,0.883,7.66,0.54182312048323,0.149888274,0,2018-07-07
"AM",147,0.19839065033798,334.127,247.7681,0.771,"1302405",48.44,2.39,0,162.1962,8.0175,0,79.076,23.614,0,0,0,0,0,24.16,0.79373713788677,0.149888274,0,2018-07-07
"AM",61,0.137687329477993,337.636,158.1996,0.501,"1302405",28.53,3.43,0,96.5338,11.6214,0,189.9929,56.145,0,0,0.785,0,0.785,53.25,0.446940320718443,0.149888274,0,2018-07-07
"AM",7,0.0583539638397794,94.193,89.6785,0.101,"1302405",38.07,39.25,0,35.9376,37.0535,0,6.9905,7.405,0,0,0.479,1.334,1.813,3.59,0.365452690291604,0.149888274,0,2018-07-07
"AM",130,0.103089367889896,257.855,257.9274,0.655,"1302405",90.98,0,0,235.1172,0,0,0.307,0.119,0,0,0,0,0,0.2,0.497667049401282,0.149888274,0,2018-07-07
"AM",38,0.0663056823509422,102.087,92.7307,0.533,"1302405",68.12,0,0,69.699,0,0,13.3817,13.079,0.738,2.852,0,0,3.59,9.37,0.403590862358701,0.149888274,0,2018-07-07
"AM",34,0.145612387942574,91.851,85.6933,0.516,"1302405",62.7,0,0,57.7239,0,0,6.0291,6.549,0,0,0,0,0,6.91,0.83449360779462,0.149888274,0,2018-07-07
"AM",21,0.0753071273487895,102.432,82.7308,0.33,"1302405",39.77,4.59,0,40.8237,4.7126,0,43.6324,42.501,0,2.123,1.931,0,4.054,19.41,0.316758651043395,0.149888274,0,2018-07-07
"AM",30,0.0612047648796206,97.242,47.8572,0.815,"1302405",17.54,0,0,17.0968,0,0,54.02,55.428,2.019,0,2.099,0,4.118,50.9,0.382447152178148,0.149888274,0,2018-07-07
"AM",34,0.140365187352388,131.085,127.6134,0.346,"1302405",18.42,0,0,24.1992,0,0,0.7707,0.587,0,0,0,0,0,2.87,0.385907410999904,0.149888274,0,2018-07-07
"AM",190,0.120988938652415,266.759,267.2266,0.924,"1302405",55.3,0,0,147.855,0,0,2.2926,0.858,0.466,0.565,0.097,0,1.128,0.02,0.40560758857064,0.149888274,0,2018-07-07
"AM",42,0.214763092228347,77.595,70.7692,0.772,"1302405",34.45,0,0,26.7951,0,0,26.0748,33.529,6.253,0,12.024,0.4,18.677,9,0.370873411800991,0.149888274,0,2018-07-07
"AM",8,0.148343855655972,53.85,45.9709,0.226,"1302405",39.19,0,0,21.1528,0,0,16.1958,30.008,5.106,0,5.418,0.659,11.183,14.82,0.417644490527642,0.149888274,0,2018-07-07
"AM",131,0.276420891779342,79.565,79.7442,2.136,"1302405",93.59,0,0,74.636,0,0,0,0,0,0,0,0,0,0,0.376862113021239,0.149888274,0,2018-07-07
"AM",94,0.0805818975861291,486.416,472.6221,0.259,"1302405",68.17,0.78,0,332.3144,3.8143,0,12.4745,2.559,0,0,0.109,0.003,0.112,2.83,0.488154823031879,0.149888274,0,2018-07-07
"AM",37,0.140866484915866,96.665,61.9866,0.776,"1302405",19.43,15.88,0,18.8244,15.3843,0,61.2191,63.189,6.659,2.417,6.046,3.333,18.455,36.01,0.319506151536178,0.149888274,0,2018-07-07
"AM",261,0.141763809297488,293.496,289.7937,1.171,"1302405",84.4,12.47,0,248.2725,36.6787,0,3.0519,1.038,0,0,0,0,0,0.89,0.455267010037015,0.149888274,0,2018-07-07
"AM",80,0.234598414197905,98.628,96.1852,1.081,"1302405",71.12,8.8,0,70.3015,8.7036,0,3.2481,3.286,1.713,0,1.529,0,3.242,0.64,0.378035393531378,0.149888274,0,2018-07-07
"AM",30,0.0264278111197846,132.885,45.3709,0.86,"1302405",18.39,0,0,24.4903,0,0,86.6763,65.081,0,0,0,0.134,0.134,65.93,0.421705154258488,0.149888274,0,2018-07-07
"AM",232,0.140747809052167,549.589,517.2045,0.583,"1302405",64.7,0,0,356.4031,0,0,44.7021,8.116,0,0.775,0.386,0,1.161,5.76,0.421352716981198,0.149888274,0,2018-07-07
"AM",21,0.163106687025199,70.328,54.2123,0.504,"1302405",0,0,0,0,0,0,18.9873,26.938,0,3.282,0,0,3.282,23.09,0.369279402289832,0.149888274,0,2018-07-07
"AM",24,0.0932031673653471,97.743,27.497,1.135,"1302405",23.67,0,0,23.1834,0,0,73.2735,74.798,1.271,0.023,0.51,0,1.804,71.93,0.379071071890225,0.149888274,0,2018-07-07
"AM",179,0.160702440939697,241.027,225.1462,1.034,"1302405",86.79,1.3,0,209.653,3.133,0,14.577,6.034,0,0,0,0,0,5.95,0.463150422083798,0.149888274,0,2018-07-07
"AM",194,0.138139559659325,485.579,428.1882,0.589,"1302405",61.41,13.98,0,298.8553,68.0556,0,70.8893,14.566,0,0.439,0.64,0,1.079,12.02,0.358735837065947,0.149888274,0,2018-07-07
"AM",15,0.108002885943777,91.412,59.9,0.326,"1302405",46.94,0,0,43.008,0,0,32.0437,34.976,0,0,0.009,0,0.009,34.62,0.387964154995639,0.149888274,0,2018-07-07
"AM",117,0.0936665801722604,179.442,178.5153,0.852,"1302405",68.5,0,0,123.195,0,0,1.648,0.916,0,0,0.046,0,0.046,0.74,0.569352799827891,0.149888274,0,2018-07-07
"AM",30,0.0583799295774843,101.512,54.839,0.711,"1302405",20.33,0,0,20.6866,0,0,51.8895,51.002,3.606,0,2.011,0,5.617,46.1,0.382549255167102,0.149888274,0,2018-07-07
"AM",58,0.150429874774153,96.183,50.3972,1.496,"1302405",35.44,0,0,34.165,0,0,65.6711,68.125,1.107,1.661,11.076,1.338,15.182,47.72,0.3744770592936,0.149888274,0,2018-07-07
"AM",7,0.142864966478745,81.536,81.7185,0.111,"1302405",56.71,0,0,46.344,0,0,0,0,0.475,0,0,0,0.475,0,0.374425112344445,0.149888274,0,2018-07-07
"AM",7,0.141168778770129,81.513,81.6946,0.111,"1302405",57.01,0,0,46.5712,0,0,0,0,0.373,0,0,0,0.373,0,0.374492775258855,0.149888274,0,2018-07-07
"AM",9,0.0622361490464292,94.279,72.0942,0.162,"1302405",28.05,0,0,26.5036,0,0,17.6836,18.715,0,0.753,0,0,0.753,16.76,0.346802476197918,0.149888274,0,2018-07-07
"AM",35,0.168549919256536,90.573,90.7623,0.501,"1302405",69.65,0,0,63.2238,0,0,0.0336,0.037,0,0,0,0,0,0.03,0.40026223394628,0.149888274,0,2018-07-07
"AM",21,0.143186308439941,106.444,104.37,0.262,"1302405",78.3,19.87,0,83.5276,21.1982,0,9.5162,8.92,0,0,0.917,1.084,2.001,1.75,0.356458130162531,0.149888274,0,2018-07-07
"AM",12,0.188239233795643,98.973,93.6087,0.167,"1302405",75.14,0,0,74.5313,0,0,6.2503,6.301,0,0.003,0,0,0.003,5.52,0.342305693762878,0.149888274,0,2018-07-07
"AM",41,0.0951149484877331,101.393,81.2075,0.656,"1302405",58.6,4.22,0,59.5539,4.2847,0,18.4833,18.189,0,0.5,4.031,0,4.531,18.23,0.330902994651856,0.149888274,0,2018-07-07
"AM",35,0.158177616533057,99.051,99.0293,0.459,"1302405",70.5,0,0,69.9908,0,0,0,0,0,0,0,0,0,0.1,0.400189811313968,0.149888274,0,2018-07-07
"AM",41,0.0884896353611874,281.932,218.7155,0.244,"1302405",63.92,0,0,180.6116,0,0,68.9919,24.416,0,0.158,0.001,0,0.159,22.6,0.389370997333595,0.149888274,0,2018-07-07
"AM",32,0.130387417829086,80.71,80.0043,0.52,"1302405",83.92,6.84,0,67.8883,5.5352,0,0,0,0,0,0,0,0,0,0.471849967274631,0.149888274,0,2018-07-07
"AM",81,0.232463847019786,96.772,77.2671,1.363,"1302405",56.11,2.8,0,54.4233,2.7122,0,18.0786,18.64,0.155,0,0,0,0.155,20.33,0.385689409902217,0.149888274,0,2018-07-07
"AM",7,0.0587800077774409,92.623,65.2359,0.139,"1302405",47.36,0.23,0,43.9632,0.2139,0,45.826,49.363,6.339,10.565,2.218,0,19.122,29.73,0.414263156263134,0.149888274,0,2018-07-07
"AM",8,0.160785455393168,76.317,76.4881,0.136,"1302405",90.81,7.44,0,69.4617,5.6912,0,8.154,10.66,0,9.848,0,0,9.848,0,0.391505837352671,0.149888274,0,2018-07-07
"AM",123,0.187940350735026,107.542,105.4501,1.516,"1302405",88.49,4.97,0,95.3751,5.3567,0,0.0233,0.022,0,0,0,0,0,0.02,0.537209121647541,0.149888274,0,2018-07-07
"AM",31,0.164637636114213,99.414,92.0576,0.438,"1302405",37.64,39.45,0,37.5014,39.3092,0,10.0869,10.124,0.714,0,0,0,0.714,5.69,0.329834768238056,0.149888274,0,2018-07-07
"AM",56,0.210028033580732,129.863,122.5206,0.594,"1302405",64.12,6.06,0,83.462,7.8847,0,11.0431,8.485,0,0.441,0,0,0.441,5.87,0.403441270017008,0.149888274,0,2018-07-07
"AM",12,0.103857725717174,102.986,91.7156,0.17,"1302405",56.14,8.94,0,57.9439,9.2286,0,7.9153,7.669,0.603,0,0,0,0.603,7.76,0.396693828049993,0.149888274,0,2018-07-07
"AM",15,0.0876218206464806,101.606,100.4518,0.194,"1302405",63.24,18.65,0,64.3988,18.9949,0,0.2952,0.29,0,0,0,0,0,0.3,0.335630197689695,0.149888274,0,2018-07-07
"AM",128,0.083541882209089,240.265,240.0786,0.693,"1302405",68.3,0,0,164.4722,0,0,0.9495,0.394,0,0.009,0,0,0.009,0.3,0.404957383562944,0.149888274,0,2018-07-07
"AM",220,0.181579395248195,390.741,386.4669,0.74,"1302405",91.39,2.38,0,357.8818,9.3285,0,0.4442,0.113,0,0,0,0.079,0.079,0.11,0.538995963753039,0.149888274,0,2018-07-07
"AM",6,0.109350301316157,79.874,78.984,0.099,"1302405",39.65,0,0,31.7408,0,0,1.9828,2.477,0,0,0,0,0,1.32,0.399070110708241,0.149888274,0,2018-07-07
"AM",71,0.182507524214999,99.07,99.2763,0.93,"1302405",96.35,0,0,95.6652,0,0,0.0232,0.023,0,0,0,0,0,0.02,0.361383477658567,0.149888274,0,2018-07-07
"AM",66,0.121319890834128,342.278,287.7514,0.298,"1302405",10.47,0,0,35.9128,0,0,62.214,18.136,0,0.765,0.342,0.03,1.137,16.12,0.40016361783029,0.149888274,0,2018-07-07
"AM",30,0.0602332606751822,97.269,50.4088,0.774,"1302405",18.83,0,0,18.3609,0,0,51.8709,53.208,1.601,0,2.099,0,3.7,48.29,0.38265004774108,0.149888274,0,2018-07-07
"AM",295,0.135708952055341,397.012,371.5524,1.032,"1302405",81.83,0,0,325.6164,0,0,27.0232,6.791,0.129,0,0.134,0,0.263,6.62,0.459931829570206,0.149888274,0,2018-07-07
"AM",14,0.0980436051638259,101.024,84.8309,0.215,"1302405",45.22,10.61,0,45.785,10.7444,0,50.6143,49.99,1.493,4.377,6.086,0,11.956,16.2,0.307646016316618,0.149888274,0,2018-07-07
"AM",85,0.131493621631118,113.438,109.2325,1.012,"1302405",20.17,0,0,22.9343,0,0,5.9195,5.207,0,1.472,0,0,1.472,3.92,0.554370157710356,0.149888274,0,2018-07-07
"AM",8,0.0989897948556636,63.754,51.5409,0.202,"1302405",16.77,0,0,10.7168,0,0,10.8221,16.937,0,0,0,0,0,19.34,0.390753744396879,0.149888274,0,2018-07-07
"AM",106,0.139069751540749,329.67,282.0265,0.489,"1302405",49.6,6.34,0,163.8663,20.9335,0,83.8864,25.389,0.242,6.306,0,0,6.548,14.41,0.387014062038818,0.149888274,0,2018-07-07
"AM",69,0.0952680131959937,97.581,97.7939,0.917,"1302405",54.09,0,0,52.8955,0,0,0,0,0,0,0,0,0,0.01,0.566768415461571,0.149888274,0,2018-07-07
"AM",5,0.0967495838056168,68.434,67.0337,0.097,"1302405",23.48,0,0,16.1039,0,0,1.5089,2.2,0,0,0,0,0,2.26,0.386972352837089,0.149888274,0,2018-07-07
"AM",58,0.259423504153352,100.566,100.7213,0.749,"1302405",57.82,42.11,0,58.2815,42.4398,0,0,0,0,0,0,0,0,0,0.356178309910774,0.149888274,0,2018-07-07
"AM",5,0.145734000306231,103.276,69.9944,0.093,"1302405",23.92,0,0,24.7568,0,0,36.2076,34.98,0.031,0,0,0,0.031,32.38,0.373074880799932,0.149888274,0,2018-07-07
"AM",5,0.03235284803034,97.479,47.4494,0.137,"1302405",29.42,0,0,28.7391,0,0,83.4915,85.46,4.066,0.787,10.583,1.092,16.528,51.07,0.340952027157778,0.149888274,0,2018-07-07
"AM",68,0.131566282892116,134.255,104.8972,0.843,"1302405",51.32,0,0,69.0496,0,0,35.9701,26.733,0,0.595,0,0,0.595,21.58,0.383420832496396,0.149888274,0,2018-07-07
"AM",105,0.0487763254038123,394.586,223.1031,0.612,"1302405",30.01,0,0,118.6843,0,0,188.6646,47.707,0.202,0.292,0.944,0.887,2.325,43.58,0.49407753550102,0.149888274,0,2018-07-07
"AM",9,0.133355127711608,123.286,122.7695,0.095,"1302405",0,0,0,0,0,0,4.6342,3.75,0.719,0.718,0.47,0,1.907,0.64,0.486202604818363,0.149888274,0,2018-07-07
"AM",71,0.137988074369236,78.519,78.6947,1.173,"1302405",96.78,3.22,0,76.1591,2.5356,0,0,0,0,0,0,0,0,0,0.39560714157639,0.149888274,0,2018-07-07
"AM",113,0.0607218489242823,211.196,142.4581,1.031,"1302405",49.9,0,0,105.6192,0,0,73.0265,34.5,0.672,0,0.732,0.067,1.471,32.7,0.404808516008245,0.149888274,0,2018-07-07
"AM",38,0.269239807896717,74.656,61.7447,0.8,"1302405",57.03,0,0,42.6713,0,0,13.4522,17.979,0,0,0.057,0,0.057,17.48,0.37170804144041,0.149888274,0,2018-07-07
"AM",134,0.102020164678762,255.228,247.8165,0.703,"1302405",54.72,0,0,139.9757,0,0,6.6651,2.606,0,0.702,0.009,0,0.711,1.97,0.548610647905687,0.149888274,0,2018-07-07
"AM",19,0.083844959105562,291.352,291.1613,0.085,"1302405",78.49,5.76,0,229.1941,16.82,0,0.0048,0.002,0,0,0,0.001,0.001,0.2,0.521770472783803,0.149888274,0,2018-07-07
"AM",70,0.151800886263458,193.33,108.2565,0.841,"1302405",39.97,9.12,0,77.4436,17.6796,0,73.7751,38.075,0,0,0,0,0,37.51,0.381785757544171,0.149888274,0,2018-07-07
"AM",21,0.0691532811949433,102.405,82.6978,0.33,"1302405",39.32,4.32,0,40.3578,4.4365,0,43.4362,42.321,0,2.05,2.012,0,4.062,19.42,0.316919132432091,0.149888274,0,2018-07-07
"AM",56,0.116314580197669,99.524,65.3142,1.115,"1302405",10.86,0,0,10.8285,0,0,54.7894,54.928,0.713,10.7,4.883,0,16.296,34.52,0.36722535579442,0.149888274,0,2018-07-07
"AM",447,0.164778724188897,397.305,360.0912,1.614,"1302405",83.96,0,0,334.3268,0,0,39.7109,9.973,0,0,0.201,0,0.201,9.57,0.554881597988551,0.149888274,0,2018-07-07
"AM",23,0.0669847429672039,290.183,156.2315,0.191,"1302405",28.52,0,0,82.9372,0,0,142.4516,48.981,0,1.43,0,0,1.43,46.28,0.388297548054882,0.149888274,0,2018-07-07
"AM",9,0.0992781353194363,94.042,60.3482,0.194,"1302405",50.71,1.71,0,47.7944,1.6108,0,34.0377,36.113,0,0,0,0,0,35.97,0.385637449802278,0.149888274,0,2018-07-07
"AM",85,0.224984946391608,107.706,104.3659,1.059,"1302405",83.83,4.49,0,90.4912,4.8506,0,3.6096,3.344,0.395,0,0,0,0.395,3.1,0.35023005388155,0.149888274,0,2018-07-07
"AM",30,0.0244169994041488,142.402,43.1999,0.903,"1302405",15.56,0,0,22.2029,0,0,98.3633,68.92,0,0,0.101,0.077,0.178,69.73,0.421193252222933,0.149888274,0,2018-07-07
"AM",45,0.188038692709558,67.68,66.9398,0.874,"1302405",95.61,0,0,64.8526,0,0,1.4084,2.076,0,0,0,0,0,1.31,0.368493412267999,0.149888274,0,2018-07-07
"AM",82,0.215099903765095,94.12,77.12,1.382,"1302405",63.97,0,0,60.3393,0,0,16.7806,17.789,0.978,0,0,0,0.978,18.24,0.390294106376459,0.149888274,0,2018-07-07
"AM",33,0.256567905207058,73.009,72.3062,0.593,"1302405",51.51,0,0,37.693,0,0,0,0,0,0,0,0,0,1.15,0.366752396225239,0.149888274,0,2018-07-07
"AM",72,0.240011011557665,99.647,64.01,1.462,"1302405",13.41,43.58,0,13.392,43.52,0,27.8642,27.9,0,0,0,0.076,0.076,33.95,0.306335548038739,0.149888274,0,2018-07-07
"AM",103,0.1414326805445,188.063,168.5575,0.794,"1302405",78.5,2.25,0,147.9595,4.2412,0,20.5854,10.922,0,0,0,0,0,10.57,0.448905576807173,0.149888274,0,2018-07-07
"AM",15,0.144903278399397,93.052,91.5007,0.213,"1302405",46.65,0,0,43.5076,0,0,22.4153,24.036,0,7.878,2.191,4.002,14.071,1.88,0.406608110650813,0.149888274,0,2018-07-07
"AM",11,0.0329230181276787,133.348,25.7142,0.556,"1302405",0,0,0,0,0,0,112.6418,84.282,0,0,1.178,0.176,1.354,80.76,0.435338053148517,0.149888274,0,2018-07-07
"AM",61,0.150311368869045,68.745,66.8318,1.187,"1302405",28.09,0,0,19.3561,0,0,2.0822,3.022,0,1.44,0,0,1.44,1,0.349171074726205,0.149888274,0,2018-07-07
"AM",21,0.191182171857994,47.3,46.6939,0.585,"1302405",76.22,7.47,0,36.1319,3.5418,0,0.9783,2.064,0,0,0,0,0,0,0.389290763501946,0.149888274,0,2018-07-07
"AM",32,0.0897947321298301,114.249,71.9598,0.578,"1302405",18.34,0,0,21.0039,0,0,59.4667,51.934,1.631,4.116,5.098,0.233,11.078,37.16,0.372723997676639,0.149888274,0,2018-07-07
"AM",30,0.0244169994041488,142.354,45.2302,0.862,"1302405",16.96,0,0,24.1955,0,0,96.0343,67.311,0,0,0,0.125,0.125,68.3,0.421333139237068,0.149888274,0,2018-07-07
"AM",81,0.228445117486195,90.73,90.5259,1.163,"1302405",85.7,11.99,0,77.9273,10.8994,0,0,0,0,0,0,0,0,0,0.498788878108207,0.149888274,0,2018-07-07
"AM",92,0.23020089625053,96.76,77.4106,1.545,"1302405",56.43,2.58,0,54.7248,2.503,0,17.9449,18.504,0.153,0,0,0,0.153,20.18,0.385810836268699,0.149888274,0,2018-07-07
"AM",99,0.102188946950294,273.177,272.9911,0.471,"1302405",95.85,0,0,262.4311,0,0,0.7088,0.259,0,0,0,0,0,0.29,0.499095498064075,0.149888274,0,2018-07-07
"AM",332,0.110032453335201,389.533,388.7109,1.11,"1302405",86.95,3.81,0,339.4614,14.8602,0,0,0,0,0,0,0,0,0,0.522207937379688,0.149888274,0,2018-07-07
"AM",90,0.0427833122429999,362.319,320.5506,0.365,"1302405",70.44,1.57,0,255.7815,5.6864,0,40.6948,11.207,0,0.416,0.171,0.051,0.638,11.73,0.499984653539738,0.149888274,0,2018-07-07
"AM",51,0.176476125728036,99.925,100.1465,0.662,"1302405",74.99,10.7,0,75.0982,10.7169,0,0.0136,0.014,0,0,0,0,0,0,0.411844716636653,0.149888274,0,2018-07-07
"AM",274,0.170345727061966,400.678,330.9511,1.076,"1302405",51.37,0,0,206.3079,0,0,85.7864,21.362,0.288,2.341,0.132,0,2.761,17.02,0.39653617288732,0.149888274,0,2018-07-07
"AM",109,0.164153336057355,287.4,281.2095,0.504,"1302405",73.4,11.64,0,211.4196,33.5394,0,5.6456,1.96,0,0.013,0.046,0,0.059,2.37,0.465482495788664,0.149888274,0,2018-07-07
"AM",185,0.107272771662124,337.04,337.7817,0.712,"1302405",73.65,0.15,0,248.7823,0.4961,0,0,0,0,0,0,0,0,0,0.525675892401936,0.149888274,0,2018-07-07
"AM",11,0.215520012116262,123.265,112.9867,0.127,"1302405",16.86,0,0,20.8329,0,0,5.2517,4.251,0.647,0.2,1.973,0.006,2.826,7.75,0.482197072611807,0.149888274,0,2018-07-07
"AM",155,0.0606448692805764,321.95,306.0716,0.658,"1302405",49.82,23.65,0,160.7553,76.3273,0,21.9494,6.802,0,1.721,0.056,0,1.777,5.14,0.530927207527142,0.149888274,0,2018-07-07
"AM",73,0.225749676874433,143.819,143.8268,0.66,"1302405",77.19,0,0,111.2591,0,0,1.1113,0.771,0,0,0.19,0,0.19,0.22,0.494643247217902,0.149888274,0,2018-07-07
"AM",48,0.0676136665525842,103.053,92.3602,0.676,"1302405",71.41,0,0,73.7548,0,0,19.2972,18.684,0,0.774,0.946,2.148,3.868,10.58,0.571903913408064,0.149888274,0,2018-07-07
"AM",35,0.0886103457179776,102.315,93.041,0.489,"1302405",27.31,0,0,28.0002,0,0,15.2073,14.83,2.717,0,4.161,0.122,7,8.75,0.412478683050802,0.149888274,0,2018-07-07
"AM",12,0.188239233795643,98.972,93.6082,0.167,"1302405",75.14,0,0,74.5315,0,0,6.2498,6.301,0,0.003,0,0,0.003,5.52,0.342305797451206,0.149888274,0,2018-07-07
"AM",53,0.116845637136884,302.656,142.5894,0.483,"1302405",16.4,2.06,0,49.7546,6.2385,0,214.1166,70.588,0,0.065,14.837,0.22,15.122,52.99,0.453869324664404,0.149888274,0,2018-07-07
"AM",79,0.159714022122695,55.065,45.0379,2.28,"1302405",76.05,0,0,41.9722,0,0,11.5645,20.955,0,0.713,0,0,0.713,18.39,0.37696700575716,0.149888274,0,2018-07-07
"AM",71,0.173775303150282,108.393,108.4134,0.851,"1302405",70.53,18.39,0,76.6243,19.9822,0,0,0,0,0,0,0,0,0,0.362155862740042,0.149888274,0,2018-07-07
"AM",27,0.103085285053373,97.743,27.4598,1.278,"1302405",23.36,0,0,22.8812,0,0,73.2818,74.807,1.271,0.133,0.433,0,1.837,71.97,0.379225520052586,0.149888274,0,2018-07-07
"AM",6,0.115601693574094,66.019,63.5767,0.123,"1302405",66.07,0,0,43.7137,0,0,22.2156,33.575,0,27.105,0,0,27.105,3.92,0.389666459599563,0.149888274,0,2018-07-07
"AM",14,0.0573287977136282,69.345,38.3464,0.475,"1302405",14.64,0,0,10.1743,0,0,41.3003,59.425,9.644,6.85,0,0.384,16.878,44.83,0.411430930956758,0.149888274,0,2018-07-07
"PA",11,0.112360956446232,37.13,37.2137,0.384,"1500347",83.38,0,0,31.0275,0,0,0,0,6.042,0,0,0,6.042,0,0.15148103180224,4.451723678,0.394079848114367,2018-07-04
"PA",72,0.131976350441119,269.76,244.217,0.383,"1500347",78.44,0,0,212.0635,0,0,33.3029,12.318,0,1.19,0,0,1.19,9.67,0.243883373029391,4.451723678,0.394079848114367,2018-07-04
"PA",100,0.139323096384306,199.017,166.8201,0.779,"1500347",63.28,3.41,0,126.2267,6.7935,0,33.845,16.968,0,0,0,0,0,16.37,0.231999512904964,4.451723678,0.394079848114367,2018-07-04
"PA",50,0.26047584659631,56.961,55.7103,1.167,"1500347",87.62,0,0,50.0236,0,0,1.1724,2.054,0,0,0,0,0,2.41,0.362622867498962,4.451723678,0.394079848114367,2018-06-01
"PA",7,0.180064487849264,41.254,41.3463,0.22,"1500347",89.51,0,0,37.0104,0,0,0.0146,0.035,0,0,0,0,0,0,0.29060588856279,4.451723678,0.394079848114367,2018-07-07
"PA",18,0.104094386426722,87.872,88.0683,0.266,"1500347",64.48,0,0,56.7844,0,0,0,0,0,0,0,0,0,0,0.165219965228422,4.451723678,0.394079848114367,2018-07-04
"PA",138,0.0790523284138782,589.734,548.3113,0.327,"1500347",75.72,0,0,447.5575,0,0,44.8176,7.583,0.187,0.107,0,0,0.294,6.56,0.159497406789036,4.451723678,0.394079848114367,2018-07-04
"PA",11,0.171478728005048,50.553,50.6013,0.283,"1500347",96.86,0,0,49.0743,0,0,0,0,0,0,0,0,0,0.13,0.195048885359896,4.451723678,0.394079848114367,2018-07-04
"PA",23,0.190815269667488,55.587,55.7119,0.537,"1500347",60.62,39.38,0,33.7737,21.9382,0,0,0,0,0,0,0,0,0,0.292101811834778,4.451723678,0.394079848114367,2018-07-07
"PA",23,0.0973045890484945,136.961,134.764,0.222,"1500347",93.37,0.31,0,128.1731,0.421,0,5.1542,3.755,0.336,0.445,0.585,0,1.366,1.82,0.386620619554392,4.451723678,0.394079848114367,2018-06-01
"PA",37,0.0565685424949238,40.218,37.8372,1.271,"1500347",67.93,0,0,27.3815,0,0,3.7566,9.32,7.848,1.331,0,0,9.179,6.13,0.172594948755789,4.451723678,0.394079848114367,2018-07-04
"PA",26,0.0761558923831423,96.87,84.2253,0.401,"1500347",75.8,0.4,0,73.5896,0.3924,0,13.7205,14.132,9.655,0,0.519,0.87,11.044,13.25,0.331229044957672,4.451723678,0.394079848114367,2018-07-07
"PA",21,0.139797370927964,74.27,74.4365,0.367,"1500347",98.02,0,0,72.9637,0,0,0,0,0,0,0,0,0,0,0.166212021232924,4.451723678,0.394079848114367,2018-07-04
"PA",144,0.0759831722579342,489.846,484.78,0.386,"1500347",90.11,1.94,0,442.383,9.5357,0,14.2097,2.894,0.783,0.575,0.127,0.064,1.549,1.16,0.207146922196989,4.451723678,0.394079848114367,2018-07-04
"PA",71,0.101382563911475,260.61,261.1933,0.353,"1500347",84.49,15.51,0,220.6844,40.5089,0,0,0,0,0,0,0,0,0,0.20666631688783,4.451723678,0.394079848114367,2018-07-04
"PA",137,0.0499213662584287,664.889,540.3507,0.33,"1500347",64.99,1.86,0,433.0536,12.3939,0,115.4195,17.32,0,0,0.148,0.04,0.188,18.91,0.176450127332109,4.451723678,0.394079848114367,2018-07-04
"PA",113,0.163069906860355,149.025,149.3589,0.984,"1500347",88.5,0,0,132.1752,0,0,0,0,0,0,0,0,0,0,0.168193130622527,4.451723678,0.394079848114367,2018-07-04
"PA",106,0.133537458036629,281.126,276.3098,0.499,"1500347",81.57,1.44,0,229.8247,4.0616,0,2.2394,0.795,0,0,0,0,0,0.63,0.328685992683922,4.451723678,0.394079848114367,2018-06-01
"PA",30,0.150486932298959,44.986,45.0869,0.865,"1500347",49.59,0,0,22.3575,0,0,0,0,0.142,0,0,0,0.142,0,0.152429894249484,4.451723678,0.394079848114367,2018-07-04
"PA",34,0.128693210864256,102.602,100.1505,0.441,"1500347",80.97,0,0,83.2645,0,0,3.4988,3.402,0.212,0,0.337,0,0.549,2.61,0.357204328007966,4.451723678,0.394079848114367,2018-06-01
"PA",26,0.153863046152958,107.923,101.7171,0.332,"1500347",81.9,0,0,88.592,0,0,6.3502,5.871,0,0,0,0,0,5.96,0.320784792372288,4.451723678,0.394079848114367,2018-06-01
"PA",67,0.0777332881893247,223.266,207.9452,0.419,"1500347",63.25,0,0,141.5371,0,0,28.2457,12.623,0,0.439,3.635,0,4.074,7.07,0.190191118223947,4.451723678,0.394079848114367,2018-07-04
"PA",66,0.0567148688272271,119.233,88.5736,0.969,"1500347",39.74,0,0,47.4907,0,0,32.2494,26.987,0,0,0,0,0,25.88,0.235726890801515,4.451723678,0.394079848114367,2018-07-04
"PA",28,0.0724188913572043,223.874,199.1953,0.183,"1500347",65.79,0,0,147.6131,0,0,35.4827,15.814,2.309,0.239,0,0,2.548,11.22,0.192803698981828,4.451723678,0.394079848114367,2018-07-04
"PA",35,0.0902969885868222,98.987,99.2065,0.459,"1500347",99.88,0.12,0,99.0864,0.1201,0,6.5364,6.589,0,0.631,2.443,0.856,3.93,0,0.318787568130425,4.451723678,0.394079848114367,2018-07-07
"PA",46,0.115671107681339,139.76,140.0731,0.427,"1500347",87.46,12.54,0,122.5077,17.5654,0,0,0,0,0,0,0,0,0,0.182291230244395,4.451723678,0.394079848114367,2018-07-04
"PA",10,0.0670069841429707,54.784,50.9268,0.255,"1500347",75.98,10.9,0,41.7197,5.9875,0,7.8662,14.326,2.972,0,0,0,2.972,7.25,0.330715430334981,4.451723678,0.394079848114367,2018-07-07
"PA",34,0.0369351126577998,121.258,107.3414,0.412,"1500347",66.38,0,0,80.6756,0,0,15.7846,12.988,0.014,0,0,0,0.014,11.67,0.320698521759433,4.451723678,0.394079848114367,2018-07-07
"PA",7,0.090304793552275,42.273,42.3676,0.215,"1500347",98.13,0,0,41.5749,0,0,1.8004,4.249,0.667,0,0,0,0.667,0,0.165239509507004,4.451723678,0.394079848114367,2018-07-04
"PA",21,0.109025674100428,45.824,45.9267,0.594,"1500347",100,0,0,45.9267,0,0,0,0,0,0,0,0,0,0,0.152645864353793,4.451723678,0.394079848114367,2018-07-04
"PA",324,0.163376921576891,370.265,371.0933,1.135,"1500347",80.2,0,0,297.6262,0,0,0.0894,0.024,0.145,0,0,0,0.145,0,0.217514917282076,4.451723678,0.394079848114367,2018-07-04
"PA",39,0.0429635071666941,174.647,175.0374,0.29,"1500347",82.59,1.39,0,144.5658,2.4292,0,0,0,0,0,0,0,0,0,0.181457884141181,4.451723678,0.394079848114367,2018-07-04
"PA",6,0.0648483955905688,106.862,91.6098,0.085,"1500347",72.5,20.08,0,77.6468,21.506,0,44.8404,41.867,0,2.238,8.448,0.795,11.481,13.55,0.34194329035358,4.451723678,0.394079848114367,2018-06-01
"PA",67,0.0763817184353888,267.887,199.8951,0.436,"1500347",57.62,13.89,0,154.6889,37.2822,0,70.4545,26.241,0,0,0,0,0,25.55,0.244412677820652,4.451723678,0.394079848114367,2018-07-04
"PA",62,0.101944947305047,108.173,96.1125,0.839,"1500347",72.42,13.3,0,78.5156,14.4234,0,24.4431,22.546,0,0.495,4.288,0,4.783,11.35,0.327688094644658,4.451723678,0.394079848114367,2018-06-01
"PA",28,0.20238400342737,107.616,107.8574,0.337,"1500347",87.24,12.76,0,94.0985,13.7588,0,0,0,0,0,0,0,0,0,0.34957519639848,4.451723678,0.394079848114367,2018-06-01
"PA",17,0.0613893604569265,89.389,85.9696,0.257,"1500347",64.45,0.59,0,57.7436,0.5321,0,7.5663,8.446,1.696,0,1.86,0.305,3.861,4.04,0.31065951903043,4.451723678,0.394079848114367,2018-07-07
"PA",66,0.079929280777096,175.024,174.6136,0.491,"1500347",89.9,0.01,0,157.6905,0.0193,0,8.0067,4.564,0.561,0.877,1.886,0.229,3.553,0.04,0.368568326160428,4.451723678,0.394079848114367,2018-06-01
"PA",7,0.0795709104697997,35.602,35.6816,0.255,"1500347",95.5,0,0,34.0762,0,0,0.0453,0.127,0,0,0,0,0,0,0.17986334397266,4.451723678,0.394079848114367,2018-07-04
"PA",50,0.099016355540402,209.124,208.775,0.311,"1500347",96.5,3.1,0,202.2632,6.4995,0,1.1863,0.566,0.767,0,0,0,0.767,0.39,0.298424811750598,4.451723678,0.394079848114367,2018-07-07
"PA",46,0.0475031803974056,311.334,298.6319,0.2,"1500347",83.91,0.01,0,261.8269,0.0443,0,24.0537,7.709,0.286,0,1.746,0.914,2.946,3.76,0.308106328480769,4.451723678,0.394079848114367,2018-07-07
"PA",7,0.050170158738152,108.315,107.5066,0.085,"1500347",91.2,8.36,0,99.0092,9.0784,0,25.9369,23.892,1.153,0.49,20.511,3.428,25.582,0.97,0.298313404259676,4.451723678,0.394079848114367,2018-07-07
"PA",57,0.125122720420354,177.646,176.97,0.419,"1500347",87.54,11.85,0,155.8672,21.1028,0,2.1455,1.205,0,0,0,0,0,0.6,0.29078104640236,4.451723678,0.394079848114367,2018-07-07
"PA",10,0.0986823411160829,68.179,68.3316,0.19,"1500347",83.13,16.87,0,56.8018,11.5298,0,9.6529,14.127,2.283,12.557,0,0,14.84,0,0.228376690315659,4.451723678,0.394079848114367,2018-07-04
"PA",37,0.0735227044959082,157.976,158.33,0.304,"1500347",91.43,0,0,144.7554,0,0,0,0,0,0,0,0,0,0,0.203089920352501,4.451723678,0.394079848114367,2018-07-04
"PA",138,0.108882685860537,219.871,219.8671,0.816,"1500347",51.18,0,0,112.786,0,0,0,0,0,0,0,0,0,0,0.18736496252022,4.451723678,0.394079848114367,2018-07-04
"PA",10,0.059711369958761,57.038,30.5459,0.426,"1500404",18.47,0,0,10.5562,0,0,31.9523,55.894,0,0.694,4.61,0.03,5.334,46.57,0.680168442712729,0.074545372,0,2019-07-30
"PA",27,0.0952245361050816,140.078,123.3944,0.284,"1500404",2.26,0,0,3.1776,0,0,18.2563,13.004,2.892,0.452,0,0,3.344,12.11,0.673688601613075,0.074545372,0,2019-07-30
"PA",6,0.0831986646363588,39.912,16.4829,0.473,"1500404",10.49,0,0,4.1948,0,0,28.2291,70.569,8.301,3.297,5.932,3.261,20.791,58.79,0.965898510335998,0.074545372,0,2019-07-05
"PA",18,0.219699102117361,19.744,19.724,1.186,"1500404",27.34,0,0,5.4102,0,0,1.0681,5.398,0,0.449,3.781,0,4.23,0.32,0.669499286184717,0.074545372,0,2019-07-30
"PA",15,0.127254536355992,34.267,21.6204,0.902,"1500404",34.62,0,0,11.8882,0,0,12.7616,37.159,0,7.292,0,0,7.292,30.44,1.0335791359218,0.074545372,0,2019-07-05
"PA",20,0.150654272015179,43.555,40.6071,0.64,"1500404",35.41,0,0,15.4573,0,0,3.4836,7.98,2.773,3.226,0,0,5.999,6.98,0.709858719687589,0.074545372,0,2019-07-30
"PA",13,0.0806186217847897,50.348,50.4007,0.335,"1500404",36.08,0.05,0,18.2041,0.0232,0,1.4251,2.824,4.457,2.646,0,0,7.103,0.12,0.714682119607374,0.074545372,0,2019-07-30
"PA",12,0.142860020171263,62.102,34.9002,0.447,"1500404",0,0,0,0,0,0,45.3689,72.892,6.565,17.901,1.768,3.182,29.416,43.93,1.10750216143856,0.074545372,0,2019-07-05
"PA",9,0.0564906698590146,47.53,17.3791,0.673,"1500404",12.53,0,0,5.9681,0,0,37.7287,79.202,12.14,12.103,1.293,0.944,26.48,59.36,0.979109907551186,0.074545372,0,2019-07-05
"PA",17,0.129556343352751,36.772,36.7525,0.601,"1500404",15.35,0,0,5.6562,0,0,0.1489,0.404,0,0,0,0,0,0.28,0.686825185281455,0.074545372,0,2019-07-30
"PA",10,0.0653197264742181,50.816,26.0843,0.498,"1500404",0,0,0,0,0,0,17.1955,33.763,4.18,3.606,0,0,7.786,48.78,1.04482167374637,0.074545372,0,2019-07-05
"PA",18,0.132085975108143,38.824,20.7949,1.125,"1500404",0,0,0,0,0,0,18.8698,48.495,0.249,0,0,0,0.249,46.56,0.997005233689986,0.074545372,0,2019-07-05
"PA",22,0.0849860838940867,66.979,47.419,0.603,"1500404",2.87,0,0,1.9297,0,0,33.4005,49.756,0,17.256,5.335,0.062,22.653,29.36,1.06274707259557,0.074545372,0,2019-07-05
"PA",6,0.0743841079140897,99.293,44.871,0.174,"1500404",43.75,0,0,43.5378,0,0,63.7596,64.07,12.003,0.994,1.632,1.591,16.22,54.91,1.10600104444129,0.074545372,0,2019-07-05
"PA",14,0.190405888501713,25.566,25.3891,0.717,"1500404",40.95,0,0,10.4919,0,0,3.1293,12.213,0,0.336,3.791,0,4.127,0.92,0.669167019384315,0.074545372,0,2019-07-30
"PA",12,0.18061862178479,28.514,13.911,1.121,"1500404",2.54,0,0,0.7245,0,0,22.7084,79.46,4.789,12.608,1.889,1.068,20.354,51.32,0.708022795428049,0.074545372,0,2019-07-30
"PA",42,0.0723959406062121,294.927,154.5533,0.353,"1500404",28.3,0,0,83.6367,0,0,122.3522,41.393,8.397,1.864,1.198,0.028,11.487,46.33,1.07332464492293,0.074545372,0,2019-07-05
"PA",6,0.015480725544864,428.113,158.1671,0.049,"1500404",0,0,0,0,0,0,273.9488,63.847,0.11,0.252,0,1.132,1.494,62.85,1.0616816891103,0.074545372,0,2019-07-05
"PA",7,0.0503828571608421,49.543,4.5479,2.001,"1500404",0,0,0,0,0,0,45.244,91.12,4.391,0.238,1.449,1.028,7.106,90.84,0.991693819052067,0.074545372,0,2019-07-05
"PA",17,0.0389890497271289,139.483,122.33,0.181,"1500404",3.53,0,0,4.9341,0,0,19.9224,14.251,0.811,0,0,0,0.811,11.71,0.700520685797343,0.074545372,0,2019-07-30
"PA",5,0.111111111111111,28.703,11.7048,0.555,"1500404",5.78,0,0,1.6637,0,0,18.6858,64.954,1.054,3.509,2.863,1.034,8.46,59.31,0.685423391380615,0.074545372,0,2019-07-30
"PA",8,0.0489349901019211,91.835,35.8188,0.29,"1500404",7.64,0,0,7.0331,0,0,51.9508,56.443,6.303,1.007,0.299,0,7.609,60.96,1.05735850606732,0.074545372,0,2019-07-05
"PA",5,0.0859931965704424,23.824,17.6762,0.368,"1500404",0,0,0,0,0,0,5.5942,23.429,0.94,0.003,3.349,0,4.292,25.97,1.01449772254781,0.074545372,0,2019-07-05
"PA",10,0.0821694760242015,72.266,37.4762,0.347,"1500404",21.51,0,0,15.5773,0,0,20.0538,27.688,1.583,2.609,3.23,0.799,8.221,31.17,1.06825280600452,0.074545372,0,2019-07-05
"PA",14,0.10377097434822,71.874,36.6753,0.496,"1500404",23.15,0,0,16.6774,0,0,20.0996,27.903,2.537,3.603,3.096,0.418,9.654,31.29,1.06838593126797,0.074545372,0,2019-07-05
"PA",7,0.209972895570472,17.259,16.7399,0.544,"1500404",30.19,0,0,5.2215,0,0,0.5495,3.177,0,0,0,0,0,3.22,0.666218824442136,0.074545372,0,2019-07-30
"PA",8,0.176889917987346,12.437,11.0844,0.938,"1500404",27.94,0,0,3.483,0,0,0.5122,4.109,0,0,0,0,0,3.91,0.660827962458765,0.074545372,0,2019-07-30
"PA",45,0.112334319297088,73.734,71.0944,0.823,"1500404",42.36,0,0,31.3023,0,0,20.9093,28.295,0,0,0,0,0,3.79,0.666133229382407,0.074545372,0,2019-07-30
"PA",7,0.119149970366837,34.427,30.2087,0.301,"1500404",0,0,0,0,0,0,1.8504,5.363,0.482,0.268,0.431,0,1.181,12.45,1.03662365471571,0.074545372,0,2019-07-05
"PA",23,0.176490057165878,37.574,36.5661,0.818,"1500404",55.49,0,0,20.8978,0,0,0.9316,2.474,0,0,0,0,0,2.57,0.658930249887874,0.074545372,0,2019-07-30
"PA",8,0.123743340026832,37.131,28.6084,0.364,"1500404",20.27,0,0,7.5427,0,0,12.4997,33.589,0,0,0,2.538,2.538,23.12,0.687371623162414,0.074545372,0,2019-07-30
"PA",47,0.129017107152317,65.273,59.2555,1.031,"1500404",6.36,0,0,4.1598,0,0,29.9642,45.803,2.75,25.724,10.864,0,39.338,9.31,0.692619286365203,0.074545372,0,2019-07-30
"PA",8,0.129932295550137,38.505,30.5535,0.34,"1500404",0,0,0,0,0,0,8.9637,23.227,5.827,1.524,0.95,0,8.301,20.83,0.707782324373696,0.074545372,0,2019-08-19
"PA",23,0.204524443033183,34.312,30.3921,0.984,"1500404",12.14,0,0,4.1749,0,0,5.3448,15.542,0,0,3.924,0,3.924,11.62,0.664590156612958,0.074545372,0,2019-07-30
"PA",12,0.100278441571522,71.659,52.7922,0.295,"1500404",5.75,0,0,4.1321,0,0,15.851,22.071,0,0,0,0,0,24.72,1.02009701471857,0.074545372,0,2019-07-05
"PA",49,0.144966868060513,133.555,128.3155,0.496,"1500404",10.52,0,0,14.0859,0,0,7.6717,5.731,0,0.623,0.17,0,0.793,4.14,0.671440099792559,0.074545372,0,2019-07-30
"PA",17,0.146523097611552,61.443,41.3567,0.534,"1500404",23.41,0,0,14.4162,0,0,26.4108,42.888,9.597,0.034,0.239,8.011,17.881,30.16,1.05369388899726,0.074545372,0,2019-07-05
"PA",16,0.158205089916425,47.164,40.8024,0.51,"1500404",57.89,0,0,27.3643,0,0,3.9916,8.444,0,0,0,0,0,13.68,0.656502922631691,0.074545372,0,2019-07-30
"PA",7,0.147493647433382,9.448,9.2168,0.987,"1500404",68.67,0,0,6.5024,0,0,0.7385,7.799,0,0,0,0,0,2.66,0.668663474501615,0.074545372,0,2019-07-30
"PA",10,0.0931186217847897,49.739,35.9839,0.361,"1500404",25.93,0,0,12.9241,0,0,18.4308,36.972,5.885,0,9.77,0,15.655,27.82,0.715751025521753,0.074545372,0,2019-07-30
"PA",5,0.08,31.818,30.7051,0.212,"1500404",59.13,19.74,0,18.8571,6.2944,0,4.0745,12.777,0.57,0.748,5.432,0,6.75,3.71,0.719180642852615,0.074545372,0,2019-07-30
"PA",28,0.081060494488211,45.253,34.4066,1.058,"1500404",12.41,0,0,5.6284,0,0,9.3458,20.606,0,0,0,0,0,24.14,0.68350438540939,0.074545372,0,2019-07-30
"PA",8,0.0779188841433611,78.943,76.2966,0.136,"1500404",59.59,0,0,47.1478,0,0,1.7991,2.274,0,0,0,0,0,3.57,0.713226866073378,0.074545372,0,2019-07-30
"PA",44,0.145188310247285,99.586,85.1112,0.672,"1500404",4.22,0,0,4.2104,0,0,14.182,14.209,0,1.803,0,0,1.803,14.28,0.686234168711967,0.074545372,0,2019-07-30
"PA",15,0.127254536355992,34.267,21.6483,0.901,"1500404",34.51,0,0,11.8523,0,0,12.7492,37.122,0,7.308,0,0,7.308,30.4,1.03358976068649,0.074545372,0,2019-07-05
"PA",26,0.197979589711327,30.634,30.7026,1.101,"1500404",0,0,0,0,0,0,0,0,0,0,0,0,0,0,0.695943005854599,0.074545372,0,2019-07-30
"PA",20,0.0603438997013894,120.506,102.8431,0.253,"1500404",17.44,0,0,21.0583,0,0,6.3172,5.23,1.032,0,0.829,0,1.861,14.85,0.688043706845292,0.074545372,0,2019-08-19
"PA",34,0.0790822476298918,92.048,68.3337,0.647,"1500404",9.71,0,0,8.9582,0,0,42.3482,45.904,16.947,13.615,0,3.362,33.924,25.93,1.08885625835435,0.074545372,0,2019-07-05
"PA",44,0.230750990821172,42.356,39.6673,1.442,"1500404",27.12,0,0,11.5144,0,0,3.0098,7.09,0,0,0,0,0,5.74,0.68829123721064,0.074545372,0,2019-07-30
"PA",6,0.174535599249993,19.988,19.9499,0.391,"1500404",8.11,0,0,1.624,0,0,0.5682,2.836,0,0,0,0,0,0.42,0.694913045102548,0.074545372,0,2019-07-30
"PA",13,0.198986024151536,67.148,63.5478,0.266,"1500404",70.86,1,0,47.6869,0.6739,0,4.8373,7.188,1.604,2.31,0,0,3.914,4.52,0.725076972098363,0.074545372,0,2019-07-30
"PA",50,0.151355888238344,171.13,109.7035,0.593,"1500404",18.88,0,0,32.3864,0,0,39.5065,23.034,15.748,0.01,0.367,0.353,16.478,27.23,1.0574519150417,0.074545372,0,2019-07-05
"PA",6,0.05,18.108,16.3434,0.477,"1500404",48.18,0,0,8.7436,0,0,0.8377,4.616,0,0,0,0,0,6.81,1.03284523538716,0.074545372,0,2019-07-05
"PA",5,0.0862372435695794,23.625,20.7744,0.313,"1500404",34.95,0,0,8.2767,0,0,2.7973,11.814,0,4.943,0,0,4.943,12.26,0.667378453602413,0.074545372,0,2019-07-30
"PA",18,0.0992229191197412,42.022,34.9503,0.67,"1500404",62.92,0,0,26.5016,0,0,25.4702,60.476,2.777,16.443,28.104,0,47.324,14.99,1.07992992822281,0.074545372,0,2019-07-05
"PA",18,0.220732318795193,70.176,62.8416,0.372,"1500404",66.89,0.97,0,47.0462,0.6838,0,7.9687,11.33,1.535,2.302,0,0,3.837,9.71,0.725560748798302,0.074545372,0,2019-07-30
"PA",16,0.0365776974595067,201.226,36.8289,0.565,"1500404",2.31,0,0,4.6583,0,0,177.6445,88.084,0.808,3.785,1.89,0,6.483,81.74,1.09614647484508,0.074545372,0,2019-07-05
"PA",7,0.108163516505652,40.878,32.7337,0.278,"1500404",18.21,0,0,7.4604,0,0,1.5013,3.665,0,0,0,0,0,19.55,0.667904273202296,0.074545372,0,2019-07-30
"PA",11,0.0920870429729576,71.52,41.5366,0.344,"1500404",0,0,0,0,0,0,38.1187,53.179,0.256,11.893,5.504,0,17.653,39.84,1.03781851233231,0.074545372,0,2019-07-05
"PA",5,0.0921355677540454,22.976,14.5529,0.447,"1500404",0,0,0,0,0,0,9.6651,41.972,0,5.915,0.369,0,6.284,36.8,0.655644127927306,0.074545372,0,2019-07-30
"PA",11,0.0705882352941177,56.037,54.7337,0.261,"1500404",24.45,0,0,13.7291,0,0,1.6369,2.915,0,1.995,0,0,1.995,2.54,0.704219535394541,0.074545372,0,2019-07-30
"PA",5,0.0907877538267963,37.386,35.7425,0.182,"1500404",49.84,0,0,18.676,0,0,1.7167,4.581,8.699,0,0,0,8.699,4.61,0.677100992620782,0.074545372,0,2019-07-30
"PA",19,0.19068567862538,38.267,35.4739,0.696,"1500404",70.92,0.49,0,27.1983,0.1866,0,2.1347,5.566,0,0,0,0,0,5.64,1.0238469179324,0.074545372,0,2019-07-05
"PA",7,0.145241673380344,30.645,24.9393,0.365,"1500404",0,0,0,0,0,0,5.4728,17.819,2.856,0,0,1.176,4.032,18.8,0.689061651901213,0.074545372,0,2019-07-30
"PA",5,0.137979589711327,15.609,13.9663,0.465,"1500404",0,0,0,0,0,0,1.5701,10.037,0.79,0,1.045,0,1.835,10.72,1.02813761726415,0.074545372,0,2019-07-05
"PA",13,0.0748331477354788,16.417,14.8119,1.141,"1500404",14.97,0,0,2.4626,0,0,1.135,6.898,0,0,0,0,0,8.81,0.671754328514511,0.074545372,0,2019-07-30
"PA",7,0.0644948974278318,31.296,28.4547,0.32,"1500404",0,0,0,0,0,0,2.1082,6.721,0.189,0,0,0,0.189,9.28,0.701775557957816,0.074545372,0,2019-07-30
"PA",22,0.145106224903679,100.395,93.6471,0.305,"1500404",49.12,0,0,49.4277,0,0,11.0594,10.991,14.639,0.73,1.174,2.053,18.596,6.93,0.739008243834422,0.074545372,0,2019-08-19
"PA",18,0.116637516135005,81.772,53.7951,0.435,"1500404",4.74,0,0,3.8879,0,0,28.9363,35.308,6.719,0,0.091,0.439,7.249,34.36,1.06486201709916,0.074545372,0,2019-07-05
"PA",42,0.0988168022197088,213.523,157.5128,0.347,"1500404",41.04,0,0,87.8262,0,0,69.3877,32.424,1.246,0.602,3.823,0,5.671,25.18,0.720874211439921,0.074545372,0,2019-08-19
"PA",8,0.136907376701021,20.605,20.6516,0.504,"1500404",40.49,0,0,8.3616,0,0,0,0,0,0,0,0,0,0,0.682122052341246,0.074545372,0,2019-07-30
"PA",5,0.0311636337640497,118.548,99.333,0.065,"1500404",7.98,0,0,9.4792,0,0,19.6734,16.558,0.3,0,0.862,0,1.162,16.09,0.663041805006894,0.074545372,0,2019-07-30
"PA",5,0.0222222222222222,27.522,14.9349,0.435,"1500404",0.65,0,0,0.1799,0,0,13.7457,49.833,3.273,15.2,0,0,18.473,45.86,1.02942915363743,0.074545372,0,2019-07-05
"PA",13,0.18337982910457,66.337,28.6553,0.59,"1500404",15.85,0,0,10.5405,0,0,53.3593,80.257,0.812,4.994,8.971,3.143,17.92,51.25,1.0585695403619,0.074545372,0,2019-07-05
"PA",5,0.0146238193598996,107.338,49.6533,0.131,"1500404",2.85,0,0,3.0608,0,0,43.3029,40.252,2.851,3.127,0,0,5.978,53.84,1.04748233788251,0.074545372,0,2019-07-05
"PA",8,0.26165478646988,15.493,15.5273,0.67,"1500404",24.24,0,0,3.7642,0,0,0,0,0,0,0,0,0,0,0.677144624115515,0.074545372,0,2019-07-30
"PA",25,0.0896948984713382,112.593,48.6989,0.667,"1500404",4.99,0.12,0,5.627,0.131,0,71.5098,63.37,4.117,8.269,0,0.002,12.388,55.95,1.01512830877756,0.074545372,0,2019-07-05
"PA",7,0.276610860932052,13.369,12.6319,0.72,"1500404",15.58,0,0,2.0873,0,0,1.2332,9.204,0.913,0,0,0,0.913,5.73,0.652060786752804,0.074545372,0,2019-07-30
"PA",29,0.17362624307484,104.176,101.4046,0.372,"1500404",51.66,0,0,53.9371,0,0,1.368,1.31,0.446,0,0,0,0.446,2.45,0.707546280755486,0.074545372,0,2019-07-30
"PA",44,0.230750990821172,43.786,41.751,1.37,"1500404",28.21,0,0,12.379,0,0,1.263,2.878,0,0,0,0,0,4,0.68857784662979,0.074545372,0,2019-07-30
"PA",5,0.0312865312737478,47.902,15.6774,0.415,"1500404",0,0,0,0,0,0,28.8768,60.148,19.571,1.499,1.499,0,22.569,64.54,1.03371735912035,0.074545372,0,2019-07-05
"PA",14,0.165125094978722,39.772,39.7318,0.458,"1500404",0,0,0,0,0,0,0.1213,0.304,0,0,0,0,0,0.32,0.694183844961673,0.074545372,0,2019-07-30
"PA",17,0.0461024824450319,100.803,48.4156,0.456,"1500404",5.7,0,0,5.7579,0,0,37.8258,37.441,1.019,3.047,2.72,0,6.786,52.02,1.04399858745496,0.074545372,0,2019-07-05
"PA",16,0.108025162506552,127.545,100.7601,0.206,"1500404",3.86,0,0,4.9369,0,0,31.911,24.964,1.056,0.674,2.681,0.179,4.59,21.13,0.690788761657787,0.074545372,0,2019-07-30
"PA",9,0.186917120684154,18.666,18.6234,0.628,"1500404",41.44,0,0,7.7519,0,0,2.6775,14.312,0,0,4.547,0,4.547,0.45,0.669422422668988,0.074545372,0,2019-07-30
"PA",9,0.0210093276567247,292.154,60.7425,0.193,"1500404",0,0,0,0,0,0,207.2625,70.785,7.188,1.167,0.538,1.704,10.597,78.41,1.10413011636457,0.074545372,0,2019-07-05
"PA",12,0.274833147735479,16.331,16.1036,0.969,"1500404",2.03,0,0,0.3322,0,0,0.0062,0.038,0,0,0,0,0,0.04,0.69874392995281,0.074545372,0,2019-07-30
"PA",12,0.0889419972924545,25.142,10.1477,1.537,"1500404",0,0,0,0,0,0,17.402,69.059,21.125,1.552,0.686,4.802,28.165,59.73,0.98292971030851,0.074545372,0,2019-07-05
"PA",8,0.097231982724621,60.722,57.6685,0.18,"1500404",54.59,35.34,0,33.223,21.5058,0,13.0932,21.514,2.515,0.182,4.435,0.813,7.945,5.24,0.716840067409347,0.074545372,0,2019-07-30
"PA",42,0.0972319827246209,59.36,41.1257,1.328,"1500404",67.34,0,0,40.0613,0,0,21.3082,35.817,1.563,0,6.91,0,8.473,30.87,0.710373364046567,0.074545372,0,2019-07-30
"PA",5,0.0994057616798021,30.939,9.2151,0.705,"1500404",0,0,0,0,0,0,22.6656,73.096,4.579,7.261,0,0,11.84,69.72,1.02099698421366,0.074545372,0,2019-07-05
"PA",15,0.0822566660552607,162.691,47.5663,0.41,"1500404",4.41,0,0,7.1971,0,0,90.5113,55.509,10.574,1.324,0,1.297,13.195,67.95,0.987784761492892,0.074545372,0,2019-07-05
"PA",33,0.151292465409134,115.748,83.0044,0.517,"1500404",20.74,0,0,24.0638,0,0,13.5786,11.705,0.323,0,0,0.044,0.367,15.49,1.05671583757176,0.074545372,0,2019-07-05
"PA",11,0.198592161168674,32.721,31.8075,0.45,"1500404",23.73,0,0,7.7832,0,0,0.5369,1.637,0,0,0,0,0,3.01,0.688022272278036,0.074545372,0,2019-07-30
"PA",21,0.0356006968929509,267.226,79.572,0.343,"1500404",6.98,0,0,18.7054,0,0,166.0568,62.002,1.494,5.401,1.358,0.185,8.438,69.11,1.0775711668244,0.074545372,0,2019-07-05
"PA",6,0.118367731126291,26.527,25.6335,0.304,"1500404",0,0,0,0,0,0,1.5397,5.791,1.125,0,0,0,1.125,3.58,0.693757662914286,0.074545372,0,2019-07-30
"PA",6,0.0579046034548055,70.329,70.0996,0.111,"1500404",85.17,0,0,60.0307,0,0,0.8208,1.164,0,0,0.293,0,0.293,0.55,0.672945575658628,0.074545372,0,2019-07-30
"PA",9,0.201888643402051,27.447,24.4865,0.478,"1500404",0,0,0,0,0,0,6.301,22.905,3.494,7.249,0,0,10.743,10.99,0.70157408599241,0.074545372,0,2019-07-30
"PA",17,0.0716609971420353,25.463,23.513,0.94,"1500404",63.21,0,0,16.1321,0,0,4.5854,17.968,60.026,10.071,0,0,70.097,7.87,0.700209676971025,0.074545372,0,2019-07-30
"PA",7,0.0953462087739252,43.738,36.4138,0.25,"1500404",8.18,0,0,3.5856,0,0,4.9178,11.219,0,0,0,0,0,15.62,0.69688265004318,0.074545372,0,2019-07-30
"PA",9,0.0783505931758683,104.576,69.6434,0.168,"1500404",0,0,0,0,0,0,41.5707,39.663,2.309,5.064,3.09,0,10.463,33.55,0.673808834453087,0.074545372,0,2019-07-30
"PA",26,0.201708185896509,29.168,23.5549,1.435,"1500404",18,20.15,0,5.262,5.891,0,22.105,75.616,0,6.203,22.76,3.044,32.007,19.42,0.714182541473457,0.074545372,0,2019-07-30
"PA",9,0.0404499067525744,36.554,19.3338,0.605,"1500404",11.02,0,0,4.0371,0,0,6.2765,17.132,2.766,1.961,1.315,0,6.042,46.69,1.03225311599093,0.074545372,0,2019-07-05
"PA",5,0,41.123,15.3702,0.423,"1500404",0.39,0,0,0.16,0,0,27.9967,67.927,1.727,1.491,5.676,0.764,9.658,62.71,1.03959931649549,0.074545372,0,2019-07-05
"PA",7,0.052668122506069,186.504,78.5024,0.116,"1500404",10.53,0.01,0,19.6861,0.0105,0,87.9007,47.025,0,0.587,0.914,0,1.501,57.35,0.71720999745395,0.074545372,0,2019-07-30
"PA",9,0.0858636743089875,39.131,10.7229,1.091,"1500404",3.62,0,0,1.4185,0,0,27.597,70.367,1.87,0,0,0,1.87,72.61,1.01966396002862,0.074545372,0,2019-07-05
"PA",16,0.169039350469423,31.276,29.2398,0.711,"1500404",0,0,0,0,0,0,1.5252,4.866,0,0,0,0,0,6.72,0.694053159138798,0.074545372,0,2019-07-30
"PA",22,0.08263535614155,67.941,50.4572,0.567,"1500404",2.83,0,0,1.9271,0,0,34.6279,50.854,11.336,18.373,2.712,1.208,33.629,24.9,1.02263935595023,0.074545372,0,2019-07-05
"PA",10,0.0197642353760524,52.121,15.4379,0.842,"1500404",1.89,0,0,0.9865,0,0,30.8145,58.989,1.971,0.018,5.167,0,7.156,70.45,1.0436412573626,0.074545372,0,2019-07-05
"PA",67,0.129390101454844,70.299,58.6805,1.484,"1500404",62.87,0,0,44.2984,0,0,11.8455,16.812,0,0,0,0,0,16.71,0.663810176257018,0.074545372,0,2019-07-30
"PA",14,0.0699700806518894,105.923,53.5847,0.34,"1500404",7.59,0,0,8.0561,0,0,82.1203,77.355,3.019,18.605,0.593,3.134,25.351,49.52,1.10318322499511,0.074545372,0,2019-07-05
"PA",5,0.101339398784193,40.953,21.0017,0.309,"1500404",39.83,0,0,16.347,0,0,18.8687,45.971,0,0,0,0,0,48.83,0.739992944976916,0.074545372,0,2019-08-19
"PA",19,0.135445409032548,101.753,88.984,0.278,"1500404",19.31,0,0,19.6935,0,0,41.9246,41.11,0.308,7.367,20.03,0,27.705,12.74,0.683795196405361,0.074545372,0,2019-07-30
"PA",35,0.0264248447617181,290.562,184.7665,0.246,"1500404",40.52,6.67,0,118.006,19.4302,0,124.931,42.9,1.943,4.049,5.607,1.359,12.958,36.53,0.725142867097538,0.074545372,0,2019-08-19
"PA",6,0.0782653050231002,48.515,41.1224,0.19,"1500404",46.51,0,0,22.6149,0,0,6.8892,14.169,5.32,8.162,0,0,13.482,12.53,1.02801770795486,0.074545372,0,2019-07-05
"PA",26,0.0729239870434658,77.886,69.0627,0.489,"1500404",30.4,0,0,23.7319,0,0,4.1407,5.305,0.266,0.208,0.449,0,0.923,11.53,1.03673785100338,0.074545372,0,2019-07-05
"PA",6,0.0935414346693486,23.89,14.2838,0.546,"1500404",14.01,0,0,3.3538,0,0,2.559,10.688,4.298,0,0,0,4.298,40.32,0.661670961314938,0.074545372,0,2019-07-30
"PA",18,0.0469916108662649,149.901,87.7888,0.267,"1500404",11.14,0,0,16.7405,0,0,38.4503,25.593,3.424,1.437,0.746,0,5.607,40.77,1.03686015510107,0.074545372,0,2019-07-05
"PA",9,0.0608580619450184,22.779,21.2494,0.551,"1500602",86.31,5.29,0,19.7033,1.2071,0,7.0362,30.821,15.158,9.068,3.511,0.413,28.15,0.04,1.36567783395875,0.318522916,0,2020-07-12
"PA",32,0.0992584279911394,108.717,105.3175,0.395,"1500602",42.98,54.9,0,46.8296,59.8157,0,37.2539,34.19,4.167,15.283,7.746,2.511,29.707,0.93,1.36631203667256,0.318522916,0,2020-07-12
"PA",25,0.191499826799113,19.848,19.8926,1.634,"1500602",17.97,82.03,0,3.5739,16.3186,0,5.5881,28.091,2.632,5.671,17.564,0,25.867,0,1.29394734132576,0.318522916,0,2020-07-12
"PA",11,0.118018531053731,21.762,16.3742,0.873,"1500602",47.15,0,0,10.2844,0,0,14.8801,68.223,0,2.451,4.997,9.993,17.441,23.71,1.30377471037578,0.318522916,0,2020-07-12
"PA",6,0.143732244939068,19.477,16.9946,0.459,"1500602",38.64,50.16,0,7.543,9.7905,0,0,0,0,0,0,0,0,0,1.36929241569097,0.318522916,0,2020-07-12
"PA",5,0.0376844575812797,20.087,19.5257,0.333,"1500602",73.03,17,0,14.7032,3.4226,0,6.8876,34.212,0,0,1.399,2.409,3.808,3.01,1.32419108918863,0.318522916,0,2020-07-12
"PA",22,0.0241395239986693,389.018,139.1119,0.206,"1500602",17.68,1.97,0,68.9352,7.6899,0,300.3171,77.027,0.48,1.487,4.067,1.009,7.043,63.17,1.29572880688145,0.318522916,0,2020-07-12
"PA",317,0.0721469483875576,719.498,313.4558,1.315,"1500602",35.61,2.69,0,256.7671,19.3681,0,363.5281,50.412,0,0,0,0,0,50.52,1.40355145599422,0.318522916,0,2019-05-29
"PA",13,0.132437393551081,21.036,19.4755,0.868,"1500602",77.79,0.84,0,16.401,0.1769,0,3.6004,17.077,3.38,11.011,0,0,14.391,3.17,1.34301826460985,0.318522916,0,2020-07-12
"PA",11,0.162120988976422,19.774,18.8994,0.757,"1500602",76.9,11.44,0,15.2415,2.2666,0,2.7819,14.037,5.478,0,0,0,5.478,1.35,1.3175683192785,0.318522916,0,2020-07-12
"PA",9,0.0307996683322234,271.116,82.223,0.142,"1500602",24.55,0.28,0,66.704,0.7735,0,159.5456,58.721,0.226,0,0,0,0.226,54.65,1.38663425669672,0.318522916,0,2019-05-29
"PA",11,0.118018531053731,21.044,14.9433,0.957,"1500602",34.61,0,0,7.2987,0,0,16.8973,80.114,0,2.534,4.533,9.446,16.513,28.8,1.3040885150733,0.318522916,0,2020-07-12
"PA",7,0.0465251910171914,237.509,121.5679,0.075,"1500602",24.68,9.66,0,58.7617,23.0073,0,61.7145,25.924,0.299,0,0,0,0.299,30.78,1.38127306952515,0.318522916,0,2019-05-29
"PA",9,0.110994070937823,20.503,15.0142,0.779,"1500602",69.37,6.78,0,14.2546,1.3936,0,0.7441,3.621,0,0,0,0,0,0,1.34346664292592,0.318522916,0,2020-07-12
"PA",465,0.246502069277679,292.533,266.04,2.272,"1500602",67.16,21.91,0,196.8975,64.2237,0,0.9275,0.316,0,0,0,0,0,0.29,1.42105086271086,0.318522916,0,2019-05-29
"PA",37,0.2040315997688,76.137,49.1117,0.979,"1500602",49.08,15.86,0,37.4512,12.0986,0,7.1185,9.329,0,0,0,0,0,9.39,1.41514811369287,0.318522916,0,2019-05-29
"PA",6,0.127391409809669,20.799,18.042,0.432,"1500602",73.54,0,0,15.3301,0,0,1.2934,6.204,0,0,0,0,0,5.2,1.28759771054997,0.318522916,0,2020-07-12
"PA",5,0.0635641391826168,20.079,20.1236,0.323,"1500602",58.02,41.98,0,11.6752,8.4485,0,0.1494,0.742,0,0,0,0,0,0,1.34426983978911,0.318522916,0,2020-07-12
"PA",5,0.110188887079514,19.736,18.6179,0.349,"1500602",69.95,0,0,13.8355,0,0,5.2845,26.716,0,0,0,6.241,6.241,1.16,1.28809504935966,0.318522916,0,2020-07-12
"PA",23,0.140456966296604,100.953,50.9588,0.587,"1500602",48.79,0,0,49.3638,0,0,15.8892,15.704,0,0,0,0,0,10.82,1.39149083142353,0.318522916,0,2019-05-29
"PA",7,0.0801681057564508,19.884,19.9125,0.457,"1500602",44.75,51.13,0,8.9182,10.1906,0,0.9731,4.883,3.925,3.034,0,0,6.959,0.08,1.29359240182679,0.318522916,0,2020-07-12
"PA",22,0.181507061094349,20.103,19.7624,1.447,"1500602",85.06,13.03,0,17.1372,2.6251,0,5.9497,29.531,3.963,17.5,5.752,0.503,27.718,0,1.33290835910283,0.318522916,0,2020-07-12
"PA",9,0.141002329075564,20.085,16.4459,0.711,"1500602",94.97,2.82,0,19.1176,0.5674,0,0.6235,3.097,0,0,0,0,0,0,1.34910132273267,0.318522916,0,2020-07-12
"PA",18,0.203914860586536,19.275,15.8004,1.481,"1500602",36.56,46.63,0,7.0619,9.0074,0,0,0,0,0,0,0,0,0,1.36908220504679,0.318522916,0,2020-07-12
"PA",26,0.179200857220228,36.409,32.1257,1.052,"1500602",74.51,0,0,27.1895,0,0,0.0045,0.012,0,0,0,0,0,1.09,1.41721287617369,0.318522916,0,2019-05-29
"PA",7,0.119102421334984,20.104,15.8337,0.575,"1500602",91.57,0,0,18.4511,0,0,7.2608,36.036,0,3.546,5.238,0.385,9.169,9.88,1.33890346906096,0.318522916,0,2020-07-12
"PA",5,0.0819971055210721,89.33,50.7261,0.128,"1500602",29.88,1.22,0,26.7505,1.0956,0,75.1883,83.981,0.166,1.146,6.218,12.745,20.275,42.62,1.31546178607619,0.318522916,0,2020-07-12
"PA",6,0.101414564479897,20.57,20.6155,0.378,"1500602",88.3,0,0,18.2039,0,0,13.4906,65.439,0,6.888,39.619,6.556,53.063,0,1.28226419148353,0.318522916,0,2020-07-12
"PA",7,0.182574185835055,9.36,4.9969,1.821,"1500602",55.45,0,0,5.2018,0,0,0,0,0,0,0,0,0,0,1.3572625713196,0.318522916,0,2020-07-12
"PA",11,0.0923076923076923,20.101,13.8056,1.036,"1500602",13,0,0,2.6191,0,0,16.4854,81.831,1.986,8.015,11.55,10.69,32.241,27.71,1.33442980414863,0.318522916,0,2020-07-12
"PA",5,0.107835846519657,20.026,17.7883,0.365,"1500602",72.57,0,0,14.5662,0,0,2.7726,13.814,14.024,4.494,0,0,18.518,2.44,1.32805830809046,0.318522916,0,2020-07-12
"PA",60,0.263669101300484,75.03,61.0599,1.277,"1500602",75.98,5.81,0,57.1379,4.3673,0,0.984,1.309,0,0,0,0,0,1.09,1.41722015463981,0.318522916,0,2019-05-29
"PA",14,0.0935294567158593,20.537,19.4437,0.936,"1500602",96.97,0,0,19.9593,0,0,9.4431,45.878,4.188,8.223,15.339,4.883,32.633,4.24,1.33778723113599,0.318522916,0,2020-07-12
"PA",9,0.149278424896903,20.965,19.9753,0.586,"1500602",0,0,0,0,0,0,7.3056,34.77,8.913,14.622,4.973,2.837,31.345,3.01,1.33309026172868,0.318522916,0,2020-07-12
"PA",5,0.0296296296296296,49.798,49.9094,0.13,"1502152",89.33,10.67,0,44.5832,5.3263,0,0,0,1.254,0,0,0,1.254,0,0.127255238893059,0,0.305924416935868,2018-06-07
"PA",26,0.0832192224875249,49.387,49.4972,0.683,"1502152",96.17,0,0,47.6011,0,0,0,0,0,0,0,0,0,0,0.0590948451244151,0,0.305924416935868,2019-07-14
"PA",70,0.287130920563966,50.555,50.6685,1.796,"1502152",99.75,0.25,0,50.5407,0.1278,0,0,0,0,0,0,0,0,0,0.128998594743062,0,0.305924416935868,2018-06-07
"PA",21,0.25453502153498,22.971,23.0219,1.186,"1502152",82.25,0,0,18.9366,0,0,0,0,0,0,0,0,0,0,0.0589503399622756,0,0.305924416935868,2019-07-14
"PA",58,0.212880476177731,47.729,47.836,1.576,"1502152",91.12,0,0,43.5877,0,0,0.0728,0.152,0,0,0,0,0,0,0.0860918912641387,0,0.305924416935868,2018-06-07
"PA",16,0.226459289142612,49.09,49.1999,0.423,"1502152",88.23,11.77,0,43.4083,5.7916,0,0,0,0,0,0,0,0,0,0.114895299345766,0,0.305924416935868,2018-06-07
"PA",5,0.103174045733111,52.186,52.3029,0.124,"1502152",99.49,0.51,0,52.0386,0.2643,0,0,0,0,0,0,0,0,0,0.125451338981294,0,0.305924416935868,2018-06-07
"PA",55,0.247756029883374,48.748,48.8566,1.463,"1502152",100,0,0,48.8566,0,0,0,0,0,0,0,0,0,0,0.130807349632992,0,0.305924416935868,2018-06-07
"PA",47,0.254386837612969,49.894,49.7839,1.227,"1502152",71.35,0,0,35.681,0,0,1.3986,2.797,2.145,1.43,0,0,3.575,0.44,0.0642504281729578,0,0.305924416935868,2019-07-14
"PA",11,0.125798338592511,49.355,47.5949,0.3,"1502152",70.46,0,0,34.8525,0,0,3.7083,7.497,0,0,0,0.562,0.562,3.78,0.0903085716292942,0,0.305924416935868,2018-06-07
"PA",11,0.0727939080682651,51.258,47.9079,0.298,"1502152",64.07,0,0,32.9125,0,0,5.2145,10.15,0,0,0,0.283,0.283,6.74,0.0889070432687913,0,0.305924416935868,2018-06-07
"PA",6,0.0894117897948982,72.825,55.8019,0.14,"1502764",0,0,0,0,0,0,29.2115,40.022,3.458,10.833,0.145,0.144,14.58,23.55,1.01699865409818,3.248743848,0.47573931281692,2018-08-30
"PA",14,0.129723298481508,121.473,90.8595,0.2,"1502764",8.15,0,0,9.9197,0,0,18.2252,14.97,0.439,0,0,0,0.439,25.37,1.07224758547387,3.248743848,0.47573931281692,2018-08-30
"PA",8,0.142564841466793,37.98,26.8226,0.388,"1502764",52.98,0.16,0,20.1686,0.0593,0,25.5808,67.203,1.87,12.172,12.153,3.306,29.501,29.53,1.11040800494918,3.248743848,0.47573931281692,2018-08-30
"PA",5,0.110868902100097,50.203,35.1268,0.185,"1502764",30.01,0,0,15.0974,0,0,10.2513,20.374,0,0,0,0,0,26.98,1.09379318795742,3.248743848,0.47573931281692,2018-08-30
"PA",8,0.150643761536596,42.026,36.8342,0.282,"1502764",46.94,0,0,19.7695,0,0,8.6819,20.612,0,2.54,5.787,0,8.327,12.55,1.14359490768899,3.248743848,0.47573931281692,2018-08-30
"PA",17,0.147307747117937,77.889,74.3792,0.297,"1502764",16.08,0,0,12.5558,0,0,28.8422,36.947,7.375,10.22,12.844,1.316,31.755,4.72,1.1330261408819,3.248743848,0.47573931281692,2018-08-30
"PA",14,0.0559223230192968,237.368,213.7134,0.085,"1502764",9.04,0,0,21.5094,0,0,10.6757,4.487,0,0,0,0,0,10.17,1.03275785526213,3.248743848,0.47573931281692,2018-08-30
"PA",25,0.0651482410277165,177.693,167.6894,0.194,"1502764",8.5,0,0,15.1323,0,0,2.4033,1.349,0,0,0,0,0,5.84,1.15461828624741,3.248743848,0.47573931281692,2018-08-30
"PA",21,0.152281505889794,81.866,53.1676,0.513,"1502764",38.77,0,0,31.8127,0,0,18.081,22.037,0.706,3.584,0.813,0,5.103,35.2,1.06148809668308,3.248743848,0.47573931281692,2018-08-30
"PA",27,0.209071164886144,86.49,86.6572,0.405,"1502764",85.27,0,0,73.9156,0,0,0.4162,0.48,0,0,0,0,0,0.03,1.07812711618397,3.248743848,0.47573931281692,2018-08-30
"PA",16,0.201258699061921,53.227,49.4287,0.421,"1502764",1.74,0,0,0.929,0,0,3.5164,6.592,0,0,0,0,0,7.34,1.00701358759,3.248743848,0.47573931281692,2018-08-30
"PA",6,0.0807601606111422,45.855,33.6122,0.232,"1502764",0,0,0,0,0,0,7.2043,15.676,0,2.947,2.898,0,5.845,24.93,1.15719308204751,3.248743848,0.47573931281692,2018-08-30
"PA",27,0.194400657643476,93.21,93.3652,0.376,"1502764",74.53,0,0,69.6293,0,0,0,0,0,0,0,0,0,0.06,1.07915512937201,3.248743848,0.47573931281692,2018-08-30
"PA",7,0.0667557013432326,48.712,46.0225,0.198,"1502764",11.43,0,0,5.5824,0,0,2.4795,5.079,0,0,1.573,0,1.573,5.73,1.14434715054307,3.248743848,0.47573931281692,2018-08-30
"PA",12,0.0962706915117537,131.183,98.6853,0.158,"1502764",27.33,0,0,35.9348,0,0,19.5044,14.835,0,3.262,2.589,0.576,6.427,24.94,1.05210675713767,3.248743848,0.47573931281692,2018-08-30
"PA",39,0.287098330401285,112.878,112.5058,0.451,"1502764",85.68,3.63,0,96.9361,4.1027,0,2.8442,2.514,0,0,1.199,0,1.199,0.55,1.06055612311185,3.248743848,0.47573931281692,2018-08-30
"PA",5,0.0767191622118005,58.127,53.1358,0.122,"1502764",0,0,0,0,0,0,1.7802,3.056,0,0,0,0,0,8.79,1.15359114695333,3.248743848,0.47573931281692,2018-08-30
"PA",8,0.055748385735598,50.341,46.0638,0.226,"1502764",25.42,0,0,12.8251,0,0,0.6231,1.235,0,0,0,0,0,8.7,1.15275656737979,3.248743848,0.47573931281692,2018-08-30
"PA",8,0.0539332090034325,101.495,68.981,0.151,"1502764",0,0,0,0,0,0,25.9946,25.554,1.9,0,0,0,1.9,32.19,1.04037019895998,3.248743848,0.47573931281692,2018-08-30
"PA",41,0.189925298958631,87.578,84.3966,0.632,"1502764",36.76,0,0,32.2673,0,0,3.7402,4.261,0,0,0.101,0,0.101,3.84,1.00731240281253,3.248743848,0.47573931281692,2018-08-30
"PA",7,0.00866063660379292,732.592,342.2749,0.027,"1502764",3.76,0,0,27.5949,0,0,364.3648,49.622,0.824,1.414,0.964,0,3.202,53.24,1.13467835975052,3.248743848,0.47573931281692,2018-08-30
"PA",11,0.131875443790726,73.692,43.4167,0.329,"1502764",9.27,0,0,6.8465,0,0,10.9956,14.888,0.724,1.407,1.086,0,3.217,41.22,1.01358911228673,3.248743848,0.47573931281692,2018-08-30
"PA",7,0.215899468144313,44.504,43.4363,0.21,"1502764",84.09,0,0,37.5074,0,0,10.3472,23.198,3.996,0,4.313,5.975,14.284,2.62,1.08171694088602,3.248743848,0.47573931281692,2018-08-30
"PA",5,0.0481901923009709,112.687,104.3225,0.062,"1502764",0,0,0,0,0,0,5.9859,5.3,0,0,0,0,0,7.63,1.00434240519811,3.248743848,0.47573931281692,2018-08-30
"PA",6,0.0620126536676021,56.308,34.6627,0.225,"1502764",15.65,0,0,8.8298,0,0,24.98,44.264,1.105,0,0,0.001,1.106,38.58,1.09399529773769,3.248743848,0.47573931281692,2018-08-30
"PA",35,0.269563772135282,74.368,73.3978,0.62,"1502764",84.24,4.75,0,62.7847,3.5408,0,0.5283,0.709,0,0,0,0,0,1.53,1.08277827940855,3.248743848,0.47573931281692,2018-08-30
"PA",5,0.138827398317804,39.214,35.7027,0.182,"1502764",0,0,0,0,0,0,1.09,2.773,0,0,0,0,0,8.68,1.15072977797716,3.248743848,0.47573931281692,2018-08-30
"PA",34,0.176487316362584,62.772,60.9095,0.726,"1502764",58.72,0,0,36.9433,0,0,1.7554,2.79,0,0,0,0,0,3.18,1.14350384235321,3.248743848,0.47573931281692,2018-08-30
"PA",62,0.220512734341359,296.578,243.7228,0.331,"1502764",56.31,12.58,0,167.3877,37.3814,0,45.8395,15.422,0,0,0,0,0,16.7,1.09480380819119,3.248743848,0.47573931281692,2018-08-30
"PA",30,0.226655325810197,73.847,72.5865,0.537,"1502764",81.73,3.33,0,60.4888,2.4639,0,0.7129,0.963,0,0,0,0,0,1.93,1.08319072343646,3.248743848,0.47573931281692,2018-08-30
"PA",81,0.253025850090842,97.713,88.7517,1.186,"1502764",41.19,0,0,40.3423,0,0,6.871,7.016,0.014,0,0,0,0.014,9.37,1.03250543131317,3.248743848,0.47573931281692,2018-08-30
"PA",6,0.130972391579008,56.966,56.8711,0.137,"1502764",66.98,0,0,38.2411,0,0,0.623,1.091,1.091,1.091,0,0,2.182,0.78,1.12946105709486,3.248743848,0.47573931281692,2018-08-30
"PA",6,0.121146097579938,50.964,35.4698,0.22,"1502764",8.45,0,0,4.3181,0,0,11.0311,21.597,0,1.008,0,0,1.008,30.56,1.0140351882486,3.248743848,0.47573931281692,2018-08-30
"PA",12,0.0701584654316266,78.01,62.5712,0.249,"1502764",18.9,0,0,14.7803,0,0,19.5769,25.039,0,0,1.596,0,1.596,19.97,1.03687030617037,3.248743848,0.47573931281692,2018-08-30
"PA",14,0.0954970354689117,46.291,41.0386,0.443,"1502764",4.3,0,0,1.9939,0,0,5.2514,11.319,0,0,0.812,0,0.812,11.54,1.14894891181505,3.248743848,0.47573931281692,2018-08-30
"PA",108,0.278080258746773,219.88,205.8793,0.682,"1502764",45.9,5.18,0,101.1521,11.4062,0,6.6833,3.033,0,0,0,0,0,6.58,1.07299467902217,3.248743848,0.47573931281692,2018-08-30
"PA",8,0.112659863237109,44.437,44.5365,0.234,"1502764",76.59,0,0,34.1118,0,0,2.3468,5.269,1.199,1.47,1.399,0,4.068,0,1.10611259887151,3.248743848,0.47573931281692,2018-08-30
"PA",6,0.0757426060459145,124.075,112.4613,0.069,"1502764",4.83,0,0,6.0073,0,0,12.796,10.29,0,0,0,0,0,8.99,1.03822996042142,3.248743848,0.47573931281692,2018-08-30
"PA",108,0.224603038598544,308.946,217.8944,0.644,"1502764",31.16,0,0,96.4946,0,0,79.681,25.734,0.347,1.898,0,0,2.245,29.63,1.01516001095016,3.248743848,0.47573931281692,2018-08-30
"PA",23,0.212662715345574,67.708,65.3253,0.458,"1502764",87.68,8.72,0,59.4965,5.9179,0,7.0758,10.427,0.477,1.783,4.728,0.46,7.448,3.73,1.07991193500742,3.248743848,0.47573931281692,2018-08-30
"PA",16,0.200158145734169,48.435,48.5439,0.428,"1502764",87.6,12.4,0,42.5257,6.0182,0,4.5293,9.33,0.311,1.101,3.049,0,4.461,0,1.07017034318059,3.248743848,0.47573931281692,2018-08-30
"PA",37,0.198607868645615,94.969,87.4398,0.55,"1502764",75.26,3.62,0,71.6376,3.443,0,13.9166,14.621,2.426,0,1.395,0.487,4.308,8.13,1.07014305385806,3.248743848,0.47573931281692,2018-08-30
"PA",7,0.170789413516648,50.25,50.3623,0.181,"1502764",100,0,0,50.3623,0,0,0,0,4.682,0,0,0,4.682,0,1.0967429904905,3.248743848,0.47573931281692,2018-08-30
"PA",49,0.199410439945244,98.374,90.8847,0.701,"1502764",41.79,0,0,41.2062,0,0,6.3858,6.477,0,0,0,0,0,7.82,1.03280656102204,3.248743848,0.47573931281692,2018-08-30
"PA",15,0.0842466339197137,78.586,58.8559,0.331,"1502764",0,0,0,0,0,0,21.6028,27.428,0,1.024,2.028,0,3.052,25.27,1.05001906570396,3.248743848,0.47573931281692,2018-08-30
"PA",9,0.0528941392236125,76.269,65.6451,0.178,"1502764",14.75,0,0,11.276,0,0,3.0498,3.99,0,0,0.699,0.664,1.363,14.12,1.16157896142733,3.248743848,0.47573931281692,2018-08-30
"PA",103,0.197484715584913,329.556,321.6293,0.416,"1502764",24.32,0,0,80.327,0,0,13.9939,4.237,0,0,0,0.428,0.428,2.35,1.0589524587358,3.248743848,0.47573931281692,2018-08-30
"PA",41,0.162837344354052,89.319,75.696,0.704,"1502764",4.54,0,0,4.0681,0,0,30.1693,33.702,0.349,2.091,8.243,0,10.683,15.44,1.05412531172725,3.248743848,0.47573931281692,2018-08-30
"PA",39,0.246722592027489,97.085,96.7614,0.524,"1502764",92.12,0,0,89.632,0,0,2.0893,2.147,0,0,0.003,0,0.003,0.56,1.07386305805374,3.248743848,0.47573931281692,2018-08-30
"PA",23,0.291129968588813,46.315,45.2276,0.661,"1502764",63.25,0,0,29.3581,0,0,15.4773,33.343,0,2.729,8.994,2.016,13.739,2.57,1.06065428321263,3.248743848,0.47573931281692,2018-08-30
"PA",18,0.0735381749441145,137.329,131.0344,0.179,"1502764",11.31,0,0,15.5696,0,0,4.3832,3.185,0.647,0,0.453,0,1.1,4.8,1.04269919661217,3.248743848,0.47573931281692,2018-08-30
"PA",13,0.100983291714636,242.907,210.0244,0.08,"1502764",67.16,10.03,0,163.4949,24.415,0,28.1713,11.572,0,0,0,0,0,12.96,1.09407398573115,3.248743848,0.47573931281692,2018-08-30
"PA",5,0.0805350242463046,57.828,53.1871,0.122,"1502764",9.55,0,0,5.5328,0,0,4.3069,7.431,0,0,0,0,0,7,1.03764785965621,3.248743848,0.47573931281692,2018-08-30
"PA",10,0.105319726474218,51.002,37.4288,0.347,"1502764",72.95,0,0,37.2867,0,0,10.2685,20.089,0,0,0,0,0,22.01,1.09306030071191,3.248743848,0.47573931281692,2018-08-30
"PA",25,0.26061334631239,53.17,49.9194,0.651,"1502764",53.76,0,0,28.6503,0,0,5.5056,10.332,0,1.003,0,0.927,1.93,6.32,1.0193622126218,3.248743848,0.47573931281692,2018-08-30
"PA",51,0.145424025484983,248.421,191.5255,0.346,"1502764",37.18,0,0,92.5747,0,0,23.2926,9.355,0,0,0,0,0,23.07,1.06059255095718,3.248743848,0.47573931281692,2018-08-30
"PA",114,0.289811621107353,222.667,208.6851,0.71,"1502764",48.82,5.11,0,108.9439,11.4062,0,6.6833,2.995,0,0,0,0,0,6.49,1.0734464031489,3.248743848,0.47573931281692,2018-08-30
"PA",7,0.0736270862324215,79.281,79.2899,0.115,"1502764",33.01,0,0,26.2302,0,0,1.7803,2.24,0.784,0.896,0.784,0,2.464,0.21,1.12138429905017,3.248743848,0.47573931281692,2018-08-30
"PA",29,0.087411124179404,206.429,195.0289,0.193,"1502764",0,0,0,0,0,0,14.0073,6.77,0.431,0,0,0.151,0.582,5.73,1.02257174375172,3.248743848,0.47573931281692,2018-08-30
"PA",20,0.151281579451392,44.317,43.8379,0.593,"1502764",18.28,0,0,8.1198,0,0,0.0026,0.006,0,0,0,0,0,1.3,1.14368993863067,3.248743848,0.47573931281692,2018-08-30
"PA",15,0.226266784118925,38.885,28.635,0.681,"1502764",49.64,0,0,19.3442,0,0,10.5692,27.12,0,0,0,0.135,0.135,26.52,1.11104225478794,3.248743848,0.47573931281692,2018-08-30
"PA",13,0.173284623397655,47.892,45.5675,0.371,"1502764",41.62,0,0,19.9772,0,0,3.6269,7.556,0,1.09,0,0.556,1.646,5.07,1.09104638465331,3.248743848,0.47573931281692,2018-08-30
"PA",6,0.064,37.849,26.1327,0.298,"1503705",5.12,0,0,1.9432,0,0,19.2804,50.827,9.248,1.654,4.326,1.779,17.007,30.03,0.509223365439665,0.777666942,0.289711604070705,2019-06-30
"PA",12,0.207039737691961,35.653,31.6786,0.492,"1503705",76.4,0,0,27.2982,0,0,4.212,11.788,0,0,0,0,0,11.35,1.4456813745962,0.777666942,0.289711604070705,2019-07-08
"PA",17,0.104117703776938,48.267,42.5513,0.519,"1503705",87.23,0,0,42.1953,0,0,9.797,20.252,8.124,1.979,1.482,0.926,12.511,9.82,0.55403329680746,0.777666942,0.289711604070705,2019-06-30
"PA",16,0.148013233112997,29.336,28.4769,0.73,"1503705",19.11,0,0,5.6187,0,0,4.8979,16.659,2.134,3.354,0,0,5.488,3.15,0.535678481693317,0.777666942,0.289711604070705,2019-06-30
"PA",17,0.0709485714454984,52.449,48.8684,0.452,"1503705",73.39,0,0,38.577,0,0,11.2217,21.348,7.18,8.464,2.25,0,17.894,6.01,0.565769859017519,0.777666942,0.289711604070705,2019-06-30
"PA",14,0.100743163987544,87.531,85.1579,0.214,"1503705",75.59,0,0,66.3115,0,0,10.4458,11.907,1.022,0,4.441,0.801,6.264,2.93,0.505473433552409,0.777666942,0.289711604070705,2019-06-30
"PA",19,0.120572783870038,43.227,42.3711,0.583,"1503705",80.25,0,0,34.7657,0,0,14.6919,33.912,14.652,11.423,3.284,1.222,30.581,0.75,0.561497719353427,0.777666942,0.289711604070705,2019-06-30
"PA",8,0.149602366313011,32.742,25.8165,0.403,"1503705",31.24,0,0,10.2523,0,0,7.896,24.062,12.477,3.856,0,0,16.333,21.33,0.523991288906888,0.777666942,0.289711604070705,2019-06-30
"PA",21,0.233007960904254,25.997,26.0496,1.048,"1503705",82.53,0.61,0,21.5028,0.1582,0,0.63,2.418,9.708,0,0.088,0,9.796,0.02,0.531385352759515,0.777666942,0.289711604070705,2019-06-30
"PA",5,0.0376844575812797,38.606,25.5019,0.255,"1503705",29.44,1.88,0,11.3914,0.7269,0,12.0691,31.192,0,2.02,0,1.274,3.294,34.09,0.514118115238491,0.777666942,0.289711604070705,2019-06-30
"PA",53,0.223465782037669,86.844,75.1191,0.917,"1503705",40.67,0,0,35.3959,0,0,23.3857,26.868,0,2.769,2.059,0,4.828,13.69,0.586490478558719,0.777666942,0.289711604070705,2019-06-30
"PA",6,0.0148148148148148,41.204,18.8421,0.414,"1503705",10.23,0,0,4.2264,0,0,23.0463,55.807,1.942,0,1.205,0.668,3.815,54.37,0.518667411886299,0.777666942,0.289711604070705,2019-06-30
"PA",11,0.265211070086866,35.394,34.9312,0.409,"1503705",75.21,12.75,0,26.6809,4.5212,0,0.7548,2.128,0,0.001,0,0,0.001,1.53,1.44315808328916,0.777666942,0.289711604070705,2019-07-08
"PA",10,0.0897341992107986,94.908,89.2353,0.146,"1503705",58.91,0,0,56.0369,0,0,20.7448,21.809,7.906,6.535,0.519,0.33,15.29,4.49,0.514290922158078,0.777666942,0.289711604070705,2019-06-30
"PA",12,0.162431913129311,48.442,38.3894,0.406,"1503705",50.3,0,0,24.4207,0,0,9.9951,20.587,0,0,0.121,0,0.121,18.54,0.531359008950665,0.777666942,0.289711604070705,2019-06-30
"PA",22,0.100532747850838,60.855,41.2627,0.693,"1503705",3.91,0,0,2.3824,0,0,20.9883,34.412,0,1.493,0,0,1.493,31.66,0.535486652525101,0.777666942,0.289711604070705,2019-06-30
"PA",13,0.081060494488211,40.555,30.552,0.553,"1503705",48.41,0,0,19.6784,0,0,11.9438,29.385,0,0,1.264,0,1.264,24.83,0.462076504918091,0.777666942,0.289711604070705,2019-06-30
"PA",5,0.166294304959292,27.416,25.9043,0.251,"1503705",79.49,0,0,21.8427,0,0,2.7237,9.913,0,0,1.957,1.142,3.099,5.72,0.465322890239483,0.777666942,0.289711604070705,2019-06-30
"PA",21,0.19949010572295,39.177,30.8024,0.886,"1503705",18.99,0,0,7.4578,0,0,27.1982,69.269,3.54,21.405,5.006,4.014,33.965,21.55,0.530112364982028,0.777666942,0.289711604070705,2019-06-30
"PA",21,0.161911471295571,30.926,30.7001,0.889,"1503705",74,0,0,22.9366,0,0,0.9841,3.175,3.28,2.596,0,0,5.876,0,0.515192602630451,0.777666942,0.289711604070705,2019-06-30
"PA",12,0.128192168053237,51.161,36.0557,0.433,"1503705",64.2,0,0,32.9181,0,0,13.3929,26.119,0,0.607,0,0,0.607,25.09,0.525831556103066,0.777666942,0.289711604070705,2019-06-30
"PA",6,0.0630470512686085,53.845,31.7111,0.246,"1503705",10.23,0,0,5.5193,0,0,27.9857,51.859,2.282,3.361,3.38,1.768,10.791,40.24,0.539638485362412,0.777666942,0.289711604070705,2019-06-30
"PA",14,0.0742269619025206,50.834,48.317,0.377,"1503705",46.21,0,0,23.5431,0,0,5.1567,10.121,4.164,2.339,0,0,6.503,5.16,0.515882220876035,0.777666942,0.289711604070705,2019-06-30
"PA",5,0.0586317249343925,32.016,19.4313,0.335,"1503705",1.81,0,0,0.5824,0,0,16.325,50.877,1.935,7.152,0,1.249,10.336,39.4,0.56961378111982,0.777666942,0.289711604070705,2019-06-30
"PA",7,0.121099772061848,26.248,15.981,0.569,"1503705",40.01,0,0,10.526,0,0,10.5397,40.064,1.367,0,0,0,1.367,39.25,0.558149948926868,0.777666942,0.289711604070705,2019-06-30
"PA",9,0.0760067953823499,56.864,52.2386,0.224,"1503705",37.52,0,0,21.3808,0,0,22.4794,39.444,7.187,6.623,3.849,4.938,22.597,7.7,0.537615366305305,0.777666942,0.289711604070705,2019-06-30
"PA",38,0.174122785315538,56.679,56.1509,0.88,"1503705",84.59,0,0,48.0506,0,0,8.4093,14.804,6.537,10.337,2.044,0.473,19.391,1.15,0.527574740110058,0.777666942,0.289711604070705,2019-06-30
"PA",10,0.249120100730422,47.735,47.8422,0.272,"1503705",92.92,6.92,0,44.4547,3.3121,0,0.005,0.01,0,0,0,0,0,0,1.4421499578023,0.777666942,0.289711604070705,2019-07-08
"PA",57,0.225285247693075,112.024,101.4566,0.73,"1503705",46.87,0,0,52.6215,0,0,25.2597,22.498,3.143,12.774,0.479,0,16.396,9.14,0.47442258008398,0.777666942,0.289711604070705,2019-06-30
"PA",7,0.0354639663385923,99.543,42.6557,0.213,"1503705",4.22,0,0,4.2066,0,0,72.2462,72.416,3.557,2.735,6.257,2.07,14.619,57.08,0.540580389479299,0.777666942,0.289711604070705,2019-06-30
"PA",45,0.126062041018753,46.916,24.9474,2.345,"1503705",0.46,0.64,0,0.2178,0.3031,0,22.3311,47.492,1.144,0.054,0,0.116,1.314,46.94,0.477526371478301,0.777666942,0.289711604070705,2019-06-30
"PA",7,0.0870790811898598,35.732,26.8155,0.339,"1503705",36.61,0,0,13.1108,0,0,19.5011,54.454,2.753,2.253,5.757,1.537,12.3,23.75,0.50379950949429,0.777666942,0.289711604070705,2019-06-30
"PA",26,0.189757529264585,46.031,40.8164,0.828,"1503705",77.25,0.42,0,35.6383,0.1915,0,17.4253,37.771,7.043,11.106,7.972,0,26.121,11.53,0.535569854559697,0.777666942,0.289711604070705,2019-06-30
"PA",9,0.0522474487139159,61.991,45.3624,0.258,"1503705",24.77,0,0,15.3872,0,0,20.4421,32.902,1.443,2.419,0,0,3.862,25.97,0.572901219199631,0.777666942,0.289711604070705,2019-06-30
"PA",46,0.235890028451828,79.301,70.4302,0.849,"1503705",61.17,16.28,0,48.6177,12.9429,0,7.7425,9.742,0.235,0,0,0,0.235,11.38,0.536523557574351,0.777666942,0.289711604070705,2019-06-30
"PA",8,0.0493006043280414,103.113,84.0038,0.124,"1503705",0,0,0,0,0,0,41.3761,40.037,1.612,0.367,4.605,3.334,9.918,17.67,0.554482765660489,0.777666942,0.289711604070705,2019-06-30
"PA",7,0.119191835884531,39.893,36.8045,0.247,"1503705",25.09,0,0,10.0313,0,0,11.347,28.38,0.597,10.966,0,0.96,12.523,7.87,0.533186466561392,0.777666942,0.289711604070705,2019-06-30
"PA",31,0.105818645652576,194.181,169.2363,0.238,"1503705",51.26,1.46,0,99.7575,2.8405,0,28.1537,14.466,1.75,2.066,0.152,0,3.968,13.04,1.44096492848397,0.777666942,0.289711604070705,2019-07-08
"PA",25,0.246591019191778,26.275,24.6957,1.316,"1503705",14.1,0,0,3.7142,0,0,12.6757,48.135,0,3.064,28.853,1.81,33.727,6.22,0.507903927319763,0.777666942,0.289711604070705,2019-06-30
"PA",7,0.125647736893767,35.017,29.6693,0.307,"1503705",43.85,0,0,15.3882,0,0,15.8931,45.285,2.81,2.299,5.868,1.619,12.596,14.06,0.503675459346074,0.777666942,0.289711604070705,2019-06-30
"PA",15,0.119001151046577,33.02,33.0942,0.589,"1503705",100,0,0,33.0942,0,0,0,0,0,0,0,0,0,0,1.45436814939246,0.777666942,0.289711604070705,2019-07-08
"PA",16,0.11728147009197,84.713,66.7284,0.312,"1503705",54.95,0.29,0,46.6541,0.2443,0,41.3476,48.7,0.739,0.845,6.103,3.894,11.581,21.41,0.488229898813037,0.777666942,0.289711604070705,2019-06-30
"PA",10,0.0942957880030493,40.151,40.2411,0.323,"1503705",44.29,55.71,0,17.8228,22.4182,0,0,0,0,0,0,0,0,0,1.47156628074988,0.777666942,0.289711604070705,2019-07-08
"PA",15,0.0688521363943655,105.903,63.0989,0.309,"1503705",10.39,0,0,11.0235,0,0,83.0304,78.228,3.635,15.899,7.261,2.116,28.911,40.25,0.543923221106609,0.777666942,0.289711604070705,2019-06-30
"PA",17,0.104117703776938,50.214,44.5536,0.496,"1503705",87.07,0,0,43.8198,0,0,9.6848,19.244,7.774,1.843,1.425,0.891,11.933,9.33,0.553983048595667,0.777666942,0.289711604070705,2019-06-30
"PA",27,0.151952354382692,58.65,41.1045,0.854,"1503705",1.21,0,0,0.7099,0,0,44.5447,75.78,3.259,10.161,9.48,7.689,30.589,30.07,0.519245694388244,0.777666942,0.289711604070705,2019-06-30
"PA",8,0.166346468763249,29.408,27.8217,0.374,"1503705",61.49,0,0,18.1225,0,0,3.2779,11.121,0,0,1.825,0,1.825,4.86,0.528607187277973,0.777666942,0.289711604070705,2019-06-30
"PA",9,0.108219645568516,50.649,49.6969,0.235,"1503705",63.16,0,0,32.0607,0,0,16.2787,32.069,2.239,4.283,14.352,0.841,21.715,2.1,0.523469681818582,0.777666942,0.289711604070705,2019-06-30
"PA",63,0.196625596742764,63.645,54.3861,1.506,"1503705",43.66,0,0,27.8516,0,0,13.6356,21.377,4.893,5.607,0,0,10.5,14.74,0.46801372430851,0.777666942,0.289711604070705,2019-06-30
"PA",17,0.111643250974818,84.584,67.4909,0.327,"1503705",58.29,0.05,0,49.4162,0.0396,0,40.9396,48.293,0.74,0.846,6.352,4.117,12.055,20.39,0.487838297942005,0.777666942,0.289711604070705,2019-06-30
"PA",7,0.0467061452558935,54.756,19.9508,0.456,"1503705",1.03,0,0,0.567,0,0,35.6781,65.013,0,4.354,2.707,0,7.061,60.71,0.530940945169019,0.777666942,0.289711604070705,2019-06-30
"PA",13,0.102746148619801,98.803,70.3317,0.24,"1503705",40.27,0,0,39.8816,0,0,30.8994,31.204,2.73,1.067,0,0.449,4.246,24.85,0.537718292592464,0.777666942,0.289711604070705,2019-06-30
"PA",14,0.165939704453343,39.775,39.5509,0.46,"1503705",98.21,0.36,0,39.1514,0.1445,0,1.3377,3.356,0,0,0,0,0,1.56,0.491498478155861,0.777666942,0.289711604070705,2019-06-30
"PA",7,0.0912372435695795,64.099,39.4655,0.231,"1503705",28.79,0,0,18.4938,0,0,10.305,16.041,0,0,0,0,0,24.25,0.552628744848391,0.777666942,0.289711604070705,2019-06-30
"PA",70,0.16269064401098,48.443,39.0288,2.332,"1503705",54.31,0,0,26.3695,0,0,19.1376,39.418,0,0,3.538,5.936,9.474,17.68,0.579495455501491,0.777666942,0.289711604070705,2019-06-30
"PA",15,0.0466228174177097,135.141,113.619,0.172,"1503705",48.4,3.77,0,65.5614,5.1108,0,13.6066,10.046,0,0,0,0,0,9.99,0.539199877032998,0.777666942,0.289711604070705,2019-06-30
"PA",10,0.127210179778326,81.021,63.2117,0.206,"1503705",41.35,0,0,33.5778,0,0,21.3043,26.236,0,1.156,2.068,0.552,3.776,19.99,0.531554411014051,0.777666942,0.289711604070705,2019-06-30
"PA",11,0.0900132478750394,70.545,46.6134,0.307,"1503705",41.37,0,0,29.2481,0,0,39.3916,55.714,0.3,0.011,12.907,1.204,14.422,31.59,0.563260168195799,0.777666942,0.289711604070705,2019-06-30
"PA",19,0.262723879599648,34.578,32.7054,0.755,"1503705",43.58,0,0,15.1045,0,0,5.4959,15.859,22.75,0.41,0,0,23.16,5.63,0.528398859610559,0.777666942,0.289711604070705,2019-06-30
"PA",6,0.116073645463909,36.363,12.0972,0.645,"1503705",0.07,0,0,0.0261,0,0,32.2459,88.48,4.575,4.446,1.722,3.977,14.72,66.81,0.466205474579607,0.777666942,0.289711604070705,2019-06-30
"PA",6,0.110880257907514,88.165,77.4325,0.101,"1503705",65.25,0,0,57.6585,0,0,21.1599,23.947,2.333,1.116,1.826,1.896,7.171,10.85,0.504799936187799,0.777666942,0.289711604070705,2019-06-30
"PA",30,0.14911365678743,78.859,63.6589,0.613,"1503705",66.9,0,0,52.8723,0,0,4.4553,5.637,0.68,0,0,0,0.68,3.1,0.512863917722868,0.777666942,0.289711604070705,2019-06-30
"PA",6,0.0702837733072905,45.266,38.1818,0.204,"1503705",33.13,0,0,15.0321,0,0,9.9612,21.957,0,0,2.174,2.272,4.446,15.84,0.565141523510224,0.777666942,0.289711604070705,2019-06-30
"PA",5,0.0645203304688016,69.524,68.8729,0.094,"1503705",72.49,26.48,0,50.5107,18.4518,0,0.2345,0.337,0,0,0,0,0,0,0.523632728497207,0.777666942,0.289711604070705,2019-06-30
"PA",11,0.188564073670064,52.108,45.4855,0.314,"1503705",44.99,0,0,23.4945,0,0,9.5368,18.261,1.888,0.012,2.914,0,4.814,12.49,0.519071947047932,0.777666942,0.289711604070705,2019-06-30
"PA",51,0.235279014840628,103.646,99.8049,0.664,"1503705",81.05,5.35,0,84.1977,5.5573,0,1.8477,1.779,1.035,0,0,0,1.035,0.83,0.480671929005599,0.777666942,0.289711604070705,2019-06-30
"PA",7,0.177883994584909,29.544,22.019,0.413,"1503705",28.37,0,0,8.3992,0,0,11.1478,37.649,28.115,7.694,0,0,35.809,25.64,0.52610773789385,0.777666942,0.289711604070705,2019-06-30
"PA",12,0.187964991253181,41.721,41.8139,0.373,"1503705",99.93,0,0,41.7865,0,0,0.6365,1.522,0,0,0,0,0,0,0.495725192819555,0.777666942,0.289711604070705,2019-06-30
"PA",21,0.0795689627195286,165.477,111.3402,0.245,"1503705",4.26,0,0,7.069,0,0,78.5933,47.389,0.873,3.419,2.527,1.857,8.676,31.82,0.527887748940228,0.777666942,0.289711604070705,2019-06-30
"PA",7,0.137310962899308,21.494,21.1906,0.429,"1503705",100,0,0,21.542,0,0,1.8432,8.556,0.741,0,0,0.972,1.713,3.21,0.515114491280153,0.777666942,0.289711604070705,2019-06-30
"PA",79,0.110304056998368,432.414,322.0839,0.319,"1503705",31.4,0,0,136.0979,0,0,116.319,26.84,1.876,0.186,0,0.017,2.079,25.67,0.507638836362643,0.777666942,0.289711604070705,2019-06-30
"PA",17,0.1507366402962,51.136,36.7864,0.601,"1503705",39.1,11.79,0,20.0369,6.0437,0,15.5455,30.333,0,0,0,0,0,28.22,0.525792369328446,0.777666942,0.289711604070705,2019-06-30
"PA",12,0.102418057488281,51.215,37.8154,0.413,"1503705",24.69,12.49,0,12.6731,6.4085,0,20.7771,40.478,1.397,0,6.855,0,8.252,22.14,0.569327758163245,0.777666942,0.289711604070705,2019-06-30
"PA",9,0.0260681106307679,102.096,62.1094,0.188,"1503705",2.26,0,0,2.3079,0,0,84.6276,82.705,3.186,6.068,7.27,7.442,23.966,39,0.542437948723419,0.777666942,0.289711604070705,2019-06-30
"PA",64,0.140516352351609,271.608,184.7984,0.45,"1503705",20.7,0,0,56.3381,0,0,125.5127,46.108,5.649,3.421,1.666,0.027,10.763,31.78,0.588494731543852,0.777666942,0.289711604070705,2019-06-30
"PA",19,0.209360108037961,54.924,47.6299,0.519,"1503705",47.85,0,0,26.3411,0,0,9.2924,16.881,0.196,0,1.064,0,1.26,13.47,0.509974319098605,0.777666942,0.289711604070705,2019-06-30
"PA",23,0.137557202767873,50.532,40.0081,0.747,"1503705",24.37,0,0,12.3434,0,0,19.9362,39.364,1.947,5.595,2.478,0.943,10.963,21,0.605853557385368,0.777666942,0.289711604070705,2019-06-30
"PA",9,0.0878828571608421,56.81,53.8891,0.217,"1503705",40.17,0,0,22.8712,0,0,21.1535,37.152,7.737,8.586,3.243,4.685,24.251,5.35,0.537437288502738,0.777666942,0.289711604070705,2019-06-30
"PA",7,0.117933906346557,41.884,30.3721,0.3,"1503705",40.83,0,0,17.1376,0,0,17.3038,41.221,0,0,2.404,0,2.404,27.28,0.520385894245662,0.777666942,0.289711604070705,2019-06-30
"PA",15,0.288880855862562,30.647,30.5686,0.638,"1503705",93.56,0,0,28.7369,0,0,6.7667,22.03,2.439,11.528,9.301,0.017,23.285,0.48,0.483982218650487,0.777666942,0.289711604070705,2019-06-30
"PA",22,0.098618078166021,145.98,115.9417,0.247,"1503705",47.77,1.99,0,69.8939,2.9098,0,50.4823,34.504,3.488,2.801,0.819,1.85,8.958,20.75,0.514747380036149,0.777666942,0.289711604070705,2019-06-30
"PA",8,0.142478444107629,33.106,25.8809,0.402,"1503705",30.94,0,0,10.2674,0,0,8.223,24.783,12.293,4.352,0,0,16.645,22,0.523993796710199,0.777666942,0.289711604070705,2019-06-30
"PA",14,0.0404006669509771,255.496,148.7175,0.122,"1503705",9.79,0,0,25.0777,0,0,157.5558,61.528,1.751,6.069,7.87,0.989,16.679,41.68,0.558590551849468,0.777666942,0.289711604070705,2019-06-30
"PA",9,0.103245553203368,50.22,47.1331,0.248,"1503705",58.16,0,0,29.2726,0,0,16.9362,33.649,1.879,1.109,11.107,1.526,15.621,6.3,0.523024181605149,0.777666942,0.289711604070705,2019-06-30
"PA",17,0.120767971623241,47.979,31.74,0.696,"1503705",29.22,0,0,14.0504,0,0,4.0579,8.439,0,0,0,0,0,18.55,0.547778001203525,0.777666942,0.289711604070705,2019-06-30
"PA",35,0.13336116806667,125.762,76.7949,0.592,"1503705",26.35,0,0,33.2168,0,0,53.3152,42.299,0.722,1.574,0,0,2.296,39.07,0.51022694742203,0.777666942,0.289711604070705,2019-06-30
"PA",11,0.0900132478750394,70.616,46.6845,0.306,"1503705",41.33,0,0,29.2481,0,0,39.3916,55.658,0.299,0.011,12.894,1.203,14.407,31.55,0.563261403246316,0.777666942,0.289711604070705,2019-06-30
"PA",7,0.0778498534683311,44.101,31.9134,0.285,"1503705",16.17,0,0,7.1464,0,0,14.148,32.01,0,0,1.217,0,1.217,27.8,0.57478034388375,0.777666942,0.289711604070705,2019-06-30
"PA",11,0.0580527207932399,55.934,42.7127,0.335,"1503705",58.06,6.04,0,32.5478,3.3862,0,11.5437,20.592,0,0,0,0,0,21.34,0.539130524060606,0.777666942,0.289711604070705,2019-06-30
"PA",24,0.072618353808843,84.452,75.6641,0.412,"1503705",72.5,0,0,61.3682,0,0,11.3813,13.446,0,0,0,0.005,0.005,9.76,0.525005758387615,0.777666942,0.289711604070705,2019-06-30
"PA",12,0.066304062531437,133.672,111.0042,0.141,"1503705",27.36,0,0,36.6591,0,0,40.7629,30.427,5.281,3.253,2.719,0.011,11.264,13.05,0.532987165655377,0.777666942,0.289711604070705,2019-06-30
"PA",6,0.104721359549996,31.347,14.9953,0.52,"1503705",10.93,0,0,3.4339,0,0,22.5357,71.731,4.941,2.394,0,0,7.335,52.27,0.537148251251362,0.777666942,0.289711604070705,2019-06-30
"PA",8,0.0496114595598706,82.785,59.8748,0.174,"1503705",48.23,0.07,0,40.0186,0.0562,0,17.2848,20.833,0,0,0,0,0,20.37,0.536520933334069,0.777666942,0.289711604070705,2019-06-30
"PA",34,0.0919031198491119,49.984,44.6111,0.991,"1503705",48.56,2.36,0,24.3258,1.1841,0,4.0541,8.093,0,0,0,0,0,10.95,1.43816538554833,0.777666942,0.289711604070705,2019-07-08
"PA",16,0.124844322387665,51.219,40.2271,0.517,"1503705",32.51,0.25,0,16.6875,0.13,0,11.0769,21.578,0,0,1.564,1.362,2.926,21.51,0.543686570448563,0.777666942,0.289711604070705,2019-06-30
"PA",7,0.0390878166229283,58.74,55.3209,0.164,"1503705",40.02,7.99,0,23.559,4.7031,0,0.7402,1.257,0,0,0,0,0,2.22,0.542387277903985,0.777666942,0.289711604070705,2019-06-30
"PA",17,0.17132482000657,35.09,33.2889,0.664,"1503705",39.22,0,0,13.7929,0,0,25.6417,72.911,10.702,62.378,1.069,0.009,74.158,5.35,0.535260707049134,0.777666942,0.289711604070705,2019-06-30
"PA",78,0.0513921783798488,482.752,285.3135,0.355,"1503705",13.79,0,0,66.6964,0,0,285.9078,59.092,5.336,6.05,2.124,0.592,14.102,40.67,0.577681675887192,0.777666942,0.289711604070705,2019-06-30
"PA",51,0.191241676039123,40.952,28.837,2.299,"1503705",20.24,0,0,8.3072,0,0,13.8387,33.717,1.725,0,0,0,1.725,29.3,0.577750665242592,0.777666942,0.289711604070705,2019-06-30
"PA",14,0.0889897948556636,48.228,33.6083,0.542,"1503705",19.49,0,0,9.4215,0,0,19.2671,39.86,0,1.018,1.542,0.276,2.836,29.36,0.500757508555066,0.777666942,0.289711604070705,2019-06-30
"PA",8,0.0599911259614466,37.97,30.2158,0.344,"1503705",55.06,0,0,20.9522,0,0,10.6851,28.078,6.773,0,5.183,1.413,13.369,16.01,0.569019360145152,0.777666942,0.289711604070705,2019-06-30
"PA",8,0.11565646152233,50.226,37.6766,0.276,"1503705",31.15,0,0,15.6808,0,0,25.3938,50.446,1.959,1.276,5.571,1.547,10.353,24.17,0.500938652922218,0.777666942,0.289711604070705,2019-06-30
"PA",8,0.0614503627012038,101.3,66.2273,0.157,"1503705",27.64,0,0,28.0603,0,0,35.1071,34.579,0.293,1.413,0,0.53,2.236,33.07,0.493849842143594,0.777666942,0.289711604070705,2019-06-30
"PA",6,0.032,40.035,28.4365,0.274,"1503705",0,0,0,0,0,0,12.8336,31.984,0,0.109,1.265,0.332,1.706,29.13,0.59818938786266,0.777666942,0.289711604070705,2019-06-30
"PA",7,0.0674160628566657,47.617,38.5385,0.236,"1503705",21.38,0,0,10.2023,0,0,17.9283,37.567,2.408,9.035,2.215,0.073,13.731,12.95,0.537864950102669,0.777666942,0.289711604070705,2019-06-30
"PA",7,0.033786065417699,45.795,31.0837,0.293,"1503705",43.37,5.29,0,19.9076,2.4274,0,21.9541,47.833,1.934,4.891,4.882,2.245,13.952,32.28,0.505778130599447,0.777666942,0.289711604070705,2019-06-30
"PA",41,0.149138461227595,57.522,43.7848,1.217,"1503705",35,0,0,20.1791,0,0,21.7143,37.665,0.933,2.73,0,2.139,5.802,23.71,0.562327016181894,0.777666942,0.289711604070705,2019-06-30
"PA",11,0.145399339747985,42.376,41.131,0.348,"1503705",65.55,31.29,0,27.8406,13.2905,0,1.1024,2.596,0,0,0,0,0,3.15,0.499732058705815,0.777666942,0.289711604070705,2019-06-30
"PA",16,0.164133666431974,45.083,37.3414,0.557,"1503705",41.53,24.46,0,18.7643,11.0526,0,11.4585,25.36,0,1.388,0.917,0,2.305,17.36,0.492256499853592,0.777666942,0.289711604070705,2019-06-30
"PA",12,0.126932012278097,50.032,35.875,0.435,"1505064",20.35,0,0,10.2042,0,0,23.3726,46.611,0,4.244,5.589,0,9.833,28.46,1.48429532017141,0.184750494,0.434166419099277,2019-08-07
"PA",27,0.214413813706066,175.757,129.462,0.271,"1505064",18.47,0,0,32.5429,0,0,45.4904,25.825,6.561,0.657,0.289,0,7.507,26.5,1.62488320493211,0.184750494,0.434166419099277,2019-08-08
"PA",21,0.0796383805498214,90.26,33.9834,0.803,"1505064",10.02,0,0,9.0651,0,0,54.9401,60.733,0,0,0,0,0,62.43,1.55928334258162,0.184750494,0.434166419099277,2019-08-07
"PA",133,0.0743962101973377,587.598,222.9193,0.776,"1505064",11.59,0,0,68.2476,0,0,378.6338,64.294,0.122,0.457,0.122,0,0.701,62.15,1.58069691087313,0.184750494,0.434166419099277,2019-08-07
"PA",56,0.189656213504124,264.769,223.2284,0.326,"1505064",31.95,0,0,84.7833,0,0,35.3253,13.312,0.016,0.108,0,0,0.124,15.67,1.63532116781821,0.184750494,0.434166419099277,2019-08-08
"PA",33,0.177988191589505,121.149,99.2787,0.432,"1505064",36.78,0,0,44.6553,0,0,22.6996,18.695,0,0.443,0,0,0.443,18.24,1.59430636040216,0.184750494,0.434166419099277,2019-08-07
"PA",194,0.23259342941279,201.613,180.5837,1.397,"1505064",32.55,0,0,65.767,0,0,22.7534,11.26,0.011,0,0.673,0,0.684,10.12,1.50479594339469,0.184750494,0.434166419099277,2019-08-07
"PA",24,0.0462416192576797,194.593,108.3794,0.288,"1505064",3.84,0,0,7.4905,0,0,89.1415,45.707,0.347,1.012,0.414,0,1.773,44.43,1.6109256948799,0.184750494,0.434166419099277,2019-08-07
"PA",5,0.0233073428725603,59.607,47.0457,0.138,"1505064",41.18,0,0,24.599,0,0,17.3279,29.005,4.897,1.305,3.004,0,9.206,21.25,1.02279713501486,0.184750494,0.434166419099277,2019-08-14
"PA",23,0.0724633530703771,46.874,33.1751,0.901,"1505064",19.95,0,0,9.3733,0,0,13.0288,27.733,0,0,0,0,0,29.38,1.56126919037776,0.184750494,0.434166419099277,2019-08-07
"PA",22,0.108951441180226,47.795,18.3886,1.555,"1505064",16.52,0,0,7.912,0,0,29.355,61.281,0,0,0,0,0,61.61,1.55819193252029,0.184750494,0.434166419099277,2019-08-07
"PA",16,0.287960916940028,51.83,43.5931,0.477,"1505064",24.29,0,0,12.6184,0,0,4.3181,8.313,0,0,0,0,0,16.08,1.51924118813722,0.184750494,0.434166419099277,2019-08-07
"PA",5,0.0584835745906934,92.955,73.4745,0.088,"1505064",0,0,0,0,0,0,27.8952,29.942,1.829,0.795,1.733,0.529,4.886,21.13,1.59891771178924,0.184750494,0.434166419099277,2019-08-07
"PA",21,0.134075844190724,50.375,38.81,0.703,"1505064",0.41,0,0,0.2062,0,0,21.1816,41.954,0,6.767,5.309,0,12.076,23.13,1.51443657970276,0.184750494,0.434166419099277,2019-08-07
"PA",7,0.0461487153824593,129.805,59.8278,0.152,"1505064",3.36,0,0,4.3709,0,0,74.1283,56.98,0,0,0,0.552,0.552,54.01,1.60295405436859,0.184750494,0.434166419099277,2019-08-08
"PA",52,0.195195363890764,153.963,141.8062,0.477,"1505064",4.69,0,0,7.2436,0,0,46.4039,30.072,1.585,0.349,0.648,0.174,2.756,8.1,1.61763781789606,0.184750494,0.434166419099277,2019-08-08
"PA",25,0.248057099280779,125.401,110.4558,0.294,"1505064",23.19,0,0,29.1402,0,0,59.2939,47.178,10.166,8.202,15.517,1.133,35.018,12.11,1.66117865790024,0.184750494,0.434166419099277,2019-08-08
"PA",115,0.225445265663686,273.222,194.3259,0.769,"1505064",38.65,0.63,0,105.8261,1.7353,0,83.8299,30.613,2.293,0.626,1.149,0.068,4.136,28.93,1.62689123110101,0.184750494,0.434166419099277,2019-08-08
"PA",47,0.19720650431019,124.286,98.9662,0.617,"1505064",45.3,3.48,0,56.4216,4.3388,0,35.3158,28.352,0,2.664,1.44,0,4.104,20.55,1.6054985043202,0.184750494,0.434166419099277,2019-08-07
"PA",5,0.118501478945632,50.666,39.171,0.166,"1505064",0.62,0,0,0.3157,0,0,14.0802,27.728,3.533,1.06,0,0,4.593,22.86,1.63247583856687,0.184750494,0.434166419099277,2019-08-08
"PA",21,0.143260723834137,215.829,129.5915,0.211,"1505064",25.77,2.99,0,55.7328,6.4585,0,83.7535,38.719,0,0,0,0.001,0.001,40.09,1.6055918988197,0.184750494,0.434166419099277,2019-08-08
"PA",13,0.0961224482939765,55.033,45.1022,0.375,"1505064",11.22,0,0,6.1863,0,0,30.9255,56.069,6.23,6.027,19.278,0,31.535,18.23,1.65763913676549,0.184750494,0.434166419099277,2019-08-08
"PA",23,0.0351342412171661,766.27,375.7421,0.08,"1505064",1.68,0,0,12.9226,0,0,378.3135,49.261,0.973,0.507,0.122,0,1.602,51.07,1.66190480182422,0.184750494,0.434166419099277,2019-08-08
"PA",20,0.19662706182188,49.043,45.4271,0.572,"1505064",33.22,0,0,16.3305,0,0,13.8244,28.125,6.387,1.194,2.998,1.095,11.674,7.58,1.68137496072684,0.184750494,0.434166419099277,2019-08-08
"PA",40,0.195675187805901,56.797,47.5969,1.093,"1505064",0,0,0,0,0,0,12.2219,21.471,1.103,0.007,0,0,1.11,16.39,1.4899781882514,0.184750494,0.434166419099277,2019-08-07
"PA",21,0.144868049422209,63.191,37.4794,0.728,"1505064",8.99,0,0,5.6953,0,0,35.6032,56.216,5.528,6.637,4.883,0.904,17.952,40.82,1.49897653190846,0.184750494,0.434166419099277,2019-08-07
"PA",12,0.240192574822566,49.196,37.8092,0.413,"1505064",28.61,0,0,14.1079,0,0,6.4472,13.076,0,0,0,0,0,23.32,1.51984481298413,0.184750494,0.434166419099277,2019-08-07
"PA",32,0.222252680710235,231.823,166.0552,0.251,"1505064",40.27,0,0,93.5651,0,0,61.171,26.328,0,0,0,0.009,0.009,28.53,1.63879208372023,0.184750494,0.434166419099277,2019-08-08
"PA",19,0.278183457688709,50.314,43.2133,0.572,"1505064",11.38,0,0,5.7395,0,0,15.2763,30.294,0,3.023,9.589,2.391,15.003,14.3,1.52513016550903,0.184750494,0.434166419099277,2019-08-07
"PA",23,0.0712591079140896,208.853,167.9871,0.178,"1505064",14.9,0,0,31.1821,0,0,56.1707,26.835,0,0.616,2.158,0.46,3.234,19.75,1.63996423318537,0.184750494,0.434166419099277,2019-08-08
"PA",80,0.278989539855689,100.334,88.1971,1.179,"1505064",42.92,0,0,43.1621,0,0,14.1878,14.109,0,0,0.866,0,0.866,12.29,1.51204858095294,0.184750494,0.434166419099277,2019-08-07
"PA",9,0.068649270144131,45.276,44.17,0.265,"1505635",40.95,0,0,18.5823,0,0,0.9838,2.168,0,0,0,0.788,0.788,2.66,0.713187955570509,1.513010064,0.191492722711824,2019-07-25
"PA",8,0.0730879487064264,64.144,64.2852,0.162,"1505635",75.36,0,0,48.4491,0,0,0,0,0,0,0.011,0.108,0.119,0.01,0.703622900767606,1.513010064,0.191492722711824,2019-07-25
"PA",8,0.0467727422750261,91.417,86.6353,0.12,"1505635",60.75,0,0,55.6559,0,0,0.8049,0.878,0,0,0,0,0,5.44,0.686922496398566,1.513010064,0.191492722711824,2019-07-25
"PA",5,0.0348621067177469,58.291,58.4211,0.111,"1505635",60.87,0,0,35.5624,0,0,0.6261,1.072,0,0,0.919,0.459,1.378,0,0.711249885631011,1.513010064,0.191492722711824,2019-07-25
"PA",18,0.0604418003992732,111.994,92.0699,0.254,"1505635",28.86,0,0,32.3984,0,0,5.5924,4.982,0,0,5.314,0,5.314,17.97,0.160466125397449,1.513010064,0.191492722711824,2019-05-28
"PA",13,0.0707509823107454,95.35,94.8703,0.178,"1505635",98.11,0,0,93.7609,0,0,0,0,0,0,0,0,0,0.72,0.700650150378763,1.513010064,0.191492722711824,2019-07-25
"PA",23,0.0402015126103685,55.054,52.3353,0.571,"1505635",53.92,4.16,0,29.7493,2.2981,0,0,0,0,0,0,0,0,2.4,0.702895947713933,1.513010064,0.191492722711824,2019-07-25
"PA",7,0.044353111832773,91.177,91.3739,0.1,"1505635",79.13,0,0,72.3133,0,0,0,0,0,0,0,0,0,0.02,0.686059007571045,1.513010064,0.191492722711824,2019-07-25
"PA",17,0.0518568873555754,100.348,74.5828,0.296,"1505635",46.38,0,0,46.6424,0,0,23.3577,23.225,0,0.622,2.887,0.211,3.72,25.84,0.712626540176748,1.513010064,0.191492722711824,2019-07-25
"PA",8,0.0713882289690676,64.143,64.2828,0.162,"1505635",75.2,0,0,48.3445,0,0,0,0,0,0,0.006,0.121,0.127,0.01,0.70362005664435,1.513010064,0.191492722711824,2019-07-25
"PA",7,0.0638435371424779,56.187,51.8394,0.176,"1505635",59.62,0,0,33.5724,0,0,2.5041,4.447,0,0,0.953,0,0.953,7.94,0.6868993871412,1.513010064,0.191492722711824,2019-07-25
"PA",7,0.109215295060762,43.797,43.8948,0.207,"1505635",99.37,0.63,0,43.6168,0.278,0,0.6153,1.402,0,0,0.113,0,0.113,0,0.184182043769751,1.513010064,0.191492722711824,2019-05-28
"PA",7,0.060995626366713,113.447,112.3591,0.081,"1505635",96.06,0,0,109.2171,0,0,0,0,0,0,0,0,0,1.18,0.674826343889426,1.513010064,0.191492722711824,2019-07-25
"PA",5,0.059728785412366,58.878,57.6996,0.113,"1505635",37.25,11.09,0,21.9817,6.5462,0,0,0,0,0,0,0,0,2.22,0.674491675720036,1.513010064,0.191492722711824,2019-07-25
"PA",5,0.0412155362886595,59.167,57.799,0.112,"1505635",72.72,0,0,43.1197,0,0,0.5945,1.003,0,0,0,0,0,0.84,0.715344383650403,1.513010064,0.191492722711824,2019-07-25
"PA",29,0.0917183493879684,152.822,149.0908,0.253,"1505635",43.1,48.18,0,66.0122,73.7873,0,0,0,0,0,0,0,0,0.79,0.70307540208516,1.513010064,0.191492722711824,2019-07-25
"PA",12,0.0550745054868239,97.771,97.9902,0.159,"1505635",71.24,13.1,0,69.8054,12.8383,0,0,0,0,0,0,0,0,0,0.683440367986129,1.513010064,0.191492722711824,2019-07-25
"PA",6,0.0635641391826168,23.153,22.0866,0.353,"1505635",73.02,0,0,16.9446,0,0,0.5366,2.313,0,0,2.698,0,2.698,4.82,0.707322897071415,1.513010064,0.191492722711824,2019-07-25
"PA",8,0.0715853288599973,106.509,91.8089,0.113,"1505635",54.17,0,0,57.8238,0,0,13.9252,13.045,0,0,0,0,0,13.99,0.673340081324628,1.513010064,0.191492722711824,2019-07-25
"PA",14,0.087973062301303,91.077,91.2807,0.199,"1505635",83.89,16.11,0,76.5712,14.7094,0,0,0,0,0,0,0.308,0.308,0,0.689481872682273,1.513010064,0.191492722711824,2019-07-25
"PA",5,0.0553868561114938,37.74,37.8241,0.172,"1505635",74.87,0,0,28.3179,0,0,0,0,0,0,0,0,0,0,0.702363685970262,1.513010064,0.191492722711824,2019-07-25
"PA",30,0.155930176310108,72.625,72.6394,0.537,"1505635",86.5,12.37,0,62.9639,9.0021,0,0,0,0,0,0,0,0,0.04,0.179573630084484,1.513010064,0.191492722711824,2019-05-28
"PA",20,0.143531927186554,47.658,42.2189,0.616,"1505635",56.76,23.56,0,27.1105,11.2552,0,0,0,0,0,0,0,0,0,0.708797198044232,1.513010064,0.191492722711824,2019-07-25
"PA",8,0.0555252947241384,109.632,104.6502,0.099,"1505635",78.5,0,0,86.2502,0,0,0.8049,0.733,0,0,0,0,0,4.46,0.686721431952227,1.513010064,0.191492722711824,2019-07-25
"PA",14,0.0457230230002445,151.381,147.187,0.124,"1505635",70.97,0,0,107.6762,0,0,2.4977,1.646,0,0,0.26,0,0.26,2.99,0.686479057614221,1.513010064,0.191492722711824,2019-07-25
"PA",10,0.0508513113460935,54.145,51.3462,0.253,"1505635",63.2,0,0,34.2944,0,0,1.1984,2.208,0,0,0,0,0,3.9,0.714476436169413,1.513010064,0.191492722711824,2019-07-25
"PA",8,0.0741581623797196,56.906,49.2128,0.211,"1505635",17.49,69.34,0,9.9745,39.5473,0,0,0,0,0,0,0,0,0,0.707120509149517,1.513010064,0.191492722711824,2019-07-25
"PA",16,0.0660544211246446,99.122,99.3436,0.209,"1505635",62.7,34.79,0,62.2857,34.5655,0,0,0,0,0,0,0,0,0,0.683079755118492,1.513010064,0.191492722711824,2019-07-25
"PA",5,0.179508766747784,41.41,41.5022,0.157,"1505635",67.66,0,0,28.0806,0,0,0.7258,1.749,0,0,0.981,0,0.981,0,0.715212500596818,1.513010064,0.191492722711824,2019-07-25
"PA",15,0.0987922159770334,65.118,65.2636,0.299,"1505635",100,0,0,65.2636,0,0,0,0,0,0,0,0,0,0,0.682492034924866,1.513010064,0.191492722711824,2019-07-25
"PA",17,0.0344027809201385,257.389,255.7582,0.086,"1505635",78.71,0,0,203.055,0,0,0.1497,0.058,0,0,0,0,0,0.86,0.703287068747994,1.513010064,0.191492722711824,2019-07-25
"PA",20,0.143531927186554,47.658,43.4697,0.598,"1505635",56.85,18.98,0,27.1536,9.0646,0,0,0,0,0,0,0,0,0,0.708321344773976,1.513010064,0.191492722711824,2019-07-25
"PA",5,0.0131286224097331,90.307,88.1475,0.074,"1505635",74.7,0.08,0,67.6149,0.0689,0,0.6604,0.73,0,0,0,0,0,1.66,0.701531916400704,1.513010064,0.191492722711824,2019-07-25
"PA",33,0.13364895035322,87.371,86.6294,0.495,"1505635",96.53,0.79,0,84.531,0.6906,0,0,0,0,0,0,0,0,0,0.680873228197997,1.513010064,0.191492722711824,2019-07-25
"PA",10,0.0509915214914335,438.631,283.0576,0.046,"1506187",31.62,8.58,24.83,138.9948,37.7177,109.1178,4.7113,1.072,0.177,0.484,0.001,0,0.662,6.45,0.275928732960775,3.452898406,0.246532105110683,2018-06-12
"PA",17,0.0504114658025243,230.655,34.7348,0.636,"1506187",3.38,11.87,82.46,7.8221,27.4326,190.6307,0.0477,0.021,0,0,0,0,0,2.51,0.239292048119011,3.452898406,0.246532105110683,2018-06-12
"PA",34,0.0841504183355596,453.437,104.9884,0.421,"1506187",1.02,22.67,63.7,4.6209,103.0176,289.8796,60.0644,13.217,0,0,0,0,0,12.96,0.253658397066609,3.452898406,0.246532105110683,2018-06-12
"PA",47,0.084587712414716,246.662,234.9499,0.26,"1506187",53.78,4.92,0,132.9436,12.1619,0,3.117,1.261,0,0,0.002,0,0.002,2.95,0.187207589791509,3.452898406,0.246532105110683,2018-06-12
"PA",176,0.181410581916826,515.971,477.1113,0.48,"1506187",55.86,13.85,0,288.878,71.6304,0,17.2485,3.335,0,0.195,0.665,0.001,0.861,2.53,0.22341893356243,3.452898406,0.246532105110683,2018-06-12
"PA",15,0.150033451438505,76.048,72.8713,0.268,"1506187",33.26,62.35,0,25.3486,47.5228,0,0,0,0,0,0,0,0,0.4,0.222082847406339,3.452898406,0.246532105110683,2018-06-12
"PA",87,0.0815128988383472,605.278,314.7838,0.359,"1506187",22.76,25.29,0,138.0437,153.3946,0,283.6499,46.758,0.148,0,0,0.03,0.178,46.76,0.255716642363733,3.452898406,0.246532105110683,2018-06-12
"PA",151,0.0541198060868501,711.516,540.1828,0.363,"1506187",51.81,1.05,0,369.4322,7.4997,0,144.4918,20.262,0,0,1.686,0.418,2.104,19.24,0.202223417492448,3.452898406,0.246532105110683,2018-06-12
"PA",27,0.065251005046276,205.385,184.4579,0.19,"1506187",57.93,0,0,119.2481,0,0,7.343,3.567,0.261,0,0,0.051,0.312,3.41,0.282477927520475,3.452898406,0.246532105110683,2019-06-17
"PA",9,0.0422088607410996,167.66,134.1147,0.087,"1506187",50.8,0.62,0,85.3682,1.0452,0,31.7439,18.891,0,0,0,0,0,18.14,0.0928267939244386,3.452898406,0.246532105110683,2019-06-17
"PA",27,0.06251781652703,145.883,135.1362,0.26,"1506187",71.7,9,0,104.8292,13.1587,0,3.3606,2.298,0,0,0,0,0,6.45,0.223371403304318,3.452898406,0.246532105110683,2018-06-12
"PA",5,0.114078927902445,80.294,74.4578,0.087,"1506187",3.06,88.01,5.06,2.4626,70.8246,4.0848,0,0,0,0,0,0,0,1.18,0.227610852198228,3.452898406,0.246532105110683,2018-06-12
"PA",20,0.0547378720069453,147.936,134.0759,0.194,"1506187",67.69,17.29,0,100.3542,25.6312,0,1.023,0.69,0,0,0,0,0,0.79,0.265171600800684,3.452898406,0.246532105110683,2018-06-12
"PA",26,0.0722741591168857,205.706,185.0574,0.183,"1506187",56.42,0,0,116.321,0,0,5.3684,2.604,0.261,0,0,0,0.261,3.05,0.283170866895397,3.452898406,0.246532105110683,2019-06-17
"PA",21,0.0670039205593391,185.034,171.4336,0.159,"1506187",79.6,2.85,0,147.6146,5.282,0,4.4734,2.412,0,0,0,0,0,2.97,0.189814098885714,3.452898406,0.246532105110683,2018-06-12
"PA",39,0.12039829613375,97.084,91.361,0.555,"1506187",72.3,13.12,0,70.3509,12.7659,0,3.3412,3.434,0,0,0,0,0,3.91,0.101367750285861,3.452898406,0.246532105110683,2019-06-17
"PA",11,0.210997259699333,39.035,34.9713,0.409,"1506187",0,89.63,3.98,0,35.0655,1.564,0,0,0,0,0,0,0,0,0.230503772049698,3.452898406,0.246532105110683,2018-06-12
"PA",16,0.0816255482480548,93.899,63.7246,0.326,"1506195",11.2,0,0,10.5444,0,0,27.2145,28.918,1.742,0.531,1.508,0,3.781,30.74,1.29866020157461,0,0,2018-06-14
"PA",46,0.152085252256394,93.803,76.0633,0.786,"1506195",12.51,0,0,11.7637,0,0,14.9385,15.89,0.977,0,0,0,0.977,16.3,1.32003271457981,0,0,2018-06-14
"PA",28,0.155379006890841,94.058,53.1089,0.685,"1506195",31.34,0,0,29.5427,0,0,42.7427,45.341,0,0.762,0.574,0,1.336,43.14,1.29715637244687,0,0,2018-06-14
"PA",26,0.15902349538899,99.228,67.5057,0.501,"1506195",45.13,0,0,44.8787,0,0,23.4977,23.628,0,0,0,0,0,24.58,1.32137005898024,0,0,2018-06-14
"PA",6,0.0363636363636364,49.392,33.2603,0.235,"1506195",0,0,0,0,0,0,17.2342,34.815,1.113,1.077,0.965,0.379,3.534,32.28,1.29937505209562,0,0,2018-06-14
"PA",5,0.0363299316185545,90.03,36.4589,0.178,"1506195",3.5,0,0,3.1567,0,0,56.5236,62.643,2.787,3.483,0.153,0,6.423,59.59,1.29748880972344,0,0,2018-06-14
"PA",12,0.118191528753757,97.557,59.4117,0.263,"1506195",39.78,0,0,38.8975,0,0,39.5549,40.455,0.786,0,2.5,0,3.286,37.76,1.30019866554962,0,0,2018-06-14
"PA",9,0.0724177088476877,92.804,42.7306,0.274,"1506195",0,0,0,0,0,0,59.9043,64.405,0.654,1.913,7.823,0.386,10.776,53.98,1.29940404380841,0,0,2018-06-14
"PA",56,0.162025405138872,84.669,76.012,0.958,"1506195",0,0,0,0,0,0,4.2161,4.968,0,0,0,0,0,10.31,1.30576486799753,0,0,2018-06-14
"PA",46,0.120721065661355,49.991,49.8555,1.199,"1506195",54.07,11.47,0,27.0902,5.7472,0,13.7458,27.435,3.764,25.16,0.064,0,28.988,0.49,1.32554430973078,0,0,2018-06-14
"PA",32,0.178239598718218,92.796,61.3109,0.679,"1506195",4.62,0,0,4.3003,0,0,33.5082,36.029,2.787,0,0.966,0,3.753,32.16,1.29947394612622,0,0,2018-06-14
"PA",77,0.217208035657829,100.292,57.4406,1.743,"1506195",44.91,0,0,45.1387,0,0,12.2547,12.192,0,0,0,0,0,13.71,1.29912654293488,0,0,2018-06-14
"PA",10,0.0493700059074917,251.682,168.6421,0.077,"1506195",0.82,0,0,2.0583,0,0,107.2975,42.537,0.285,2.955,5.91,1.46,10.61,33.14,1.3266931300528,0,0,2018-06-14
"PA",9,0.0833802436696739,85.116,67.4928,0.173,"1506195",35.24,0,0,30.0649,0,0,42.5233,49.847,11.344,1.579,13.81,0.579,27.312,20.38,1.2963243515145,0,0,2018-06-14
"PA",20,0.0291769819198897,94.153,48.6084,0.535,"1506195",8.74,0,0,8.2466,0,0,59.917,63.496,0.571,5.615,4.853,1.808,12.847,48.49,1.32516986826305,0,0,2018-06-14
"PA",24,0.153382411106832,92.431,74.845,0.417,"1506195",11.6,0,0,10.7414,0,0,35.5513,38.377,1.066,1.029,1.454,5.47,9.019,19.21,1.32458244582505,0,0,2018-06-14
"PA",38,0.257288900861444,94.341,68.1017,0.725,"1506195",22.82,0,0,21.5736,0,0,37.5124,39.674,0.078,0,0,0.57,0.648,27.76,1.32323017952398,0,0,2018-06-14
"PA",5,0.0296776800899985,96.673,37.085,0.175,"1506195",19.99,0,0,19.3726,0,0,65.1027,67.193,0,0,0,0.463,0.463,61.72,1.32079592430226,0,0,2018-06-14
"PA",10,0.123265304728739,92.767,56.1846,0.231,"1506195",13.09,0,0,12.1741,0,0,32.0505,34.472,0,0,0,0,0,36.7,1.29757925083568,0,0,2018-06-14
"PA",63,0.143770647836642,106.182,59.9523,1.366,"1506195",43.42,0,0,46.2119,0,0,33.081,31.085,0,0,0,0,0,42.78,1.34543200103621,0,0,2018-06-14
"PA",16,0.0662262958385262,113.284,63.8042,0.326,"1506195",0,0,0,0,0,0,21.9731,19.353,1.107,0.006,0,0,1.113,39.92,1.30490765538232,0,0,2018-06-14
"PA",155,0.287727238751538,174.789,153.8722,1.31,"1506195",45.09,0,0,78.9964,0,0,17.7502,10.133,0,0.308,0.252,0,0.56,9.93,1.32529966022408,0,0,2018-06-14
"PA",24,0.023641498186711,559.773,97.5568,0.32,"1506195",3.85,0.17,0,21.598,0.9476,0,459.5266,81.908,0.368,1.553,0.081,0,2.002,82.47,1.3447104158277,0,0,2018-06-14
"PA",54,0.248739813325028,93.071,92.1519,0.762,"1506195",26.38,0,0,24.6092,0,0,1.7208,1.845,0.578,0.001,0,0,0.579,1.21,1.32347988370785,0,0,2018-06-14
"PA",40,0.242718400307519,98.001,55.0551,0.945,"1506195",21.36,0,0,20.9792,0,0,47.7669,48.632,0,1.006,2.106,0.64,3.752,41.19,1.3228620924446,0,0,2018-06-14
"PA",34,0.119951556528968,94.275,75.0124,0.589,"1506195",11.54,0,0,10.9038,0,0,37.4852,39.673,1.045,1.182,1.578,5.314,9.119,20.61,1.32474662891611,0,0,2018-06-14
"PA",27,0.118775014766167,105.834,96.0309,0.366,"1506195",18.37,0,0,19.4802,0,0,5.96,5.619,0,0,0.04,0,0.04,6.3,1.2878420489345,0,0,2018-06-14
"PA",154,0.265938384638535,184.491,154.5933,1.295,"1506195",42.46,0,0,78.5028,0,0,27.5272,14.887,0,0.291,0.508,0,0.799,14.26,1.3245553971118,0,0,2018-06-14
"PA",5,0.0296776800899985,96.38,38.679,0.168,"1506195",22.56,0,0,21.7907,0,0,62.8832,65.099,0,0,0,0.465,0.465,59.78,1.32169036143027,0,0,2018-06-14
"PA",25,0.158054174831183,95.465,61.9958,0.524,"1506195",3.33,0,0,3.1896,0,0,40.8995,42.747,0.162,0,0.85,0,1.012,34.64,1.29978492191557,0,0,2018-06-14
"PA",15,0.111415471505116,91.945,64.7844,0.301,"1506195",9.4,0,0,8.6657,0,0,23.0807,25.047,3.849,0,0,0,3.849,25.5,1.32424942899861,0,0,2018-06-14
"PA",41,0.196723349694515,92.592,77.789,0.685,"1506195",27.68,0,0,25.6915,0,0,9.1759,9.888,0,0,0,0,0,10.34,1.33355465586398,0,0,2018-06-14
"PA",120,0.183977537623839,210.285,119.3633,1.307,"1506195",28.82,0,0,60.7355,0,0,103.038,48.89,1.687,1.529,1.023,0.32,4.559,40.23,1.31966838700961,0,0,2018-06-14
"PA",10,0.0975382229533061,98.83,60.1722,0.216,"1506195",33.75,0,0,33.4267,0,0,48.851,49.319,0,2.327,3.393,0.453,6.173,39.25,1.31909269975698,0,0,2018-06-14
"PA",7,0.0438030443528023,96.381,40.5271,0.225,"1506195",24.23,0,0,23.4075,0,0,60.1682,62.288,0,0,0,0.465,0.465,57.51,1.32200994119717,0,0,2018-06-14
"PA",12,0.0559103727077827,98.715,50.9815,0.306,"1506195",7.83,0,0,7.7469,0,0,47.1629,47.67,0.102,0.545,0,0,0.647,48.47,1.32061949545263,0,0,2018-06-14
"PA",6,0.033503541250442,86.88,45.3129,0.172,"1506195",0,0,0,0,0,0,42.2059,48.471,1.444,3.622,0,0,5.066,47.03,1.31057560058059,0,0,2018-06-14
"PA",26,0.262911878257729,85.657,71.4833,0.473,"1506195",34.72,5.23,0,29.8041,4.4901,0,13.0782,15.234,6.803,0.144,0.941,0,7.888,11.23,1.29693176274884,0,0,2018-06-14
"PA",5,0.0444745656285563,100.374,42.3518,0.153,"1506195",3.92,0,0,3.9408,0,0,60.4688,60.109,4.235,0.714,3.334,0,8.283,57.85,1.30079327583625,0,0,2018-06-14
"PA",8,0.0670475073533875,93.955,44.6053,0.233,"1506195",0,0,0,0,0,0,59.5518,63.242,0.518,1.801,8.189,0.381,10.889,52.6,1.29897580503333,0,0,2018-06-14
"PA",11,0.121831155880187,108.725,61.7885,0.231,"1506195",3.3,0,0,3.5996,0,0,46.1127,42.317,0,0,0,0,0,42.18,1.27732297511086,0,0,2018-06-14
"PA",46,0.202440583748835,95.888,61.9727,0.965,"1506195",46.05,0,0,44.2591,0,0,18.2071,18.945,0,0,0,0,0,20.72,1.29877133733247,0,0,2018-06-14
"PA",13,0.0798602317411965,82.638,55.4233,0.305,"1506195",10.04,0,0,8.3124,0,0,23.7719,28.702,1.881,0.076,1.634,0,3.591,31.35,1.29847380791836,0,0,2018-06-14
"RO",55,0.0441387193892508,156.119,101.512,0.704,"1100015",31.6,0,0,49.4362,0,0,56.7013,36.238,0.338,0.247,0,0,0.585,34.67,0.57261671274004,0.665528668,0.630775216362356,2018-07-19
"RO",16,0.106112830593176,49.055,42.7411,0.487,"1100015",62.85,0,0,30.8994,0,0,3.7189,7.564,0.012,0.301,0,0,0.313,8.57,0.526415968581778,0.665528668,0.630775216362356,2018-07-19
"RO",151,0.0426010820683575,700.888,313.2057,0.627,"1100015",0.18,0,0,1.2597,0,0,356.0364,50.684,0,0,0.113,0.179,0.292,50.15,0.580458890492121,0.665528668,0.630775216362356,2018-07-11
"RO",13,0.155699706936662,20.239,19.4912,0.867,"1100015",93.54,0,0,18.9748,0,0,0.0853,0.421,0,0,0,0,0,0,0.567023618055622,0.665528668,0.630775216362356,2018-07-19
"RO",85,0.030062094737754,521.688,154.0309,0.717,"1100015",1.53,0,0,8.015,0,0,383.0522,73.262,0.011,0.354,0,0.137,0.502,70.54,0.589668323406916,0.665528668,0.630775216362356,2018-07-19
"RO",159,0.132036209879205,137.431,123.3346,1.676,"1100015",16.64,0,0,22.9264,0,0,12.2812,8.916,0,0,0,0,0,9.86,0.552770902922196,0.665528668,0.630775216362356,2018-07-11
"RO",14,0.0498360938529387,50.708,39.7654,0.458,"1100015",20.7,0,0,10.5218,0,0,7.0866,13.944,0,0,0,0,0,16.71,0.585095756383122,0.665528668,0.630775216362356,2018-07-11
"RO",14,0.0497979589711327,80.359,54.2481,0.335,"1100015",27.57,0,0,22.2084,0,0,12.868,15.977,0,0.656,0,0.013,0.669,18.61,0.49942004271459,0.665528668,0.630775216362356,2018-07-19
"RO",17,0.0590664648025142,51.75,39.1125,0.565,"1100015",17.67,0,0,9.1624,0,0,12.4266,23.959,0,0,0,1.032,1.032,23.31,0.477206124494583,0.665528668,0.630775216362356,2018-07-19
"RO",8,0.10768021414819,28.241,17.7496,0.586,"1100015",13.03,0,0,3.6887,0,0,1.4648,5.175,0,0,0,0,0,9.23,0.495837977143833,0.665528668,0.630775216362356,2018-07-19
"RO",32,0.114071766410227,46.502,39.8354,1.044,"1100015",68.83,0,0,32.0797,0,0,3.026,6.493,0,0.144,0,0,0.144,8.1,0.477704099716104,0.665528668,0.630775216362356,2018-07-19
"RO",271,0.055334030415045,594.656,379.7096,0.928,"1100015",21.42,0.29,0,127.689,1.7091,0,192.2925,32.265,0,0,0,0,0,34.18,0.519959758075518,0.665528668,0.630775216362356,2018-07-19
"RO",36,0.111640378523895,38.944,30.3875,1.54,"1100015",34.04,0.44,0,13.2881,0.1699,0,10.092,25.856,0,0,0,0.361,0.361,21.92,0.473240761567911,0.665528668,0.630775216362356,2018-07-19
"RO",37,0.117054832433047,61.638,50.6617,0.949,"1100015",0,0,0,0,0,0,29.4713,47.706,0.825,0.998,0,5.322,7.145,17.99,0.597266869798642,0.665528668,0.630775216362356,2018-07-19
"RO",160,0.0530455105608862,488.315,267.7586,0.777,"1100015",22.59,0,0,110.5614,0,0,230.873,47.174,0.126,0,0,0.135,0.261,45.05,0.580608302895723,0.665528668,0.630775216362356,2018-07-19
"RO",32,0.133333333333333,24.962,20.7268,2.007,"1100015",47.11,0,0,11.786,0,0,2.9196,11.67,0,0,0,0,0,11.67,0.550830749548313,0.665528668,0.630775216362356,2018-07-11
"RO",13,0.120147092536894,24.886,15.0257,1.125,"1100015",22.56,0,0,5.6255,0,0,7.1222,28.556,0,0,0,0,0,31.29,0.555951960099059,0.665528668,0.630775216362356,2018-07-11
"RO",146,0.0713447169058053,523.141,398.3483,0.476,"1100015",12.35,0,0,64.7287,0,0,117.8658,22.481,0,0,0,0,0,23.59,0.663316105262698,0.665528668,0.630775216362356,2018-07-11
"RO",139,0.103551054274346,108.411,102.0325,1.771,"1100015",79.33,0,0,86.1979,0,0,4.2665,3.927,0,0,0,0,0,4.33,0.485413787951438,0.665528668,0.630775216362356,2018-07-19
"RO",6,0.025,24.972,24.9973,0.312,"1100015",61.72,0,0,15.4472,0,0,0,0,0,0,0,0,0,0,0.562446645844921,0.665528668,0.630775216362356,2018-07-11
"RO",5,0.0173913043478261,32.194,19.5785,0.332,"1100015",0,0,0,0,0,0,11.1152,34.449,0,0.435,0,0,0.435,35.37,0.547683413650859,0.665528668,0.630775216362356,2018-07-19
"RO",138,0.148246661527053,139.943,128.6638,1.394,"1100015",58.37,0,0,81.8702,0,0,14.7093,10.487,0,0,0.16,0.54,0.7,7.7,0.57151901764087,0.665528668,0.630775216362356,2018-07-19
"RO",9,0.0303663391774611,46.196,34.1352,0.343,"1100015",29.07,0,0,13.4604,0,0,6.2606,13.522,0,0,0,0,0,15.85,0.500013987552771,0.665528668,0.630775216362356,2018-07-19
"RO",13,0.0715027816432286,49.978,37.9418,0.445,"1100015",13.59,0,0,6.8056,0,0,9.9464,19.857,0,2.813,0,0,2.813,19.55,0.480026038424748,0.665528668,0.630775216362356,2018-07-19
"RO",63,0.130803177329348,50.096,34.8141,2.352,"1100015",24.57,0,0,12.3345,0,0,14.2287,28.339,0,0,2.204,0,2.204,29.45,0.571647144288421,0.665528668,0.630775216362356,2018-07-11
"RO",123,0.0663530604415854,266.507,97.5909,1.638,"1100015",0,0,0,0,0,0,168.3638,63.033,0.198,0,0,0,0.198,62.58,0.611582775774099,0.665528668,0.630775216362356,2018-07-19
"RO",8,0.0528461105132717,48.629,38.0525,0.273,"1100015",35.83,6.83,0,17.4641,3.3275,0,7.8511,16.109,0,0,0,0,0,17.04,0.554854915516016,0.665528668,0.630775216362356,2018-07-19
"RO",20,0.132586716848123,31.126,25.6315,1.014,"1100015",25.02,0,0,7.8064,0,0,5.4183,17.369,0,0,0,0,0,17.82,0.476044813757941,0.665528668,0.630775216362356,2018-07-19
"RO",108,0.10667107348708,199.999,106.8619,1.314,"1100015",0,0,0,0,0,0,124.0476,61.886,0.878,0.029,2.767,1.66,5.334,46.69,0.600626375932496,0.665528668,0.630775216362356,2018-07-19
"RO",5,0.0699854212223765,12.155,9.4314,0.689,"1100015",12.17,0,0,1.4829,0,0,9.7351,79.915,0,32.903,14.366,0,47.269,18.08,0.480846565653399,0.665528668,0.630775216362356,2018-07-19
"RO",479,0.153881042387143,560.707,507.1018,1.228,"1100015",54.33,0,0,305.3016,0,0,52.5506,9.351,0,0,0,0,0,9.33,0.558939618513659,0.665528668,0.630775216362356,2018-07-19
"RO",5,0.0659202447407882,30.46,25.6422,0.253,"1100015",2.07,0,0,0.632,0,0,4.9308,16.151,0,0,0,0,0,16.01,0.513918335914409,0.665528668,0.630775216362356,2018-07-19
"RO",6,0.0363636363636364,57.854,42.637,0.183,"1100015",39.19,0,0,22.7254,0,0,7.1148,12.27,0,0.854,0,0,0.854,11.17,0.526958548041971,0.665528668,0.630775216362356,2018-07-19
"RO",78,0.120946372207394,48.709,37.9718,2.67,"1100015",25.13,0,0,12.2662,0,0,10.6338,21.783,0,0.3,0,0,0.3,20.89,0.504180271135283,0.665528668,0.630775216362356,2018-07-19
"RO",9,0.143571712074069,33.088,26.1917,0.447,"1100015",5.55,0,0,1.84,0,0,8.2473,24.87,0,0,0,0,0,21.02,0.565313961765429,0.665528668,0.630775216362356,2018-07-19
"RO",90,0.103093569360093,281.363,246.8934,0.474,"1100015",28.8,0,0,81.224,0,0,35.744,12.675,0.187,0.219,0.669,0,1.075,11.12,0.520909326626154,0.665528668,0.630775216362356,2018-07-19
"RO",26,0.0782056669511656,52.481,38.4926,0.878,"1100015",43.38,0,0,22.8197,0,0,12.3214,23.425,3.013,0,3.058,1.217,7.288,17.44,0.533553787927749,0.665528668,0.630775216362356,2018-07-19
"RO",65,0.0112423130547053,611.987,274.0424,0.308,"1100015",0.51,0,0,3.0991,0,0,300.4499,48.984,0,0,0,0.43,0.43,53.75,0.590984360272676,0.665528668,0.630775216362356,2018-07-11
"RO",26,0.0599938150640385,115.306,74.309,0.455,"1100015",25.5,0,0,29.4637,0,0,31.73,27.457,0,0.999,0,0,0.999,27.5,0.493752142721872,0.665528668,0.630775216362356,2018-07-19
"RO",43,0.0678630464080962,62.383,40.5907,1.377,"1100015",17.32,0,0,10.8268,0,0,10.7854,17.25,0,0.299,0,0,0.299,17.6,0.529268665575048,0.665528668,0.630775216362356,2018-07-19
"RO",29,0.0785084669905667,78.152,49.483,0.762,"1100015",26.35,13.21,0,20.636,10.349,0,16.7059,21.328,0,0,0,0,0,24.08,0.462566517830888,0.665528668,0.630775216362356,2018-07-19
"RO",45,0.0831938957045653,108.186,49.6791,1.178,"1100015",19.36,0,0,20.9864,0,0,45.8653,42.3,1.218,0,0,0,1.218,43.08,0.489718466692526,0.665528668,0.630775216362356,2018-07-19
"RO",180,0.0664645174132568,462.354,345.0472,0.678,"1100015",35.46,2.43,0,164.3036,11.2702,0,114.3976,24.687,0,0,0,0,0,25.19,0.548072412503705,0.665528668,0.630775216362356,2018-07-19
"RO",17,0.16180339887499,16.004,14.2922,1.546,"1100015",81.29,0,0,13.0398,0,0,0.5326,3.32,0,0,0,0,0,3.35,0.491794935877124,0.665528668,0.630775216362356,2018-07-19
"RO",97,0.0475054994678308,256.394,124.0637,1.016,"1100015",8.38,0.52,0,21.5235,1.3374,0,129.9933,50.587,0.445,0.027,0,0,0.472,51.68,0.501924743668654,0.665528668,0.630775216362356,2018-07-19
"RO",6,0.027906976744186,67.303,22.9166,0.34,"1100015",5.87,0,0,3.9623,0,0,37.6365,55.796,0,0,0,0,0,58.65,0.5174804251433,0.665528668,0.630775216362356,2018-07-19
"RO",136,0.0875575285040233,211.24,196.7535,0.899,"1100015",0.85,0,0,1.7952,0,0,15.2354,7.196,0,0,0,0,0,6.49,0.533916536638733,0.665528668,0.630775216362356,2018-07-19
"RO",6,0.0261734690751952,50.115,24.8627,0.314,"1100015",12.5,0,0,6.2792,0,0,21.309,42.425,0,0,0,0,0,42.34,0.578771356463221,0.665528668,0.630775216362356,2018-07-11
"RO",15,0.0363636363636364,51.31,24.5741,0.794,"1100015",34.65,0,0,17.8188,0,0,24.997,48.609,0,0,0,0,0,49.36,0.536442982969544,0.665528668,0.630775216362356,2018-07-19
"RO",11,0.0753923964228251,35.925,25.6304,0.558,"1100015",37.49,0,0,13.4992,0,0,8.0316,22.307,0,0,0,0,0,23.5,0.463133619833347,0.665528668,0.630775216362356,2018-07-19
"RO",6,0,12.16,10.1801,0.766,"1100015",59.12,0,0,7.2055,0,0,0.2949,2.42,0,0,0,0,0,3.18,0.564939717519305,0.665528668,0.630775216362356,2018-07-19
"RO",15,0.0834279326771846,50.636,42.2462,0.462,"1100015",13.11,0,0,6.6523,0,0,11.3622,22.389,0,0,0,0.576,0.576,16.76,0.498899231791825,0.665528668,0.630775216362356,2018-07-19
"RO",128,0.126960269099616,200.642,172.3884,0.965,"1100015",2.2,0,0,4.415,0,0,28.4895,14.167,0,0,0,0.117,0.117,14.27,0.652837826960039,0.665528668,0.630775216362356,2018-07-11
"RO",12,0.0562225640964768,82.987,66.9266,0.233,"1100015",20.22,0,0,16.8149,0,0,16.648,20.016,0,1.165,0,0,1.165,19.53,0.550473916308926,0.665528668,0.630775216362356,2018-07-19
"RO",43,0.084194416981058,108.676,89.5367,0.624,"1100015",20.81,0,0,22.6714,0,0,14.6883,13.485,0,0,0,0,0,13.92,0.535861958139187,0.665528668,0.630775216362356,2018-07-11
"RO",31,0.0649113364240951,47.569,45.8393,0.879,"1100015",12.67,0,0,6.0417,0,0,1.6515,3.464,0,0,0,0,0,3.85,0.581387504880777,0.665528668,0.630775216362356,2018-07-19
"RO",11,0.0683045141350092,50.018,37.0173,0.386,"1100015",22.79,0,0,11.4258,0,0,10.8451,21.634,0,0,0,0,0,22.01,0.576881777637477,0.665528668,0.630775216362356,2018-07-11
"RO",44,0.0557601606111422,47.775,46.2054,1.238,"1100015",35.93,0,0,17.2031,0,0,2.0211,4.221,0,0,0,0,0,3.32,0.579975444329223,0.665528668,0.630775216362356,2018-07-19
"RO",8,0.0834773360562184,50.453,38.0907,0.273,"1100015",7.45,9.38,0,3.7667,4.7441,0,11.0285,21.81,0,0,0,0,0,17.9,0.470246054844348,0.665528668,0.630775216362356,2018-07-19
"RO",27,0.135689187289831,48.202,33.6594,1.043,"1100015",4.29,0,0,2.0727,0,0,16.0339,33.19,0,0.838,0,0,0.838,30.33,0.576431236677751,0.665528668,0.630775216362356,2018-07-19
"RO",13,0.10613814593179,24.304,13.2153,1.279,"1100015",1.49,0,0,0.3629,0,0,8.4237,34.583,0,2.175,0,0,2.175,32.76,0.499483339234372,0.665528668,0.630775216362356,2018-07-19
"RO",15,0.134961370040423,42.745,33.7265,0.578,"1100015",0.43,0,0,0.1821,0,0,6.272,14.64,0,0,0,0,0,20.23,0.506391585621067,0.665528668,0.630775216362356,2018-07-19
"RO",326,0.167839159695578,273.376,241.4025,1.756,"1100015",52.74,0,0,144.5126,0,0,29.5542,10.787,0.385,0,0.289,0,0.674,9.77,0.648030921869905,0.665528668,0.630775216362356,2018-07-11
"RO",61,0.11854742469487,68.933,56.7051,1.398,"1100015",22.67,0,0,15.6655,0,0,10.2425,14.825,0,0,0.765,0,0.765,13.53,0.492004415022999,0.665528668,0.630775216362356,2018-07-19
"RO",10,0.0220097493339644,48.853,30.0185,0.433,"1100015",19.32,0,0,9.4576,0,0,18.8673,38.534,0.202,0,0,0,0.202,36.72,0.575219329065653,0.665528668,0.630775216362356,2018-07-11
"RO",18,0.062305706894718,48.333,30.7769,0.76,"1100015",12.82,0,0,6.2086,0,0,18.9999,39.223,1.091,2.727,0,0,3.818,36.42,0.558699685280568,0.665528668,0.630775216362356,2018-07-19
"RO",6,0.0921709646210166,48.493,38.0526,0.205,"1100015",11.46,0,0,5.572,0,0,9.9306,20.433,0,0,0,0,0,20.44,0.520172399897916,0.665528668,0.630775216362356,2018-07-19
"RO",22,0.157369236330895,52.342,43.4215,0.659,"1100015",62.86,0,0,32.9733,0,0,10.9664,20.905,0,0.027,0.982,0,1.009,17.23,0.570387125825502,0.665528668,0.630775216362356,2018-07-19
"RO",25,0.100437551040962,41.687,37.5384,0.866,"1100015",56.83,0,0,23.7442,0,0,0.801,1.917,0,0,0,0,0,1.54,0.55114737423716,0.665528668,0.630775216362356,2018-07-19
"RO",73,0.0635796876855701,192.598,139.911,0.678,"1100015",17.23,0,0,33.2493,0,0,48.0877,24.912,0,0,0,0,0,27.43,0.566730570961097,0.665528668,0.630775216362356,2018-07-11
"RO",19,0.111815089350201,51.084,39.7184,0.622,"1100015",56.14,0,0,28.7443,0,0,19.2763,37.65,0,0,10.861,2.406,13.267,17.87,0.534607037985901,0.665528668,0.630775216362356,2018-07-19
"RO",30,0.0350735462684472,48.215,35.7826,1.09,"1100015",43.28,0,0,20.9142,0,0,11.7811,24.381,0,0,0,0,0,24.49,0.502676357529579,0.665528668,0.630775216362356,2018-07-19
"RO",37,0.0842709124822687,47.501,29.2916,1.642,"1100015",49.5,0,0,23.5656,0,0,15.4876,32.532,0,0,0,0,0,32.87,0.474456497794785,0.665528668,0.630775216362356,2018-07-19
"RO",58,0.0683081296322837,147.911,121.1987,0.622,"1100015",0.06,0,0,0.088,0,0,17.1545,11.572,0.594,0.683,0,0.356,1.633,6.94,0.512682010524694,0.665528668,0.630775216362356,2018-07-19
"RO",9,0.0503233950425064,47.557,41.238,0.284,"1100015",51.25,0,0,24.4257,0,0,5.611,11.772,0,0.387,0,0.101,0.488,12.51,0.571531836671847,0.665528668,0.630775216362356,2018-07-19
"RO",8,0.0333333333333333,16.897,10.0979,1.03,"1100015",0,0,0,0,0,0,6.106,36.056,0,1.768,0,0,1.768,36.11,0.548194905308725,0.665528668,0.630775216362356,2018-07-19
"RO",6,0.0572642353760524,48.969,42.4925,0.184,"1100015",9.8,0,0,4.8102,0,0,2.1811,4.444,0,0,0,0,0,4.36,0.549519572464713,0.665528668,0.630775216362356,2018-07-19
"RO",34,0.0786155411913944,55.816,41.567,1.063,"1100015",17.98,0,0,10.0569,0,0,13.1965,23.59,0,0.16,0,0,0.16,24.44,0.488737075232923,0.665528668,0.630775216362356,2018-07-19
"RO",7,0.00833333333333333,149.791,94.1307,0.097,"1100015",0,0,0,0,0,0,55.9519,37.27,0,0,0.586,0.909,1.495,35.09,0.510441077643037,0.665528668,0.630775216362356,2018-07-19
"RO",12,0.123404979256786,94.497,90.2442,0.173,"1100015",35.99,0,0,34.0839,0,0,17.4752,18.452,0,9.732,0.558,0.414,10.704,0.27,0.573611143316615,0.665528668,0.630775216362356,2018-07-19
"RO",69,0.0980081841793227,46.107,30.3433,2.956,"1100015",13.77,0,0,6.3622,0,0,13.2578,28.69,0,2.286,0,0,2.286,26.27,0.505056598953265,0.665528668,0.630775216362356,2018-07-19
"RO",6,0.148316324759439,19.415,16.2284,0.481,"1100015",0,0,0,0,0,0,2.1334,10.964,0,0,0,0,0,11.67,0.554983437780701,0.665528668,0.630775216362356,2018-07-19
"RO",55,0.0843207424295997,113.555,102.5879,0.697,"1100015",28.56,0,0,32.5058,0,0,10.0847,8.861,0,0,0,0,0,7.96,0.478013224237902,0.665528668,0.630775216362356,2018-07-19
"RO",6,0.0148453923805041,49.767,30.2683,0.258,"1100015",18.59,0,0,9.2708,0,0,17.6705,35.427,0,2.517,0,0,2.517,34.63,0.556334282683045,0.665528668,0.630775216362356,2018-07-19
"RO",128,0.0815637361305025,269.708,201.9166,0.824,"1100015",11.28,0,0,30.4807,0,0,58.0968,21.493,0,0,0,0.002,0.002,21.51,0.579126755909901,0.665528668,0.630775216362356,2018-07-11
"RO",12,0.0556186217847897,50.648,27.4931,0.567,"1100015",12.95,0,0,6.5728,0,0,19.6295,38.67,0,0,0,0,0,37.65,0.500926358386298,0.665528668,0.630775216362356,2018-07-19
"RO",33,0.0811168939154172,51.28,20.4553,2.097,"1100015",12.89,7.38,0,6.6242,3.7925,0,15.7906,30.724,2.741,0,0,0,2.741,32.36,0.489741756824352,0.665528668,0.630775216362356,2018-07-19
"RO",14,0.103185785492619,17.991,14.0192,1.298,"1100015",12.85,0,0,2.3173,0,0,13.6811,75.873,0,28.48,12.275,3.66,44.415,14.75,0.481400823120357,0.665528668,0.630775216362356,2018-07-19
"RO",9,0.0886719739361691,37.495,35.9841,0.325,"1100015",13.99,0,0,5.2574,0,0,0.0409,0.109,0,0,0,0,0,0.15,0.567224077896995,0.665528668,0.630775216362356,2018-07-11
"RO",6,0.0358304985710177,53.932,31.1261,0.251,"1100015",7.17,0.09,0,3.8771,0.0494,0,16.2459,30.056,0,0,0,0,0,34.12,0.466811474564488,0.665528668,0.630775216362356,2018-07-19
"RO",17,0.0703159966810733,47.258,37.3082,0.592,"1100015",51.12,0,0,24.2142,0,0,6.8928,14.553,0,0,0,0,0,16.24,0.523621316782241,0.665528668,0.630775216362356,2018-07-19
"RO",5,0.1,12.172,9.1912,0.707,"1100015",1.6,0,0,0.1951,0,0,1.555,12.746,2.578,0,0,0,2.578,11.27,0.518152907669521,0.665528668,0.630775216362356,2018-07-19
"RO",26,0.048780487804878,58.802,45.8034,0.738,"1100015",0,0,0,0,0,0,12.0571,20.459,0,0.448,0,0,0.448,22.28,0.54550503879971,0.665528668,0.630775216362356,2018-07-19
"RO",69,0.0980081841793227,46.107,30.3433,2.956,"1100015",13.77,0,0,6.3622,0,0,13.2578,28.69,0,2.286,0,0,2.286,26.27,0.505056598953266,0.665528668,0.630775216362356,2018-07-19
"RO",16,0.100510623751326,29.171,26.7966,0.776,"1100015",85.12,0,0,24.8851,0,0,0.1633,0.559,0,0,0,0,0,0.94,0.528393482114534,0.665528668,0.630775216362356,2018-07-19
"RO",68,0.111347527471547,49.808,43.5822,2.028,"1100015",47.37,0,0,23.6448,0,0,9.0494,18.128,0,1.41,4.975,0,6.385,8.53,0.553796674116423,0.665528668,0.630775216362356,2018-07-11
"RO",13,0.0429965982852212,48.191,39.7679,0.425,"1100015",6.1,0,0,2.9485,0,0,8.1882,16.953,0,0.01,0,0,0.01,17.66,0.548645118583971,0.665528668,0.630775216362356,2018-07-19
"RO",170,0.0766363581428649,154.025,119.6515,1.847,"1100015",15.9,0,0,24.5464,0,0,36.0317,23.341,0,0.718,0,0,0.718,21.86,0.538087857507353,0.665528668,0.630775216362356,2018-07-19
"RO",27,0.16232892907215,19.824,16.7607,2.094,"1100049",67.66,0,0,13.4432,0,0,4.3093,21.689,3.996,0,0,0,3.996,14.72,0.222497085913817,1.993689642,0.534592672276496,2019-06-12
"RO",20,0.141855865354369,24.291,24.3454,1.068,"1100049",54.61,45.39,0,13.2952,11.0502,0,0,0,0,0,0,0,0,0,0.225384882196286,1.993689642,0.534592672276496,2019-06-12
"RO",27,0.0866614332593147,53.759,52.4995,0.669,"1100049",87.3,0,0,47.0356,0,0,0.625,1.16,0,0,0,0,0,0.7,0.212412635944631,1.993689642,0.534592672276496,2019-06-12
"RO",31,0.175629107706903,39.673,39.2322,1.027,"1100049",87.74,10.93,0,34.8872,4.345,0,0.4413,1.11,0,0,0,0,0,1.33,0.330722287298095,1.993689642,0.534592672276496,2019-06-12
"RO",10,0.145107468885179,31.288,30.5641,0.425,"1100049",97.47,0,0,30.5641,0,0,0,0,0,0,0,0,0,0,0.320970666132974,1.993689642,0.534592672276496,2019-06-12
"RO",31,0.222505459397759,103.055,102.8105,0.392,"1100049",70.78,26.76,0,73.1051,27.64,0,0,0,0,0,0,0,0,0.05,0.345466147214555,1.993689642,0.534592672276496,2019-06-12
"RO",24,0.207165176246764,102.597,96.2972,0.324,"1100049",90.72,0,0,93.2833,0,0,3.6332,3.533,0,0,0,0,0,4.01,0.336785181891245,1.993689642,0.534592672276496,2019-06-12
"RO",22,0.231302101850816,14.681,13.0674,2.189,"1100049",43.98,0,0,6.4712,0,0,0.8976,6.1,0,0,0,0,0,6.09,0.220229255701416,1.993689642,0.534592672276496,2019-06-12
"RO",18,0.124583494428813,55.725,47.6394,0.491,"1100049",81.47,0,0,45.4995,0,0,3.8662,6.922,0,0,0,0,0,7.51,0.205680287871656,1.993689642,0.534592672276496,2019-06-12
"RO",6,0.0489897948556636,31.322,29.2501,0.267,"1100049",66.24,0,0,20.7959,0,0,1.4607,4.653,0,0,0,0,0,3.72,0.212222258415393,1.993689642,0.534592672276496,2019-06-12
"RO",23,0.123737243569579,48.589,34.2037,0.874,"1100049",26.55,28.27,0.56,12.9284,13.7684,0.273,13.2833,27.277,0,0,0,0,0,28.15,0.213570106734114,1.993689642,0.534592672276496,2019-06-12
"RO",72,0.235309918592491,79.699,58.9627,1.587,"1100049",67.83,0,0,54.1807,0,0,24.0233,30.075,0.052,4.089,0,0,4.141,25.55,0.35323182244654,1.993689642,0.534592672276496,2019-06-12
"RO",46,0.261492852257377,52.22,52.3364,1.143,"1100049",91.23,4.51,0,47.7492,2.3604,0,0,0,0,0,0,0,0,0,0.327138451150762,1.993689642,0.534592672276496,2019-06-12
"RO",38,0.133449763294996,42.033,37.5404,1.316,"1100049",76.91,0,0,32.399,0,0,3.719,8.828,0,0,0,0,0,7.82,0.221300925287084,1.993689642,0.534592672276496,2019-06-12
"RO",81,0.217175787370437,69.279,60.243,1.748,"1100049",64.88,0,0,45.0507,9e-04,0,8.032,11.568,1.144,0,0,0,1.144,10.66,0.334341774585308,1.993689642,0.534592672276496,2019-06-12
"RO",5,0.161237243569579,12.074,12.1007,0.537,"1100049",100,0,0,12.1007,0,0,0,0,0,0,0,0,0,0,0.224179233679099,1.993689642,0.534592672276496,2019-06-12
"RO",14,0.119161246696528,48.59,44.4253,0.41,"1100049",78.92,12.21,0,38.4349,5.9462,0,0.0823,0.169,0,0,0,0,0,0.35,0.202092147986917,1.993689642,0.534592672276496,2019-06-12
"RO",11,0.220032383694541,18.219,17.8965,0.799,"1100049",62.12,0,0,11.342,0,0,0,0,0,0,0,0,0,0,0.232368292758894,1.993689642,0.534592672276496,2019-06-12
"RO",13,0.0741402844913429,73.259,70.4423,0.24,"1100064",78.14,0,0,57.3722,0,0,0,0,0,0,0,0,0,0,0.661721595797583,0.319042,0.819193056144558,2019-06-21
"RO",31,0.0921689753727588,83.842,76.404,0.527,"1100064",6.6,0,0,5.5444,0,0,2.6283,3.128,0,0,0,0,0,3.04,0.690935911063072,0.319042,0.819193056144558,2019-06-21
"RO",5,0.116855865354369,25.076,22.2529,0.292,"1100064",88.85,0,0,22.3294,0,0,0,0,0,0,0,0,0,0,0.640067118274284,0.319042,0.819193056144558,2019-06-21
"RO",49,0.0898674554376703,91.859,66.924,0.952,"1100064",23.5,0,0,21.6309,0,0,21.1148,22.935,0.571,0,0,0,0.571,24.19,0.67437415911714,0.319042,0.819193056144558,2019-06-21
"RO",36,0.167257960519254,45.736,41.5909,1.125,"1100064",0.8,0,0,0.3673,0,0,1.7237,3.76,0,0,0,0,0,6.12,0.64401325487132,0.319042,0.819193056144558,2019-06-21
"RO",43,0.217328582526469,49.72,46.3101,1.207,"1100064",84.91,0.3,0,42.3124,0.1498,0,0.6717,1.348,0,0,0,0,0,1.62,0.795823036401365,0.319042,0.819193056144558,2019-06-21
"RO",40,0.0846266791626807,56.38,42.3899,1.227,"1100064",58.08,0,0,32.8212,0,0,15.3874,27.231,0.228,0.292,3.114,0,3.634,24.58,0.782628826661721,0.319042,0.819193056144558,2019-06-21
"RO",11,0.0612372435695794,10.902,8.9886,1.591,"1100064",52,0,0,5.6814,0,0,1.4231,13.025,0,0,0,0,0,16.2,0.649020249682614,0.319042,0.819193056144558,2019-06-21
"RO",51,0.150901266151235,24.253,19.512,3.398,"1100064",0,0,0,0,0,0,0.4646,1.911,0,0,0,0,0,3.37,0.695426920321003,0.319042,0.819193056144558,2019-05-28
"RO",9,0.100969909464416,48.563,44.5455,0.263,"1100064",1.13,0,0,0.5479,0,0,3.4141,7.014,0,0,0,0,0,8.04,0.629576470225434,0.319042,0.819193056144558,2019-06-21
"RO",31,0.0983280909829449,32.767,24.97,1.614,"1100064",0,0,0,0,0,0,7.3925,22.51,0,0,0,0,0,21.96,0.67694279094442,0.319042,0.819193056144558,2019-06-21
"RO",11,0.0740740740740741,40.567,31.8133,0.449,"1100064",5.77,0,0,2.3451,0,0,5.0689,12.467,0,0,0,0,0,12.63,0.673133585960092,0.319042,0.819193056144558,2019-06-21
"RO",26,0.139981445192116,81.465,78.7286,0.429,"1100064",4.35,0,0,3.5536,0,0,0.1395,0.171,0,0,0,0,0,0.26,0.659172644222523,0.319042,0.819193056144558,2019-06-21
"RO",42,0.174544367201557,93.16,71.3435,0.765,"1100064",31.62,0,0,29.5241,0,0,8.478,9.08,0,0,0,0,0,9.7,0.642829699258418,0.319042,0.819193056144558,2019-06-21
"RO",33,0.0853462568790636,114.404,108.6578,0.395,"1100064",29.71,0,0,34.0711,0,0,3.4941,3.047,0.459,1.595,0,0,2.054,1.52,0.686675760023997,0.319042,0.819193056144558,2019-06-21
"RO",48,0.192965251750774,75.554,54.8319,1.138,"1100064",14.25,0,0,10.7916,0,0,4.4067,5.819,0,0,0,0,0,6.48,0.68385032810683,0.319042,0.819193056144558,2019-06-21
"RO",10,0.0742839746698108,54.013,48.1011,0.27,"1100064",49.57,0,0,26.8363,0,0,3.7347,6.899,0,0,0,0,0,8.11,0.655945375213809,0.319042,0.819193056144558,2019-06-21
"RO",5,0.0485620906056456,31.468,24.3838,0.267,"1100064",7.58,0,0,2.3895,0,0,8.0499,25.524,0,0,0,0,0,22.69,0.655053367253384,0.319042,0.819193056144558,2019-06-21
"RO",55,0.0639594641887757,85.153,55.7094,1.283,"1100064",22.98,0,0,19.6133,0,0,28.2163,33.062,0,0.156,0,0,0.156,32.29,0.789281561774054,0.319042,0.819193056144558,2019-06-21
"RO",58,0.102879454220197,136.126,90.5752,0.832,"1100064",3.65,0,0,4.9835,0,0,39.9618,29.291,0,0,0,0,0,30.09,0.679359075506727,0.319042,0.819193056144558,2019-06-21
"RO",41,0.0872088201884423,93.77,86.7569,0.614,"1100064",16.77,0,0,15.7606,0,0,4.5697,4.862,0,0,0,0,0,5.92,0.672543951050844,0.319042,0.819193056144558,2019-06-21
"RO",73,0.201267762353326,24.282,19.3475,4.905,"1100064",0,0,0,0,0,0,0.1763,0.725,0,0,0,0,0,1.81,0.682752979717267,0.319042,0.819193056144558,2019-06-21
"RO",30,0.199621301250487,24.285,23.7617,1.641,"1100064",5.46,0,0,1.3292,0,0,0,0,0,0,0,0,0,0.45,0.671613728940924,0.319042,0.819193056144558,2019-06-21
"RO",43,0.0865150755386367,169.561,126.946,0.44,"1100064",17.44,0,0,29.6336,0,0,25.7009,15.124,0,0.021,0,0,0.021,15.71,0.683874029172463,0.319042,0.819193056144558,2019-06-21
"RO",21,0.0537457478565265,30.359,24.8622,1.098,"1100064",5.65,0,0,1.7181,0,0,0.9567,3.144,0,0,0,0,0,7.03,0.687502337342272,0.319042,0.819193056144558,2019-05-28
"RO",9,0.0818368414141019,89.634,84.3871,0.139,"1100064",51.56,0,0,46.322,0,0,1.4291,1.591,0,0,0,0,0,2.4,0.694418525509848,0.319042,0.819193056144558,2019-06-21
"RO",29,0.220143291846906,24.292,24.2031,1.558,"1100064",15.93,0,0,3.8788,0,0,0,0,0,0,0,0,0,0.22,0.675825900070986,0.319042,0.819193056144558,2019-06-21
"RO",63,0.110100685514998,144.515,109.6476,0.747,"1100064",11.6,0,0,16.8038,0,0,35.6958,24.645,0,0,0,0,0,23.86,0.656754751597897,0.319042,0.819193056144558,2019-06-21
"RO",82,0.197138742741922,66.404,39.7071,2.685,"1100064",0.48,0,0,0.3202,0,0,11.846,17.8,0,0,0,0,0,19.91,0.683458922597667,0.319042,0.819193056144558,2019-06-21
"RO",104,0.165644584809207,100.773,87.7017,1.542,"1100064",6.57,0,0,6.6327,0,0,3.1079,3.077,0,0,0,0,0,3.99,0.663663372419414,0.319042,0.819193056144558,2019-06-21
"RO",6,0.111237243569579,22.118,21.91,0.356,"1100064",76.05,0,0,16.8589,0,0,0,0,0,0,0,0,0,0,0.643574776625519,0.319042,0.819193056144558,2019-06-21
"RO",63,0.0435546985612186,115.732,89.7155,0.913,"1100064",56.23,0,0,65.2235,0,0,22.9819,19.814,0,0,0,0.793,0.793,19.03,0.807251273206455,0.319042,0.819193056144558,2019-06-21
"RO",60,0.166926442794798,73.152,69.2524,1.126,"1100064",9.94,0,0,7.2875,0,0,3.0851,4.208,0,0,0,0,0,5.54,0.663329893061302,0.319042,0.819193056144558,2019-06-21
"RO",12,0.0925272771507852,37.044,25.9565,0.601,"1100064",34.31,0,0,12.7386,0,0,9.3605,25.212,4.486,0,0,0,4.486,24.18,0.676198280641874,0.319042,0.819193056144558,2019-06-21
"RO",5,0.163299316185545,6.547,6.5615,0.991,"1100064",20.06,0,0,1.3159,0,0,0,0,0,0,0,0,0,0,0.673661026547476,0.319042,0.819193056144558,2019-06-21
"RO",25,0.139970195009088,47.315,36.9249,0.88,"1100064",8.76,0,0,4.1557,0,0,14.0368,29.6,0,0,0,4.445,4.445,19.03,0.653913871551404,0.319042,0.819193056144558,2019-06-21
"RO",28,0.0709901951359279,30.341,22.2043,1.639,"1100064",35.47,0,0,10.7861,0,0,6.4606,21.246,0,0,0,0,0,21.65,0.660824459108543,0.319042,0.819193056144558,2019-06-21
"RO",117,0.126151280164339,142.555,111.9269,1.359,"1100064",18.59,0,0,26.565,0,0,15.3763,10.762,0,0,0,1.166,1.166,7.48,0.688185078532248,0.319042,0.819193056144558,2019-06-21
"RO",13,0.106406368723403,30.119,28.2787,0.598,"1100064",56.95,0,0,17.1923,0,0,0.9692,3.211,0,0,0,0,0,4.11,0.653056496240371,0.319042,0.819193056144558,2019-06-21
"RO",14,0.130872927493085,27.803,21.7149,0.838,"1100064",4.21,0,0,1.1742,0,0,7.1793,25.764,0,0,0,2.072,2.072,14.44,0.652896754056401,0.319042,0.819193056144558,2019-06-21
"RO",59,0.221548870949702,32.114,28.4004,2.701,"1100064",61.11,9.66,0,19.6705,3.1085,0,2.452,7.618,0,0,0,0,0,9.26,0.782714068425329,0.319042,0.819193056144558,2019-06-21
"RO",23,0.140206506185557,35.745,34.3256,0.871,"1100064",17.6,0,0,6.304,0,0,0.048,0.134,0,0,0,0,0,0.45,0.625989612636057,0.319042,0.819193056144558,2019-06-21
"RO",24,0.0324270452866346,139.972,92.2919,0.338,"1100064",51.35,0,0,72.042,0,0,46.0231,32.807,0,0,0,0,0,33.14,0.810360897594841,0.319042,0.819193056144558,2019-06-21
"RO",6,0.0460677838770227,80.486,75.0615,0.104,"1100064",35.69,0,0,28.7867,0,0,2.9899,3.707,0,0,0,0,0,5.34,0.645953518488565,0.319042,0.819193056144558,2019-06-21
"RO",13,0.0948383193615851,28.117,27.3582,0.618,"1100064",8.3,0,0,2.3378,0,0,0,0,0,0,0,0,0,0,0.663329287637398,0.319042,0.819193056144558,2019-06-21
"RO",28,0.1140761152795,47.458,32.3868,1.124,"1100064",8.01,0,0,3.8118,0,0,18.3689,38.619,0,0,0,5.553,5.553,23.68,0.653592394849575,0.319042,0.819193056144558,2019-06-21
"RO",70,0.0816359983133323,70.039,57.914,1.571,"1100064",51.93,0,0,36.454,0,0,9.9456,14.168,0,0,0,0,0,13.2,0.804532292628543,0.319042,0.819193056144558,2019-06-21
"RO",17,0.0721806745390568,56.466,54.5591,0.405,"1100064",14.23,0,0,8.0509,0,0,2.2789,4.027,0,0,0.929,0,0.929,2.36,0.676237385737246,0.319042,0.819193056144558,2019-06-21
"RO",9,0.0704124145231932,35.309,29.9043,0.391,"1100064",84.11,0,11.23,29.7659,0,3.988,0.3204,0.905,0,0,0,0,0,1.49,0.791790996042737,0.319042,0.819193056144558,2019-06-21
"RO",9,0.117104113891562,19.418,17.7713,0.658,"1100064",44.69,0,0,8.6979,0,0,0,0,0,0,0,0,0,0,0.671819017342612,0.319042,0.819193056144558,2019-06-21
"RO",34,0.174762078171912,19.417,17.0498,2.592,"1100064",0,0,0,0,0,0,2.2792,11.712,0,0,0,0,0,12.39,0.654417082216339,0.319042,0.819193056144558,2019-06-21
"RO",62,0.121443450831176,57.838,49.3749,1.632,"1100064",24.46,37.85,0.31,14.1797,21.9427,0.1839,14.9781,25.839,0,0,5.066,2.493,7.559,8.16,0.779794624242266,0.319042,0.819193056144558,2019-06-21
"RO",63,0.125370350905587,46.28,42.4409,1.93,"1100064",6.43,0,0,2.9836,0,0,4.1021,8.844,0,0,0,0,0,8.5,0.669564884341803,0.319042,0.819193056144558,2019-06-21
"RO",13,0.22527623780503,23.82,20.0581,0.843,"1100064",21.51,0,0,5.134,0,0,0.0151,0.063,0,0,0,0,0,0.22,0.665947634719462,0.319042,0.819193056144558,2019-06-21
"RO",43,0.19921786731593,49.719,46.424,1.204,"1100064",84.41,0,0,42.0625,0,0,0.5332,1.07,0,0,0,0,0,1.39,0.795768552392981,0.319042,0.819193056144558,2019-06-21
"RO",93,0.0852234398960235,160.287,148.9058,0.812,"1100064",38.86,0,0,62.4196,0,0,8.5916,5.348,0,0,0,0,0,6.22,0.619002712767433,0.319042,0.819193056144558,2019-06-21
"RO",9,0.102389339119464,24.1,24.1541,0.484,"1100064",5.28,0,0,1.2755,0,0,0,0,0,0,0,0,0,0,0.628150920963335,0.319042,0.819193056144558,2019-06-21
"RO",9,0.104880496919432,34.045,27.7916,0.421,"1100064",10.48,0,0,3.5767,0,0,1.599,4.686,0,0,0,0,0,5.13,0.676665179511416,0.319042,0.819193056144558,2019-06-21
"RO",19,0.0889249267341656,43.262,42.9621,0.575,"1100064",27,0,0,11.7063,0,0,0.0565,0.13,0,0,0,0,0,0.32,0.654282727207063,0.319042,0.819193056144558,2019-06-21
"RO",11,0.129027623112899,18.281,18.3201,0.781,"1100064",55.41,0,0,10.1515,0,0,0,0,0,0,0,0,0,0.01,0.658684089377815,0.319042,0.819193056144558,2019-06-21
"RO",15,0.043409656027153,49.631,45.1923,0.431,"1100064",70.14,10.24,0,34.8878,5.0922,0,3.8313,7.702,0,0,0,0,0,7.59,0.803752295035298,0.319042,0.819193056144558,2019-06-21
"RO",22,0.089484543402817,98.826,90.7132,0.315,"1100064",10.23,0,0,10.1321,0,0,7.6805,7.754,0,0,0,0,0,7.66,0.649402028823597,0.319042,0.819193056144558,2019-06-21
"RO",24,0.0571062648040471,157.926,143.6378,0.217,"1100064",11.05,0,0,17.4894,0,0,3.9663,2.506,0,0,0,0,0,2.37,0.666061401078951,0.319042,0.819193056144558,2019-06-21
"RO",25,0.0403093108923949,47.313,24.8759,1.306,"1100064",0,0,0,0,0,0,15.6992,33.107,0,0,0,0,0,33.48,0.6899436562015,0.319042,0.819193056144558,2019-06-21
"RO",6,0.121991252733426,50.544,42.0944,0.185,"1100064",31.14,0,0,15.7728,0,0,7.4656,14.737,0,0,0,0.089,0.089,14.85,0.672449652580336,0.319042,0.819193056144558,2019-06-21
"RO",11,0.0515928927463093,36.41,22.6599,0.631,"1100064",25.44,0,0,9.2849,0,0,7.7153,21.143,0,0,0,0,0,20.86,0.67847153010983,0.319042,0.819193056144558,2019-06-21
"RO",21,0.187002957891264,22.39,17.9783,1.518,"1100064",0,0,0,0,0,0,0.7012,3.125,0,0,0,0,0,5.76,0.666138148739532,0.319042,0.819193056144558,2019-06-21
"RO",115,0.125190749237489,116.174,86.2026,1.734,"1100064",51,3.72,0,59.379,4.3368,0,28.1931,24.214,0,0.677,0,0,0.677,23.79,0.817617209458849,0.319042,0.819193056144558,2019-06-21
"RO",95,0.0765823746131502,226.053,214.2261,0.576,"1100064",11.43,0,0,25.8917,0,0,12.5034,5.519,0,0.167,0.45,0,0.617,4.91,0.64950579847156,0.319042,0.819193056144558,2019-06-21
"RO",22,0.0706144009177093,117.088,91.87,0.311,"1100064",2.21,0,0,2.5924,0,0,19.6969,16.785,0,0,0,0,0,17.27,0.680033921221177,0.319042,0.819193056144558,2019-06-21
"RO",62,0.121443450831176,57.832,49.3042,1.635,"1100064",24.51,37.96,0.42,14.209,22.0014,0.2392,14.8832,25.678,0,0,4.951,2.488,7.439,8.17,0.779807520261095,0.319042,0.819193056144558,2019-06-21
"RO",23,0.0977293604475104,55.029,51.3697,0.582,"1100064",44.66,0,0,24.6288,0,0,2.7532,4.992,0,0,0,0,0,5.63,0.624293109812639,0.319042,0.819193056144558,2019-06-21
"RO",6,0.0404499067525744,33.801,12.3712,0.63,"1100064",0,0,0,0,0,0,17.8853,52.796,0,0,0,0,0,54.39,0.678941876730666,0.319042,0.819193056144558,2019-06-21
"RO",14,0.0617505951541068,83.222,54.6205,0.333,"1100064",35.93,0,0,29.9696,0,0,11.5038,13.792,0,0.673,0,0,0.673,14.28,0.690473487352583,0.319042,0.819193056144558,2019-06-21
"RO",6,0.0813324161518548,75.832,58.9791,0.132,"1100064",0.03,0,0,0.0195,0,0,12.7835,16.82,0,0,0,0,0,16.76,0.646891664971133,0.319042,0.819193056144558,2019-06-21
"RO",93,0.124020261868746,116.112,97.2367,1.243,"1100064",72.6,5.43,0,84.4822,6.3179,0,24.7833,21.297,1.129,7.602,2.559,0,11.29,10.52,0.814196701658656,0.319042,0.819193056144558,2019-06-21
"RO",5,0.145107468885179,29.302,27.2109,0.239,"1100064",53.11,0,0,15.5957,0,0,1.8992,6.467,0,0,0,0,0,7.06,0.640082434086662,0.319042,0.819193056144558,2019-06-21
"RO",29,0.0813815553101118,61.736,53.5423,0.704,"1100064",11.09,0,0,6.8643,0,0,5.0417,8.148,0,0,0,0,0,9.06,0.695082260893041,0.319042,0.819193056144558,2019-06-21
"RO",8,0.0537457478565265,31.733,22.2888,0.467,"1100064",38.63,0,0,12.2875,0,0,8.7552,27.529,0,0,0,0,0,27.77,0.799324176111524,0.319042,0.819193056144558,2019-06-21
"RO",23,0,16.991,11.405,2.622,"1100064",16.32,0,0,2.7797,0,0,0.1753,1.029,0,0,0,0,0,1.54,0.696318731511476,0.319042,0.819193056144558,2019-06-21
"RO",10,0.150228417273874,25.698,20.6063,0.631,"1100064",70.79,0,0,18.2335,0,0,0.0877,0.34,0,0,0,0,0,2.68,0.635893557459304,0.319042,0.819193056144558,2019-06-21
"RO",21,0.219082923114092,37.618,35.2274,0.775,"1100064",29.1,0,0,10.9718,0,0,0,0,0,0,0,0,0,1.98,0.644631494073183,0.319042,0.819193056144558,2019-06-21
"RO",69,0.0760060823157248,86.818,78.422,1.144,"1100064",63.52,0,0,55.2703,0,0,20.586,23.659,18.692,13.75,0.043,0,32.485,9,0.785900566441303,0.319042,0.819193056144558,2019-06-21
"RO",5,0.0541282162729703,66.731,54.2199,0.12,"1100064",69.43,0,0,46.4323,0,0,0.3966,0.593,0,0,0,0,0,0.72,0.659258123025839,0.319042,0.819193056144558,2019-06-21
"RO",6,0.0286643988568141,70.392,62.5191,0.125,"1100064",13.87,0,0,9.7878,0,0,4.3746,6.201,0,0,0,0,0,6.51,0.690541544259423,0.319042,0.819193056144558,2019-06-21
"RO",12,0.117370357282402,92.457,76.4837,0.204,"1100064",24.59,0,0,22.7846,0,0,1.5681,1.692,0,0,0,0,0,3.67,0.671509493801037,0.319042,0.819193056144558,2019-06-21
"RO",17,0.0247193874599066,53.246,37.7679,0.585,"1100064",22.19,0,0,11.8436,0,0,15.2376,28.553,0,0,0,0,0,28.69,0.666995339412062,0.319042,0.819193056144558,2019-06-21
"RO",8,0.261718811546373,24.242,15.873,0.655,"1100114",56.4,0,0,13.7044,0,0,8.1715,33.633,0,0.382,0,0,0.382,34.67,0.387957201409324,0.332650916,0.53549236349923,2019-07-18
"RO",15,0.100382857160842,46.647,46.2206,0.422,"1100114",69.84,0,0,32.6512,0,0,0,0,0,0,0,0,0,0,0.142906532183508,0.332650916,0.53549236349923,2019-08-09
"RO",7,0.229496802982555,38.088,32.5165,0.28,"1100114",1.8,0,0,0.6863,0,0,4.3379,11.364,0.001,0,0,0,0.001,13.66,0.204987872453359,0.332650916,0.53549236349923,2020-07-16
"RO",117,0.281980859342089,108.357,104.031,1.462,"1100114",20.42,0,0,22.1715,0,0,0.3267,0.301,0,0,0,0,0,0.28,0.148056035614097,0.332650916,0.53549236349923,2020-07-16
"RO",7,0.0593265299037757,22.751,21.4247,0.425,"1100114",53.98,0,0,12.3083,0,0,1.3771,6.04,0.478,0.673,0,0,1.151,6.03,0.385639693093332,0.332650916,0.53549236349923,2019-07-18
"RO",33,0.117281665784715,99.043,94.9165,0.452,"1100114",38.87,0,0,38.5848,0,0,4.3475,4.38,0,0,0,0,0,4.38,0.12441072972655,0.332650916,0.53549236349923,2019-08-09
"RO",8,0.117757446937367,47.95,45.0671,0.231,"1100114",0,0,0,0,0,0,1.0553,2.196,0,0,0,0,0,6.22,0.136500325258394,0.332650916,0.53549236349923,2019-08-09
"RO",48,0.107419611993644,94.432,73.9932,0.843,"1100114",37.99,0,0,35.9572,0,0,20.5424,21.705,0.139,0,0,0,0.139,21.29,0.136561593735518,0.332650916,0.53549236349923,2019-08-09
"RO",51,0.120126674988523,97.908,93.7524,0.707,"1100114",64.69,0,0,63.4782,0,0,2.3034,2.347,0,0,0,0,0,2.16,0.12294268974856,0.332650916,0.53549236349923,2019-08-09
"RO",65,0.282465850473015,91.71,91.781,0.921,"1100114",12.5,0,0,11.4858,0,0,2.885,3.139,1.733,2.126,0,0,3.859,0.15,0.148755279919477,0.332650916,0.53549236349923,2020-07-16
"RO",6,0.100443721816613,96.21,94.7698,0.082,"1100114",86.71,0,0,83.6057,0,0,1.7437,1.808,0,0,0,0,0,1.72,0.13211545020756,0.332650916,0.53549236349923,2019-08-09
"RO",37,0.237964196900577,42.956,38.8421,1.238,"1100114",0.56,0,0,0.2395,0,0,4.4339,10.299,4.086,0,0,0,4.086,9.78,0.206678914733619,0.332650916,0.53549236349923,2020-07-16
"RO",12,0.197055573341007,95.656,62.4915,0.25,"1100114",8.69,0,0,8.3317,0,0,24.0018,25.036,0,0,0,0.019,0.019,34.82,0.154557765084222,0.332650916,0.53549236349923,2020-07-16
"RO",51,0.212112517945816,25.559,19.2735,3.44,"1100114",71.47,0,0,18.3067,0,0,6.4984,25.368,0,0,0,0,0,24.32,0.116771866655383,0.332650916,0.53549236349923,2019-08-09
"RO",33,0.239215103827514,29.177,29.168,1.471,"1100114",0,0,0,0,0,0,0,0,0,0,0,0,0,0.25,0.20431688487367,0.332650916,0.53549236349923,2020-07-16
"RO",13,0.220227028584982,43.644,42.3832,0.399,"1100114",52.08,0,0,22.7802,0,0,2.608,5.962,2.261,1.733,0,0,3.994,3.09,0.367838597945909,0.332650916,0.53549236349923,2019-07-18
"RO",23,0.291398940992953,35.918,35.2006,0.849,"1100114",30.03,0,0,10.8115,0,0,0.5326,1.479,0,0,0,0,0,2.22,0.163217031950767,0.332650916,0.53549236349923,2020-07-16
"RO",42,0.143976246648263,76.091,74.3772,0.734,"1100114",65.38,0,0,49.8616,0,0,2.5764,3.378,0,0,0,0,0,2.47,0.119338250015289,0.332650916,0.53549236349923,2019-08-09
"RO",52,0.110551024386151,89.824,77.3831,0.874,"1100114",31.37,0,0,28.2392,0,0,8.8362,9.815,0.156,0,0,0,0.156,11.49,0.383164895689797,0.332650916,0.53549236349923,2019-07-18
"RO",8,0.101490232039354,19.788,19.4855,0.534,"1100114",78.01,0,0,15.4704,0,0,0,0,0,0,0,0,0,0,0.142159185681728,0.332650916,0.53549236349923,2019-08-09
"RO",34,0.205567316388083,99.043,86.3125,0.512,"1100114",44.87,13.07,0,44.5448,12.9777,0,0.0626,0.063,0,0,0,0,0,0.17,0.148677901605099,0.332650916,0.53549236349923,2020-07-16
"RO",6,0.23846150564265,56.578,55.598,0.14,"1100114",71.47,0,0,40.5276,0,0,0,0,0,0,0,0,0,1.02,0.382170203138258,0.332650916,0.53549236349923,2019-07-18
"RO",8,0.0290865957465663,93.852,86.2325,0.121,"1100114",3.27,0,0,3.079,0,0,6.6891,7.111,0,0,0,0,0,8.32,0.140891315688688,0.332650916,0.53549236349923,2019-08-09
"RO",8,0.258070345026621,45.508,45.1464,0.23,"1100114",52.51,0,0,23.9475,0,0,1.4735,3.231,0,0,0,0,0,1.02,0.382872784931395,0.332650916,0.53549236349923,2019-07-18
"RO",44,0.283857273290073,95.402,71.4054,0.801,"1100114",19.76,0,0,18.8904,0,0,21.3338,22.312,0,0,0,0,0,22.64,0.235518454853933,0.332650916,0.53549236349923,2020-07-16
"RO",22,0.122197336826846,88.275,74.2499,0.385,"1100114",7.23,0,0,6.3932,0,0,12.1049,13.682,0,0,0,0,0,15.08,0.39266558984623,0.332650916,0.53549236349923,2019-07-18
"RO",6,0.179050563785135,54.09,53.6619,0.145,"1100114",57.84,0,0,31.354,0,0,0,0,0,0,0,0,0,0,0.370872168515127,0.332650916,0.53549236349923,2019-07-18
"RO",11,0.231105216664443,17.018,10.7467,1.331,"1100114",0,0,0,0,0,0,7.6086,44.611,0,0,0,2.073,2.073,36.99,0.152271899120209,0.332650916,0.53549236349923,2020-07-16
"RO",49,0.264674568560929,93.188,84.9906,0.749,"1100114",5.05,0,0,4.7138,0,0,4.7571,5.093,0,0,0,0,0,8.57,0.137905393882465,0.332650916,0.53549236349923,2020-07-16
"RO",5,0.264330352493528,24.758,24.495,0.265,"1100114",84.57,0,0,20.9833,0,0,0,0,0,0,0,0,0,0,0.371835152912781,0.332650916,0.53549236349923,2019-07-18
"RO",7,0.145838953043451,62.86,61.6043,0.148,"1100114",66.32,0,0,41.784,0,0,1.0367,1.646,0,0,0,0.003,0.003,2.22,0.401436818846637,0.332650916,0.53549236349923,2019-07-18
"RO",26,0.239289415166605,50.337,49.4634,0.683,"1100114",52.38,0,0,26.4238,0,0,3.9828,7.895,0,4.888,1.229,0,6.117,0.2,0.375082881920825,0.332650916,0.53549236349923,2019-07-18
"RO",16,0.14153182452135,89.364,72.1723,0.288,"1100114",15.61,0,0,13.98,0,0,13.6583,15.25,0,0,0,0,0,15.66,0.39739704177786,0.332650916,0.53549236349923,2019-07-18
"RO",35,0.220937293541139,91.529,90.4505,0.503,"1100114",47.86,18.33,0,43.9064,16.8139,0,0,0,0,0,0,0,0,0,0.145551558334679,0.332650916,0.53549236349923,2019-08-09
"RO",8,0.286175570653329,15.62,11.9253,0.872,"1100114",69.05,0,0,10.81,0,0,4.3293,27.655,0,0,0,0,0,23.82,0.376518133402563,0.332650916,0.53549236349923,2019-07-18
"RO",24,0.280819950636149,58.1,58.2305,0.536,"1100114",45.34,0,0,26.401,0,0,0,0,0,0,0,0,0,0,0.243730847368945,0.332650916,0.53549236349923,2020-07-16
"RO",11,0.254692751197508,44.964,41.7868,0.342,"1100114",34.83,0,0,15.6941,0,0,0.9245,2.051,0,0,0,0,0,5.98,0.201173390252045,0.332650916,0.53549236349923,2020-07-16
"RO",52,0.280328528606482,95.956,96.1704,0.703,"1100114",87.01,0,0,83.6764,0,0,0,0,0,0,0,0,0,0,0.180243992297636,0.332650916,0.53549236349923,2020-07-16
"RO",7,0.186615729554614,93.961,82.8219,0.11,"1100114",50.28,0.55,0,47.3477,0.519,0,10.8648,11.537,0,0,0,0,0,11.58,0.379302423677791,0.332650916,0.53549236349923,2019-07-18
"RO",27,0.148334599770498,49.499,46.6165,0.753,"1100114",58.47,0,0,29.0064,0,0,3.2273,6.505,0,0,0,0,0,6.03,0.11835537916818,0.332650916,0.53549236349923,2019-08-09
"RO",19,0.109054462010817,98.5,89.3442,0.276,"1100114",57.83,0,0,57.094,0,0,8.0755,8.18,0,0,0,0,0,9.5,0.127434341759864,0.332650916,0.53549236349923,2019-08-09
"RO",17,0.208030453544893,56.588,56.1691,0.393,"1100114",84.91,0,0,48.154,0,0,0.0144,0.025,0,0,0,0,0,0.03,0.379840881759825,0.332650916,0.53549236349923,2019-07-18
"RO",16,0.168772662063187,120.329,86.1178,0.242,"1100114",1.79,0,0,2.1533,0,0,7.0517,5.847,0,0,0,0.257,0.257,5.76,0.138651094697613,0.332650916,0.53549236349923,2020-07-16
"RO",109,0.292054945937719,187.718,181.8756,0.779,"1100114",18.44,0,0,34.6991,0,0,7.9702,4.236,0.47,1.096,0,0,1.566,3.33,0.146637208676066,0.332650916,0.53549236349923,2020-07-16
"RO",73,0.233386314913163,117.819,88.9191,1.067,"1100114",6.94,0,0,8.1984,0,0,23.9321,20.267,0,0,0,0,0,24.7,0.201677729032679,0.332650916,0.53549236349923,2020-07-16
"RO",5,0.158007960904254,24.135,24.1887,0.269,"1100114",96.91,0,0,23.4413,0,0,0,0,0,0,0,0,0,0,0.372844508476486,0.332650916,0.53549236349923,2019-07-18
"RO",5,0.096537924132132,35.316,33.8984,0.192,"1100114",53.55,0,0,18.953,0,0,1.7054,4.818,0,0,0,0,0,4.23,0.120282118407956,0.332650916,0.53549236349923,2019-08-09
"RO",33,0.212928820033631,58.983,59.0616,0.726,"1100114",73.14,0,0,43.2362,0,0,0,0,0,0,0,0,0,0.18,0.239825163182074,0.332650916,0.53549236349923,2020-07-16
"RO",5,0.178432513955655,15.696,15.716,0.414,"1100114",78.7,0,0,12.3807,0,0,0,0,0,0,0,0,0,0.1,0.375025559258774,0.332650916,0.53549236349923,2019-07-18
"RO",19,0.0870150043621723,96.523,89.1871,0.277,"1100114",87.1,0,0,84.2571,0,0,7.959,8.227,0,0,0,0,0,7.79,0.114194396112908,0.332650916,0.53549236349923,2019-08-09
"RO",26,0.0520072833622674,97.4,83.4833,0.405,"1100114",44.67,0,0,43.6097,0,0,13.7373,14.073,0,0,0,0,0,14.48,0.114781021485746,0.332650916,0.53549236349923,2019-08-09
"RO",30,0.23287103548684,95.421,73.6236,0.53,"1100114",55.26,0,0,52.8521,0,0,22.305,23.323,0,0,0,0,0,23.02,0.231477170506261,0.332650916,0.53549236349923,2020-07-16
"RO",6,0.056801996716381,75.206,73.355,0.106,"1100114",33.67,0,0,25.3753,0,0,0.6077,0.806,0,0,0,0,0,2.68,0.108593908413447,0.332650916,0.53549236349923,2019-08-09
"RO",34,0.285965876988566,95.458,87.2285,0.507,"1100114",48.8,0,0,46.687,0,0,5.7866,6.048,0,0,0,0,0,8.82,0.145069903643344,0.332650916,0.53549236349923,2020-07-16
"RO",84,0.0666479641808396,289.522,249.8956,0.437,"1100296",67.39,2.18,0,195.5444,6.3365,0,15.4129,5.312,0,0,0,0,0,8.45,0.40832876639448,0.353537462,0.630675017949923,2017-07-28
"RO",7,0.0177595795578675,694.208,328.0901,0.028,"1100296",6.13,0,31.09,42.6677,0,216.2982,128.8309,18.516,0,0,0,0,0,20.75,0.380778930922723,0.353537462,0.630675017949923,2017-07-28
"RO",10,0.0444792396054012,43.517,32.7448,0.397,"1100296",57.95,0,0,25.2731,0,0,8.1734,18.74,0,0,0,0,0,18.69,0.348962533165279,0.353537462,0.630675017949923,2017-07-28
"RO",9,0.0540403296588073,66.236,46.5889,0.251,"1100296",0,0,0,0,0,0,21.9824,33.114,0,3.399,0,0,3.399,29.82,0.364240888607464,0.353537462,0.630675017949923,2017-07-28
"RO",14,0.273218056540037,24.527,24.5265,0.742,"1100296",10.61,0,0,2.6076,0,0,0,0,0,0,0,0,0,0,0.294149626949223,0.353537462,0.630675017949923,2020-08-12
"RO",6,0.258113883008419,6.076,6.0621,1.287,"1100296",0,0,0,0,0,0,0,0,0,0,0,0,0,0.45,0.285221808795411,0.353537462,0.630675017949923,2020-08-12
"RO",34,0.141355423543216,37.536,36.8971,1.198,"1100296",98.08,0,0,36.8971,0,0,0,0,0,0,0,0,0,0,0.341015078893604,0.353537462,0.630675017949923,2017-07-28
"RO",67,0.177246742889675,31.38,30.0955,2.894,"1100296",0.45,0,0,0.1425,0,0,0.643,2.045,0,0,0,0,0,2.63,0.357473062235944,0.353537462,0.630675017949923,2017-07-28
"RO",41,0.0366282873945624,291.632,247.39,0.215,"1100296",67.76,2.17,0,198.0546,6.3364,0,21.9952,7.525,0,0,0,0,0,11.19,0.404594181752217,0.353537462,0.630675017949923,2017-07-28
"RO",6,0.218181818181818,21.653,18.3744,0.425,"1100296",9.36,0,0,2.0317,0,0,3.6755,16.938,0,0,0,0,0,15.33,0.286694246070457,0.353537462,0.630675017949923,2020-08-12
"RO",7,0.0285714285714286,66.011,44.7004,0.204,"1100296",0,0,2.13,0,0,1.406,18.899,28.566,0,0.292,0,0,0.292,30.18,0.366480747658808,0.353537462,0.630675017949923,2017-07-28
"RO",14,0.280261497843368,25.708,25.6844,0.709,"1100296",10.2,0,0,2.6286,0,0,0,0,0,0,0,0,0,0,0.294191540727982,0.353537462,0.630675017949923,2020-08-12
"RO",48,0.26021884507587,98.123,90.5422,0.689,"1100296",32.62,0,0,32.0818,0,0,17.9044,18.206,0,2.507,1.343,0.448,4.298,7.39,0.294983713671402,0.353537462,0.630675017949923,2020-08-12
"RO",46,0.267474441679951,99.638,88.6758,0.674,"1100296",0.77,0,0,0.7678,0,0,4.5843,4.591,0,0,0,0,0,6.05,0.289383433279642,0.353537462,0.630675017949923,2020-08-12
"RO",66,0.259048772090846,84.032,83.8812,1.023,"1100296",1.11,0,0,0.9325,0,0,0.1659,0.197,0,0,0,0,0,0.25,0.299330535486224,0.353537462,0.630675017949923,2020-08-12
"RO",8,0.25663553970333,96.611,87.8368,0.118,"1100296",58.15,0,0,56.3014,0,0,3.1813,3.286,0,0,0,0,0,2.43,0.290024933076831,0.353537462,0.630675017949923,2020-08-12
"RO",27,0.117322690943036,30.019,28.0745,1.25,"1100296",37.22,0,0,11.1987,0,0,1.0228,3.4,0,0,0,0,0,3.69,0.35949557275502,0.353537462,0.630675017949923,2017-07-28
"RO",23,0.215959179422654,29.218,19.0021,1.574,"1100296",0,0,0,0,0,0,8.5917,29.34,0,0,0,0,0,29.95,0.301650633353022,0.353537462,0.630675017949923,2020-08-12
"RO",23,0.117021918304687,40.226,34.1433,0.876,"1100296",25.78,0,0,10.3939,0,0,3.4781,8.627,0,0,0,0,0,11.92,0.363685257241663,0.353537462,0.630675017949923,2017-07-28
"RO",23,0.117021918304687,39.549,33.4922,0.893,"1100296",25.98,0,0,10.2978,0,0,3.4781,8.775,0,0,0,0,0,12.11,0.363693822143649,0.353537462,0.630675017949923,2017-07-28
"RO",20,0.259679060450733,24.997,14.7586,1.762,"1100296",0,0,0,0,0,0,10.5079,41.942,0,0,0,0,0,41.09,0.31027184428364,0.353537462,0.630675017949923,2020-08-12
"RO",30,0.119267153178348,32.889,32.4783,1.201,"1100296",0,0,0,0,0,0,1.2587,3.819,0,0,0,0,0,1.47,0.356566622188168,0.353537462,0.630675017949923,2017-07-28
"RO",10,0.0778498534683311,42.424,36.9241,0.352,"1100296",27.51,0,0,11.6974,0,0,3.4862,8.199,0,0,0,0,0,11.71,0.356314539332485,0.353537462,0.630675017949923,2017-07-28
"RO",27,0.127110908863423,42.435,36.8606,0.952,"1100296",33.9,0,0,14.4159,0,0,0.6277,1.476,0,0,0,0,0,1.53,0.361304637753108,0.353537462,0.630675017949923,2017-07-28
"RO",6,0.0287479787288034,35.766,33.3527,0.234,"1100296",72.1,0,0,25.8447,0,0,0.0538,0.15,0,0,0,0,0,0.23,0.344423516604149,0.353537462,0.630675017949923,2017-07-28
"RO",44,0.104696656127003,76.808,72.7663,0.786,"1100296",0,0,0,0,0,0,6.1139,7.942,0,0,0,0,0,5.47,0.357623196225073,0.353537462,0.630675017949923,2017-07-28
"RO",8,0.0625,49.943,39.4603,0.264,"1100296",0,0,0,0,0,0,11.5544,23.084,0,0,0,0,0,21.16,0.353143323116652,0.353537462,0.630675017949923,2017-07-28
"RO",6,0.17633227950972,69.579,51.6625,0.151,"1100296",3.01,0,0,2.0992,0,0,18.9992,27.245,0,0,0,0,0,25.43,0.285611856618381,0.353537462,0.630675017949923,2020-08-12
"RO",5,0.179778678238928,30.849,19.8103,0.328,"1100296",0,0,0,0,0,0,10.9712,35.484,0,0,0,0.854,0.854,35.06,0.282956646540324,0.353537462,0.630675017949923,2020-08-12
"RO",20,0.219301610262827,16.224,16.2606,1.599,"1100296",32.75,0,0,5.3249,0,0,0,0,0,0,0,0,0,0,0.29575556694383,0.353537462,0.630675017949923,2020-08-12
"RO",7,0.201398389299186,10.629,10.1131,0.9,"1100296",0,0,0,0,0,0,0,0,0,0,0,0,0,0,0.299572423073102,0.353537462,0.630675017949923,2020-08-12
"RO",5,0.179778678238928,14.419,8.5906,0.757,"1100296",0,0,0,0,0,0,5.9567,41.219,0,0,0,1.181,1.181,38.93,0.283195601844514,0.353537462,0.630675017949923,2020-08-12
"RO",28,0.19310304435279,100.631,68.3764,0.532,"1100338",45.46,0.5,0,45.8523,0.5036,0,32.4037,32.128,0,0,0.79,0,0.79,32.02,2.45367564691785,0.384707236,0.967839316415692,2019-07-10
"RO",15,0.284687705148381,30.389,27.1724,0.718,"1100338",57.9,0,0,17.6335,0,0,9.0853,29.83,2.595,13.446,9.404,0,25.445,10.78,1.92680127384659,0.384707236,0.967839316415692,2019-06-13
"RO",9,0.216262285401344,25.459,16.3658,0.715,"1100338",45.19,0,0,11.532,0,0,9.645,37.799,0,0.285,0,0,0.285,35.86,1.90701796547035,0.384707236,0.967839316415692,2019-06-13
"RO",11,0.112360956446232,38.322,36.0771,0.396,"1100338",30.57,0,0,11.7416,0,0,20.1526,52.469,2.204,22.5,0,0.645,25.349,6.07,1.94834427990507,0.384707236,0.967839316415692,2019-06-13
"RO",39,0.26455161906762,97.494,96.9629,0.523,"1100338",97.87,1.35,0,95.6285,1.3157,0,1.1675,1.195,0,0.265,0.363,0.129,0.757,0.77,2.39815811950346,0.384707236,0.967839316415692,2019-07-10
"RO",46,0.115323498102882,98.849,94.8759,0.63,"1100338",70.81,0.21,0,70.1523,0.2044,0,2.3446,2.367,0,0,0,0,0,4.23,2.47111102880117,0.384707236,0.967839316415692,2019-07-10
"RO",11,0.11425113047838,89.298,88.6401,0.161,"1100338",81.07,16.25,0,72.552,14.5419,0,5.8856,6.576,0.989,5.537,0,0,6.526,0.96,2.39494195065806,0.384707236,0.967839316415692,2019-07-10
"RO",33,0.095636309546553,97.872,98.091,0.437,"1100338",34.61,65.39,0,33.9464,64.1446,0,0,0,0,0,0,0,0,0,2.47845718359081,0.384707236,0.967839316415692,2019-07-10
"RO",113,0.216933290455715,99.031,93.3357,1.574,"1100338",78.45,8.02,0,77.8645,7.9613,0,3.3518,3.377,0,0,0,0,0,4.66,2.4581460320852,0.384707236,0.967839316415692,2019-07-10
"RO",6,0.0610613011184583,99.653,85.2404,0.092,"1100338",61.39,8.94,0,61.3161,8.9262,0,23.4342,23.463,8.154,0,0,4.392,12.546,14.65,2.13539221609772,0.384707236,0.967839316415692,2019-07-10
"RO",6,0.0933769365512854,103.768,72.4875,0.108,"1100338",42.42,0,0,44.1126,0,0,20.5199,19.731,0,0,0.13,0,0.13,30.3,2.41624579852716,0.384707236,0.967839316415692,2019-07-10
"RO",43,0.126671142735758,96.682,82.0415,0.681,"1100338",65.96,0,0,63.9174,0,0,40.111,41.395,0.548,2.226,19.493,0.556,22.823,15.33,2.40117135791774,0.384707236,0.967839316415692,2019-07-10
"RO",9,0.197956403429289,49.859,48.5499,0.241,"1100338",33.29,0,0,16.6366,0,0,1.5635,3.129,0.006,0,0,0,0.006,2.84,2.46530776212168,0.384707236,0.967839316415692,2019-07-10
"RO",23,0.234181130981254,98.184,59.261,0.505,"1100338",47.38,6.6,0,46.6214,6.4906,0,39.2376,39.874,0,0,0,0,0,39.78,2.39154660695576,0.384707236,0.967839316415692,2019-07-10
"RO",32,0.172673298253537,99.688,96.9968,0.429,"1100338",53.22,0,0,53.1754,0,0,3.0334,3.036,0,0,0.62,0,0.62,2.92,2.43740078137182,0.384707236,0.967839316415692,2019-07-10
"RO",14,0.0477353496398811,46.766,23.5745,0.772,"1100338",34.88,2.86,0,16.347,1.3399,0,23.2117,49.523,0,0,0,0,0,49.7,2.40997995885814,0.384707236,0.967839316415692,2019-07-10
"RO",46,0.246799665745337,97.13,95.602,0.626,"1100338",86.44,9.03,0,84.1494,8.792,0,0.186,0.191,0,0,0,0.083,0.083,1.79,2.44578287910156,0.384707236,0.967839316415692,2019-07-10
"RO",38,0.270311799987875,51.066,50.7575,0.973,"1100338",50.44,0,0,25.8144,0,0,26.0447,50.888,3.57,9.04,5.638,14.533,32.781,0.83,1.94243688318138,0.384707236,0.967839316415692,2019-06-13
"RO",101,0.254281326185229,98.501,80.1454,1.638,"1100338",49.26,0,0,48.6261,0,0,25.2329,25.56,7.176,4.891,1.139,0.347,13.553,18.82,1.90997824272569,0.384707236,0.967839316415692,2019-06-13
"RO",24,0.154594700855273,99.798,79.4617,0.393,"1100338",52.11,2.81,0,52.1202,2.8116,0,44.9725,44.963,0,0,0,0,0,20.56,2.38792308989074,0.384707236,0.967839316415692,2019-07-10
"RO",53,0.16726435673294,168.815,140.2944,0.491,"1100338",46.1,0,0,78.0056,0,0,71.1608,42.059,0.216,1.281,9.261,0.694,11.452,17.05,1.97203686979686,0.384707236,0.967839316415692,2019-06-13
"RO",7,0.075199552047878,45.414,21.7316,0.419,"1100338",19.87,0,0,9.0451,0,0,23.3339,51.266,0,0,0,0.059,0.059,52.25,2.17479509989863,0.384707236,0.967839316415692,2019-07-10
"RO",103,0.197735866425225,100.207,99.8202,1.341,"1100338",61.19,11.56,0,61.4575,11.6052,0,0.8175,0.814,0.014,0,0,0,0.014,0.01,2.48804387525067,0.384707236,0.967839316415692,2019-07-10
"RO",33,0.270540088670861,48.747,48.856,0.878,"1100338",86.63,0,0,42.3255,0,0,2.5891,5.3,33.394,3.531,0.127,0,37.052,0,1.98298151163156,0.384707236,0.967839316415692,2019-06-13
"RO",16,0.0995612483144134,90.42,89.5601,0.232,"1100338",59.84,2.4,0,54.2328,2.174,0,0,0,0,0,0,0,0,1.17,2.43389315746188,0.384707236,0.967839316415692,2019-07-10
"RO",7,0.0310585683395538,91.643,61.6907,0.148,"1100338",52.68,0,0,48.3861,0,0,35.7564,38.93,0,0,0,0.789,0.789,32.83,2.40767589585776,0.384707236,0.967839316415692,2019-07-10
"RO",16,0.109667319926611,45.772,36.5821,0.569,"1100338",33.91,0,0,15.5574,0,0,8.1598,17.787,0,0,0,0,0,20.26,2.47914786666131,0.384707236,0.967839316415692,2019-07-10
"RO",5,0.0627179953233305,76.694,75.8737,0.086,"1100338",92.22,1.24,0,70.8823,0.9504,0,0,0,0,0,0,0,0,1.29,2.42472817903784,0.384707236,0.967839316415692,2019-07-10
"RO",40,0.281635596034609,51.431,50.6762,1.026,"1100338",74.92,0,0,38.6206,0,0,2.9623,5.747,8.799,2.6,0.001,0,11.4,1.69,1.90778815407464,0.384707236,0.967839316415692,2019-06-13
"RO",7,0.0667557013432326,50.916,48.0585,0.189,"1100338",21.99,0,0,11.2209,0,0,20.1267,39.441,2.94,10.539,2.923,1.323,17.725,5.82,1.96154375282233,0.384707236,0.967839316415692,2019-06-13
"RO",14,0.170354333125301,52.302,46.7945,0.389,"1100338",40.12,0,0,21.0286,0,0,13.4523,25.663,5.187,6.401,5.04,0,16.628,10.73,1.91489149955007,0.384707236,0.967839316415692,2019-06-13
"RO",13,0.0585316260519135,99.749,81.2245,0.208,"1100338",46.33,0,0,46.3211,0,0,63.2124,63.23,2.302,20.137,20.15,0.439,43.028,18.75,2.45277906368804,0.384707236,0.967839316415692,2019-07-10
"RO",33,0.083607325819819,101.638,55.8928,0.768,"1100338",26.84,2.28,0,27.3363,2.3268,0,39.8853,39.155,0,0,0,0,0,41.51,2.42563629997518,0.384707236,0.967839316415692,2019-07-10
"RO",89,0.2280888305074,202.575,199.7841,0.579,"1100338",86.72,8.72,0,176.0728,17.7056,0,3.8801,1.911,0,0,0,0,0,1.6,2.39910139597034,0.384707236,0.967839316415692,2019-07-10
"RO",43,0.114873678703565,99.69,84.5287,0.661,"1100338",65.41,0,0,65.3561,0,0,41.356,41.392,0.532,2.03,20.062,0.431,23.055,15.4,2.40143588750006,0.384707236,0.967839316415692,2019-07-10
"RO",49,0.187215765194912,93.786,93.5538,0.681,"1100338",89.64,8.39,0,84.2591,7.8892,0,0,0,0,0,0,0,0,0,2.44901230567042,0.384707236,0.967839316415692,2019-07-10
"RO",95,0.207999496088517,196.978,150.027,0.823,"1100338",32.35,0,0,63.8733,0,0,64.3955,32.619,1.456,5.449,1.378,0.3,8.583,23.84,1.9348399106758,0.384707236,0.967839316415692,2019-06-13
"RO",28,0.256189087749217,48.616,45.0578,0.808,"1100338",36.39,0,0,17.7308,0,0,10.0889,20.706,6.08,2.238,10.203,0,18.521,7.53,1.9193797795325,0.384707236,0.967839316415692,2019-06-13
"RO",6,0.0416496563917521,46.815,28.468,0.274,"1100338",30.91,10.81,0,14.5051,5.0724,0,18.3742,39.161,0,0,0,0,0,39.33,2.41175966157015,0.384707236,0.967839316415692,2019-07-10
"RO",41,0.134741433031267,98.822,92.9157,0.574,"1100338",69.52,4.23,0,68.8538,4.19,0,6.1549,6.214,0,0,0,0,0,6.19,2.40722668654382,0.384707236,0.967839316415692,2019-07-10
"RO",23,0.0763984023185697,99.806,81.296,0.368,"1100338",54.66,8.6,0,54.676,8.6005,0,19.701,19.695,0,0,0.531,0,0.531,18.7,2.44675654062581,0.384707236,0.967839316415692,2019-07-10
"RO",10,0.264041781233517,25.714,25.7713,0.504,"1100338",90.93,0,0,23.4342,0,0,0,0,0,0,0,0,0,0,1.92326484785108,0.384707236,0.967839316415692,2019-06-13
"RO",7,0.10561862178479,24.629,24.1878,0.376,"1100338",62.26,0,0,15.3678,0,0,0.2752,1.115,0,0,0,0,0,2.01,2.47199255012279,0.384707236,0.967839316415692,2019-07-10
"RO",7,0.11736223954553,48.19,47.7013,0.191,"1100338",53.47,0,0,25.8265,0,0,1.5917,3.296,0,1.417,1.645,0,3.062,0,2.42309790373941,0.384707236,0.967839316415692,2019-07-10
"RO",6,0.0905007394728159,97.931,51.0431,0.153,"1100338",27.29,12.63,0,26.7833,12.3967,0,47.1204,48.008,0,0,0,0,0,47.99,2.41365467484529,0.384707236,0.967839316415692,2019-07-10
"RO",66,0.156821690396108,101.047,59.431,1.444,"1100338",34.45,0,0,34.8919,0,0,29.6486,29.276,0,0,0,0,0,41.32,2.45040165801573,0.384707236,0.967839316415692,2019-07-10
"RO",48,0.153009617101167,72.138,72.299,0.863,"1100338",95.42,4.58,0,68.9896,3.3094,0,0,0,0,0,0,0,0,0,2.18202467797258,0.384707236,0.967839316415692,2019-07-10
"RO",7,0.127760738919411,50.165,36.5682,0.249,"1100338",37.4,0,0,18.8034,0,0,22.7394,45.228,3.402,14.657,2.103,0.174,20.336,27.27,1.95818372952586,0.384707236,0.967839316415692,2019-06-13
"RO",29,0.231467089115107,50.779,37.6195,1.002,"1100338",63.56,0,0,32.3471,0,0,19.86,39.023,11.249,5.268,0.875,0,17.392,25.4,1.97375156846494,0.384707236,0.967839316415692,2019-06-13
"RO",34,0.132033020918377,100.496,91.769,0.482,"1100338",19.77,0,0,19.9144,0,0,10.2066,10.134,0,0,0,0,0,8.89,2.50281626024604,0.384707236,0.967839316415692,2019-07-10
"RO",9,0.0820512820512821,57.3,56.8244,0.206,"1100338",95.56,3.39,0,54.8798,1.9446,0,0.3271,0.57,0,0,0,0,0,0.96,2.43043099768096,0.384707236,0.967839316415692,2019-07-10
"RO",8,0.189379854562704,32.854,26.3887,0.394,"1100338",70.4,1.22,0,23.1824,0.4006,0,7.0213,21.323,0,0,0,0.21,0.21,19.86,2.3952402398191,0.384707236,0.967839316415692,2019-07-10
"RO",57,0.261354864839171,54.061,39.11,1.895,"1100338",28.83,0,0,15.6231,0,0,23.6844,43.713,2.639,9.799,1.267,0.611,14.316,27.82,1.90805213004798,0.384707236,0.967839316415692,2019-06-13
"RO",23,0.234181130981254,98.855,62.1201,0.481,"1100338",46.92,5.81,0,46.4904,5.7601,0,42.9791,43.38,0,0,0,0,0,37.3,2.39088069684551,0.384707236,0.967839316415692,2019-07-10
"RO",17,0.103891707568773,113.043,43.2463,0.511,"1100338",25.83,0,0,29.2668,0,0,83.0317,73.289,0,8.353,2.413,0,10.766,61.83,2.40151818808547,0.384707236,0.967839316415692,2019-07-10
"RO",27,0.249083941472935,25.115,25.1707,1.394,"1100338",86.12,0,0,21.678,0,0,0.0412,0.164,0,0,0,0,0,0,1.8819582164782,0.384707236,0.967839316415692,2019-06-13
"RO",99,0.224967667870745,92.685,91.599,1.405,"1100338",59.62,5.73,0,55.3807,5.3205,0,0.4337,0.467,0,0,0,0,0,1.16,2.46185852746079,0.384707236,0.967839316415692,2019-07-10
"RO",17,0.282236067458245,100.265,99.4496,0.222,"1100338",93.21,2.61,0,93.6669,2.6251,0,1.7684,1.76,0,0,0.672,0.224,0.896,0.91,2.46198349096039,0.384707236,0.967839316415692,2019-07-10
"RO",16,0.0753497240912122,179.732,143.5043,0.145,"1100338",44.77,3.44,0,80.6448,6.2044,0,47.0827,26.138,0,0.626,4.99,0.663,6.279,20.33,2.42442448593546,0.384707236,0.967839316415692,2019-07-10
"RO",49,0.198031519163357,98.096,77.6039,0.821,"1100338",50.35,16.81,0,49.4978,16.5301,0,20.0182,20.361,0.54,0,0.72,0.9,2.16,19.9,2.41808187121429,0.384707236,0.967839316415692,2019-07-10
"RO",26,0.230419591424696,97.671,85.835,0.394,"1100338",61.87,4.41,0,60.5651,4.3141,0,8.7871,8.977,0,0,0,0,0,12.32,2.41481239578207,0.384707236,0.967839316415692,2019-07-10
"RO",10,0.25287225769222,46.828,42.5663,0.305,"1100338",37.41,0,0,17.5597,0,0,9.8274,20.939,13.836,9.134,0.417,0,23.387,9.3,1.97485748851587,0.384707236,0.967839316415692,2019-06-13
"RO",7,0.0676001455305595,99.309,99.3329,0.092,"1100338",84.41,6.11,0,84.0129,6.0796,0,0,0,0,0,0,0,0,0.2,2.45217869717529,0.384707236,0.967839316415692,2019-07-10
"RO",23,0.172558749001864,104.084,104.3174,0.287,"1100338",75.73,5.18,0,78.9972,5.401,0,8.8895,8.522,0,0.041,4.493,0,4.534,0,2.15471072040605,0.384707236,0.967839316415692,2019-07-10
"RO",38,0.175259660282292,99.116,98.4513,0.502,"1100338",85.36,0,0,84.792,0,0,0.0033,0.003,0,0,0,0,0,0.89,2.46335108835563,0.384707236,0.967839316415692,2019-07-10
"RO",46,0.150598070410649,97.993,87.8199,0.681,"1100338",81,0,0,79.5512,0,0,16.9537,17.262,0,0,6.309,0,6.309,10.58,2.46558712484961,0.384707236,0.967839316415692,2019-07-10
"RO",13,0.262283539269436,44.335,44.2383,0.382,"1100338",72.93,0,0,32.4068,0,0,0.3606,0.812,0.17,0,0,0,0.17,0.44,1.92392360628218,0.384707236,0.967839316415692,2019-06-13
"RO",15,0.0321244556430581,95.045,76.4584,0.255,"1100338",52.09,4.26,0,49.6201,4.0575,0,14.9708,15.716,4.451,0,0,0,4.451,19.74,2.43711157481476,0.384707236,0.967839316415692,2019-07-10
"RO",23,0.18507370413668,50.897,45.3477,0.659,"1100338",51.77,0,0,26.4085,0,0,10.3847,20.358,15.427,8.96,0.147,0,24.534,11.1,1.92212302737844,0.384707236,0.967839316415692,2019-06-13
"RO",11,0.172474487139159,25.67,21.4865,0.666,"1100338",35.97,0,0,9.2531,0,0,6.337,24.631,6.915,7.967,0,0,14.882,16.49,1.97920231017474,0.384707236,0.967839316415692,2019-06-13
"RO",42,0.255964364333543,47.172,42.9166,1.272,"1100338",33.36,0,0,15.773,0,0,20.0761,42.464,14.621,10.566,8.506,3.517,37.21,9.22,1.90616586873468,0.384707236,0.967839316415692,2019-06-13
"RO",8,0.0713321707815353,101.51,70.1911,0.148,"1100338",39.25,0,0,39.9305,0,0,55.2114,54.269,2.458,0,0,8.457,10.915,31.01,2.13130679220451,0.384707236,0.967839316415692,2019-07-10
"RO",7,0.0533951531991554,101.375,77.897,0.117,"1100338",61.07,8.59,0,62.0496,8.7228,0,33.2315,32.708,0.523,7.068,1.133,0,8.724,23.33,2.39183258599533,0.384707236,0.967839316415692,2019-07-10
"RO",35,0.187775818285769,98.761,98.4511,0.462,"1100338",74.2,25.27,0,73.4422,25.0088,0,0,0,0,0,0,0,0,0,2.45540057543457,0.384707236,0.967839316415692,2019-07-10
"RO",14,0.201020952428912,16.887,16.6297,1.094,"1100338",57.15,0,0,9.6734,0,0,2.0348,12.023,9.644,9.078,2.884,0,21.606,1.74,1.89136111532675,0.384707236,0.967839316415692,2019-06-13
"RO",13,0.181175837687145,99.262,86.514,0.195,"1100338",70.21,0,0,69.8475,0,0,14.6278,14.704,0,0,0,0.062,0.062,12.1,2.44503511095159,0.384707236,0.967839316415692,2019-07-10
"RO",10,0.0860069523003462,50.925,37.7752,0.344,"1100338",30.88,0,0,15.7619,0,0,23.2652,45.584,2.448,10.341,4.309,0.607,17.705,25.99,1.95905571242443,0.384707236,0.967839316415692,2019-06-13
"RO",32,0.19849975987299,78.964,73.7457,0.564,"1100338",30.69,0,0,24.288,0,0,15.8834,20.07,4.242,1.79,0.895,0.895,7.822,6.82,1.95590925895099,0.384707236,0.967839316415692,2019-06-13
"RO",10,0.0696636978831835,50.84,35.7027,0.364,"1100338",28.52,0,0,14.5346,0,0,24.8788,48.826,2.032,9.873,4.27,0.608,16.783,29.93,1.95932322884869,0.384707236,0.967839316415692,2019-06-13
"RO",7,0.0176889917987346,105.288,30.2248,0.301,"1100338",0.29,0,0,0.3101,0,0,71.3966,67.659,11.303,0,0.37,0.028,11.701,71.36,2.41276871703627,0.384707236,0.967839316415692,2019-07-10
"RO",48,0.162776188405497,72.15,72.311,0.863,"1100338",93.02,6.98,0,67.2645,5.0465,0,0,0,0,0,0,0,0,0,2.1820518090291,0.384707236,0.967839316415692,2019-07-10
"RO",22,0.20040418728391,78.859,79.0357,0.362,"1100338",65.41,29.74,0,51.6987,23.5076,0,0,0,0,0,0,0,0,0,2.15922550832215,0.384707236,0.967839316415692,2019-07-10
"RO",24,0.180623997951077,99.116,67.0303,0.465,"1100338",48.77,0,0,48.4512,0,0,33.3219,33.544,3.963,0,1.331,0,5.294,32.52,2.14561366316878,0.384707236,0.967839316415692,2019-07-10
"RO",7,0.0268956696984114,99.293,47.8183,0.19,"1100338",0,0,0,0,0,0,56.9598,57.237,16.825,0,3.125,1.182,21.132,51.95,2.4167264399909,0.384707236,0.967839316415692,2019-07-10
"RO",9,0.228575025214079,52.198,52.315,0.224,"1100338",59.12,0,0,30.9285,0,0,0,0,0,0,0,0,0,0,2.48101491243416,0.384707236,0.967839316415692,2019-07-10
"RO",8,0.25933493462416,23.035,18.9,0.55,"1100338",38.78,0,0,8.954,0,0,6.451,27.942,0,4.931,4.743,0,9.674,18.14,1.92813462556757,0.384707236,0.967839316415692,2019-06-13
"RO",22,0.156716136440391,98.155,68.968,0.415,"1100338",53.77,0,0,52.8998,0,0,36.0784,36.674,0.63,0.065,0.64,0.763,2.098,29.89,2.39923600996564,0.384707236,0.967839316415692,2019-07-10
"RO",6,0.109981990921759,25.02,24.9598,0.313,"1100338",41.38,0,0,10.3772,0,0,8.9875,35.84,3.471,26.97,2.044,0.501,32.986,0.46,1.94102102358106,0.384707236,0.967839316415692,2019-06-13
"RO",11,0.179536483126411,51.624,43.1814,0.331,"1100338",30.99,0,0,16.0328,0,0,10.4992,20.292,6.325,0.562,0,0,6.887,16.54,1.92228424552056,0.384707236,0.967839316415692,2019-06-13
"RO",9,0.0703159966810732,96.941,80.0808,0.146,"1100338",63.35,0,0,61.55,0,0,50.944,52.434,0,11.786,21.703,0,33.489,17.58,2.4030278377177,0.384707236,0.967839316415692,2019-07-10
"RO",64,0.12065254541591,100.75,49.1305,1.693,"1100338",41.85,0,0,42.2572,0,0,54.4801,53.954,0,2.608,0,0,2.608,51.34,2.43537580964667,0.384707236,0.967839316415692,2019-07-10
"RO",17,0.24776621659506,50.801,46.6192,0.474,"1100338",34.5,0,0,17.5668,0,0,6.9368,13.624,2.948,0,0,0,2.948,8.44,1.91090260860468,0.384707236,0.967839316415692,2019-06-13
"RO",28,0.18174950622512,104.503,100.8556,0.361,"1100338",83.08,6.26,0,87.0153,6.5596,0,4.8006,4.583,13.481,0,0,0,13.481,3.71,2.14234303832985,0.384707236,0.967839316415692,2019-07-10
"RO",52,0.0994618953702956,182.116,172.6825,0.391,"1100338",76.07,2.78,0,138.8486,5.0803,0,40.687,22.291,0,0,7.415,0.631,8.046,5.12,2.17857736185141,0.384707236,0.967839316415692,2019-07-10
"RO",13,0.111237243569579,50.268,46.4356,0.364,"1100338",65.91,0,0,33.2043,0,0,3.364,6.677,1.406,0,0,0,1.406,7.83,2.42489902733957,0.384707236,0.967839316415692,2019-07-10
"RO",14,0.128192168053237,49.678,45.7932,0.397,"1100338",41.59,0,0,20.7062,0,0,8.3985,16.868,22.747,4.387,0,1.485,28.619,8.03,1.91803868857776,0.384707236,0.967839316415692,2019-06-13
"RO",23,0.109471462150234,106.841,74.2019,0.403,"1100338",46.45,0,0,49.7342,0,0,41.5705,38.822,4.125,1.621,0.409,0.879,7.034,30.7,1.97966081737114,0.384707236,0.967839316415692,2019-06-13
"RO",9,0.135622306027694,56.024,54.1479,0.216,"1100338",43.22,0,0,24.2697,0,0,9.3933,16.729,0.115,2.19,3.609,2.866,8.78,3.56,1.91721012789669,0.384707236,0.967839316415692,2019-06-13
"RO",108,0.259599769527717,95.102,66.2586,2.119,"1100338",58.15,3.21,0,55.4284,3.0628,0,33.8533,35.517,0,0,0.65,0,0.65,30.48,2.38641112389106,0.384707236,0.967839316415692,2019-07-10
"RO",34,0.221380315261169,48.435,46.6864,0.947,"1100338",33.67,0,0,16.343,0,0,19.2776,39.712,11.539,8.695,5.996,6.579,32.809,3.78,1.95432986748274,0.384707236,0.967839316415692,2019-06-13
"RO",25,0.24202284733762,52.798,42.8442,0.759,"1100338",45.06,0,0,23.8415,0,0,14.1329,26.708,0.778,3.455,0.924,0,5.157,19.03,1.90280604961424,0.384707236,0.967839316415692,2019-06-13
"RO",32,0.0702565054332534,101.558,82.6377,0.503,"1100338",50.39,25.51,0,51.2878,25.9701,0,44.3575,43.579,18.266,19.635,3.213,0,41.114,18.81,2.40483295736749,0.384707236,0.967839316415692,2019-07-10
"RO",20,0.123793012280388,82.218,69.5755,0.374,"1100338",3.5,0,0,2.886,0,0,13.8461,16.803,1.075,0,0.047,0.055,1.177,15.57,2.18226290484182,0.384707236,0.967839316415692,2019-07-10
"RO",11,0.121207153111895,99.73,59.354,0.241,"1100338",44.48,0,0,44.4601,0,0,39.5688,39.587,0,0,0,0,0,40.62,2.45429417983321,0.384707236,0.967839316415692,2019-07-10
"RO",39,0.263543851578825,98.137,96.2146,0.527,"1100338",64.26,9.74,0,63.2017,9.5787,0,0.3975,0.404,0,0,0,0,0,1.21,2.46518757849589,0.384707236,0.967839316415692,2019-07-10
"RO",5,0.0313589976616652,77.327,54.1463,0.12,"1100338",49.65,0,0,38.4823,0,0,23.9564,30.911,0,0,0,0,0,29.05,2.1882156532966,0.384707236,0.967839316415692,2019-07-10
"RO",36,0.234492502062699,96.296,90.9219,0.515,"1100338",80.56,2.98,0,77.7485,2.8782,0,5.6468,5.851,0,0,0,0,0,5.79,2.38872606370133,0.384707236,0.967839316415692,2019-07-10
"RO",20,0.121750739472816,100.068,100.2716,0.259,"1100338",71.56,2.02,0,71.7711,2.0271,0,0,0,0,0,0,0,0,0,2.48406972405513,0.384707236,0.967839316415692,2019-07-10
"RO",23,0.216385888412101,100.832,96.6523,0.309,"1100338",34.55,0,0,34.9121,0,0,13.6586,13.516,8.195,0.222,2.542,0,10.959,4.36,1.9121525750491,0.384707236,0.967839316415692,2019-06-13
"RO",11,0.275425336857906,51.042,51.1563,0.28,"1100338",76.91,0,0,39.3445,0,0,1.2534,2.45,0.392,0.837,1.093,0,2.322,0,1.8995764534183,0.384707236,0.967839316415692,2019-06-13
"RO",41,0.219564676518879,101.396,63.5329,0.839,"1100338",46.89,0.53,0,47.6478,0.5391,0,37.8317,37.227,0.029,0.192,0.227,0,0.448,36.78,2.40849741155811,0.384707236,0.967839316415692,2019-07-10
"RO",11,0.119470806044174,97.394,49.2072,0.291,"1100338",30.33,9.73,0,29.6021,9.5002,0,42.8008,43.848,0,1.448,0,0,1.448,47.46,2.41682341253901,0.384707236,0.967839316415692,2019-07-10
"RO",19,0.108953004227952,98.93,65.6619,0.376,"1100338",45.15,0,0,44.7682,0,0,62.2771,62.81,0.906,26.988,0.295,0,28.189,33.78,2.48249621512904,0.384707236,0.967839316415692,2019-07-10
"RO",25,0.0753176426720953,100.176,78.0602,0.416,"1100338",54.29,0,0,54.5045,0,0,22.1003,22.012,0,0,0,0.216,0.216,21.54,2.44256912205243,0.384707236,0.967839316415692,2019-07-10
"RO",8,0.0972302480389955,98.128,75.0388,0.139,"1100338",54.55,0,0,53.647,0,0,49.9708,50.81,1.518,26.06,0.333,0,27.911,23.7,2.47866569637491,0.384707236,0.967839316415692,2019-07-10
"RO",19,0.0429346956606539,93.041,92.9809,0.266,"1100338",33.07,61.93,0,30.8394,57.7485,0,0.0248,0.027,0,0,0,0,0,0.29,2.47548119887819,0.384707236,0.967839316415692,2019-07-10
"RO",7,0.0852421294897703,93.273,55.4495,0.164,"1100338",34.93,3.91,0,32.6528,3.6516,0,37.0322,39.614,0,0,0,0,0,40.68,2.18240908782763,0.384707236,0.967839316415692,2019-07-10
"RO",23,0.179630359897366,50.946,46.7449,0.64,"1100338",54.98,0,0,28.0738,0,0,9.082,17.787,15.511,8.667,0,0.192,24.37,8.45,1.92217507063462,0.384707236,0.967839316415692,2019-06-13
"RO",23,0.211386379130016,40.177,40.2672,0.743,"1100338",66.85,0,0,26.9191,0,0,1.1501,2.856,15.284,2.856,0,0,18.14,0,1.92129771350769,0.384707236,0.967839316415692,2019-06-13
"RO",18,0.14189504271968,98.953,81.1247,0.288,"1100338",65.81,0,0,65.2619,0,0,34.1077,34.392,2.68,13.973,1.865,0,18.518,16.51,2.1498694946776,0.384707236,0.967839316415692,2019-07-10
"RO",14,0.103837945869527,93.147,83.4491,0.218,"1100338",54.27,3.06,0,50.6678,2.8595,0,13.0157,13.942,0,0.569,3.257,0.65,4.476,10.61,2.42294373534061,0.384707236,0.967839316415692,2019-07-10
"RO",20,0.0584282137158987,99.622,51.1279,0.509,"1100338",14.83,0,0,14.8099,0,0,47.2693,47.343,0,0,0,0,0,48.79,2.47632704373662,0.384707236,0.967839316415692,2019-07-10
"RO",23,0.241500409866987,99.298,96.5265,0.31,"1100338",73.88,0,0,73.5249,0,0,0.9591,0.964,0,0,0,0,0,2.25,2.4672020602,0.384707236,0.967839316415692,2019-07-10
"RO",32,0.190029257513865,96.653,96.164,0.433,"1100338",36.19,0,0,35.0542,0,0,0.6026,0.622,0,0,0,0,0,0.73,2.47713937012749,0.384707236,0.967839316415692,2019-07-10
"RO",17,0.235594522331804,48.129,43.7939,0.505,"1100338",28.59,0,0,13.7917,0,0,8.5982,17.825,5.918,2.005,3.961,0,11.884,9.21,1.97564778570689,0.384707236,0.967839316415692,2019-06-13
"RO",20,0.0508709572159588,90.419,49.5273,0.525,"1100338",33.16,6.92,0,30.054,6.2749,0,40.6863,44.897,0,0,0,0,0,45.35,2.410389177214,0.384707236,0.967839316415692,2019-07-10
"RO",92,0.199198612871288,100.799,64.2193,1.862,"1100338",49.29,1.05,0,49.795,1.0573,0,39.9122,39.507,0,0,0.613,0,0.613,36.43,2.38425854819934,0.384707236,0.967839316415692,2019-07-10
"RO",11,0.162959818193704,98.985,97.117,0.147,"1100338",88.54,0,0,87.8388,0,0,1.7066,1.72,0,0,0,0.088,0.088,1.13,2.46961826893895,0.384707236,0.967839316415692,2019-07-10
"RO",85,0.239877824812228,179.745,167.6664,0.659,"1100338",40.32,0,0,72.6299,0,0,9.4033,5.22,0.812,0.067,0,0,0.879,6.09,1.94398007028034,0.384707236,0.967839316415692,2019-06-13
"RO",22,0.193481234953528,53.146,48.5474,0.589,"1100338",59.68,0,0,31.791,0,0,6.6766,12.535,15.584,1.591,0.683,0,17.858,8.86,1.89095983703386,0.384707236,0.967839316415692,2019-06-13
"RO",32,0.258203001031542,72.21,61.8718,0.672,"1100338",20.58,0,0,14.8917,0,0,17.4217,24.072,7.75,6.863,1.59,0.082,16.285,12.49,1.95029401064377,0.384707236,0.967839316415692,2019-06-13
"RO",6,0.0797876880456991,134.196,127.5406,0.061,"1100338",44.95,0,0,60.4518,0,0,57.2401,42.559,1.186,0.395,0.962,16.352,18.895,5.17,2.13365762579049,0.384707236,0.967839316415692,2019-07-10
"RO",48,0.0971018502579596,295.587,206.4246,0.302,"1100338",42.87,0,0,127.0033,0,0,154.8745,52.279,0.951,20.335,0.209,0,21.495,30.32,2.48247589770508,0.384707236,0.967839316415692,2019-07-10
"RO",12,0.0585310355637864,99.061,42.7818,0.365,"1100338",15.07,10.32,0,14.9602,10.2454,0,55.8274,56.231,0,0,0,0,0,56.38,2.47193936877505,0.384707236,0.967839316415692,2019-07-10
"RO",68,0.122854134715362,300.832,279.6207,0.316,"1100338",60.86,30.16,0,183.5046,90.9289,0,30.201,10.017,0,0,0.206,0.409,0.615,6.86,2.38998168576379,0.384707236,0.967839316415692,2019-07-10
"RO",9,0.0917433403575749,98.378,62.1721,0.188,"1100338",44.59,0.79,0,43.9676,0.7764,0,32.6368,33.101,0,0,0,0,0,33.37,2.42242171914461,0.384707236,0.967839316415692,2019-07-10
"RO",56,0.172513769160724,98.873,87.469,0.832,"1100338",70.46,0,0,69.8189,0,0,14.7099,14.844,0,0,0,0,0,11.73,2.44151522150285,0.384707236,0.967839316415692,2019-07-10
"RO",65,0.194052245527015,93.738,66.4616,1.271,"1100338",44.16,18.33,0,41.4864,17.2241,0,39.9533,42.527,0,14.964,0,0,14.964,29.26,2.41996221448866,0.384707236,0.967839316415692,2019-07-10
"RO",16,0.215440093322376,48.355,47.944,0.434,"1100338",76.94,0,0,37.2873,0,0,7.012,14.469,7.446,5.699,6.812,0,19.957,1.07,1.93831023811953,0.384707236,0.967839316415692,2019-06-13
"RO",11,0.162959818193704,99.379,97.5607,0.147,"1100338",88.54,0,0,88.1896,0,0,1.5747,1.581,0,0,0,0.071,0.071,1.07,2.46961610649247,0.384707236,0.967839316415692,2019-07-10
"RO",20,0.221533838630075,50.895,44.2624,0.587,"1100338",66.89,0,0,34.1201,0,0,14.7418,28.9,3.258,11.254,0,0,14.512,13.23,1.96603243482626,0.384707236,0.967839316415692,2019-06-13
"RO",48,0.121824063351587,96.915,75.0687,0.831,"1100338",73.35,0,0,71.2473,0,0,31.2024,32.124,0,0,0,0,0,22.71,2.44814304060638,0.384707236,0.967839316415692,2019-07-10
"RO",33,0.182372090956485,98.21,86.7246,0.495,"1100338",67.23,0,0,66.1783,0,0,29.2027,29.669,0,0,5.036,4.9,9.936,10.9,2.44875886295279,0.384707236,0.967839316415692,2019-07-10
"RO",45,0.135014495485885,97.992,87.4105,0.669,"1100338",80.34,0,0,78.9007,0,0,17.0564,17.367,0,0,6.16,0,6.16,11,2.46576658773036,0.384707236,0.967839316415692,2019-07-10
"RO",5,0.0409491412240202,99.414,78.4427,0.083,"1100338",35.45,0,0,35.3248,0,0,17.2353,17.298,0.591,0,0,0.072,0.663,21.27,2.4326077479398,0.384707236,0.967839316415692,2019-07-10
"RO",76,0.13925833801704,101.186,40.4301,2.444,"1100338",30.01,0,0,30.4331,0,0,57.5821,56.78,0,0,0,0,0,60.13,1.92839207682021,0.384707236,0.967839316415692,2019-06-13
"RO",59,0.154271220324275,261.798,223.852,0.343,"1100338",66.53,14.61,0,174.5682,38.3306,0,36.6814,13.98,0,0,0,0,0,14.68,2.11607837745499,0.384707236,0.967839316415692,2019-07-10
"RO",34,0.158552850841478,99.518,79.0242,0.559,"1100338",51.84,2.37,0,51.7057,2.3617,0,45.2873,45.405,0,0,0,0,0,20.77,2.38788575124984,0.384707236,0.967839316415692,2019-07-10
"RO",11,0.131440694346783,82.773,82.9586,0.172,"1100338",63.3,18,0,52.5104,14.9306,0,0.0022,0.003,0,0,0,0,0,0,2.16360115208877,0.384707236,0.967839316415692,2019-07-10
"RO",82,0.176237490374183,95.456,87.3802,1.22,"1100338",22.49,0,0,21.5153,0,0,8.7804,9.178,0,0,0,0,0,8.66,2.41739891577548,0.384707236,0.967839316415692,2019-07-10
"RO",5,0.172381105901242,27.378,19.8073,0.328,"1100338",40.7,0,0,11.1687,0,0,4.0626,14.806,0,0,0,0.076,0.076,12.69,1.96254902444811,0.384707236,0.967839316415692,2019-06-13
"RO",17,0.129992149888972,51.274,50.9489,0.434,"1100346",99.13,0,0,50.9408,0,0,0.3088,0.601,0,0,0,0,0,0.18,0.520466214822015,0.174027876,0.53389407202884,2018-07-16
"RO",7,0.05,10.767,10.63,0.856,"1100346",97.08,0,0,10.476,0,0,0,0,0,0,0,0,0,0,0.51911960423088,0.174027876,0.53389407202884,2018-07-16
"RO",33,0.0982163535864717,50.119,21.4314,2.002,"1100346",32.49,0.32,0,16.319,0.1593,0,28.7494,57.234,0,0,0,0,0,57.32,0.564685097483223,0.174027876,0.53389407202884,2018-07-16
"RO",18,0.10956698608721,49.412,20.6327,1.134,"1100346",35.65,0.38,0,17.6525,0.1872,0,28.9286,58.415,0,0,0,0,0,58.33,0.562182716378148,0.174027876,0.53389407202884,2018-07-16
"RO",46,0.134164572973384,53.116,52.562,1.138,"1100346",98.74,0,0,52.562,0,0,0,0,0,0,0,0,0,0,0.58468006797014,0.174027876,0.53389407202884,2018-07-16
"RO",8,0.0888888888888889,12.202,11.6006,0.897,"1100346",94.76,0,0,11.5885,0,0,0,0,0,0,0,0,0,5.05,0.578058138191583,0.174027876,0.53389407202884,2018-07-16
"RO",14,0.20697965278599,37.166,35.6756,0.51,"1100346",95.78,0,0,35.6756,0,0,0,0,0,0,0,0,0,0,0.581743076310246,0.174027876,0.53389407202884,2018-07-16
"RO",10,0.126940767395315,22.32,14.819,0.877,"1100346",64.12,0,0,14.3437,0,0,0,0,0,0,0,0,0,0,0.547791937463283,0.174027876,0.53389407202884,2019-06-25
"RO",74,0.155466631568912,100.476,49.8685,1.929,"1100346",39.43,0,0,39.7019,0,0,47.8015,47.469,0,0,0,0,0,48.12,0.55841340779136,0.174027876,0.53389407202884,2018-07-16
"RO",24,0.123154793406472,48.856,43.2959,0.721,"1100346",69.21,17.66,0,33.8879,8.6473,0,4.237,8.653,0,0,0,0,0,8.47,0.525720623159023,0.174027876,0.53389407202884,2018-07-16
"RO",22,0.116073645463909,45.564,45.6656,0.626,"1100346",97.47,2.53,0,44.5092,1.1564,0,0,0,0,0,0,0,0,0,0.521902045485022,0.174027876,0.53389407202884,2018-07-16
"RO",43,0.044086270388938,173.008,110.9427,0.504,"1100346",45.2,0,0,78.3711,0,0,55.0041,31.722,0,0,0,0,0,32.27,0.517081165648786,0.174027876,0.53389407202884,2018-07-16
"RO",49,0.194244081041387,25.393,24.386,2.612,"1100346",90.4,0,0,23.0071,0,0,0,0,0,0,0,0,0,0,0.545461062347099,0.174027876,0.53389407202884,2019-06-25
"RO",7,0.0859931965704424,24.313,24.0051,0.379,"1100346",67.26,21.4,0,16.3908,5.2156,0,0,0,0,0,0,0,0,0,0.524562093579937,0.174027876,0.53389407202884,2018-07-16
"RO",7,0.0934653196881458,25.414,20.252,0.449,"1100346",55.9,21.27,0,14.2379,5.4173,0,3.7961,14.904,0,0,0,0,0,15.33,0.525378669632666,0.174027876,0.53389407202884,2018-07-16
"RO",23,0.133007960904254,17.021,16.984,1.76,"1100346",99.56,0,0,16.984,0,0,0,0,0,0,0,0,0,0,0.577071318049802,0.174027876,0.53389407202884,2018-07-16
"RO",7,0.114607733962046,27.832,27.8944,0.326,"1100346",100,0,0,27.8944,0,0,0,0,0,0,0,0,0,0,0.579483235194518,0.174027876,0.53389407202884,2018-07-16
"RO",11,0.0586317249343925,44.805,42.5395,0.336,"1100346",67.03,3.89,0,30.0987,1.7447,0,1.8145,4.041,0,0,0,0,0,4.61,0.572365764516523,0.174027876,0.53389407202884,2018-07-16
"RO",8,0.1,12.154,11.5635,0.899,"1100346",92.38,0,0,11.2524,0,0,0,0,0,0,0,0,0,5.07,0.578372399714222,0.174027876,0.53389407202884,2018-07-16
"RO",9,0.043409656027153,64.11,51.2359,0.228,"1100346",36.23,3.73,0,23.2779,2.398,0,7.4585,11.608,0,0,0.788,0,0.788,18.74,0.527898021226092,0.174027876,0.53389407202884,2019-06-25
"RO",19,0.15162834477548,91.789,45.7313,0.54,"1100346",29.13,7.24,0,26.8013,6.6587,0,45.7069,49.684,0,0,0,0,0,50.14,0.568446013459444,0.174027876,0.53389407202884,2018-07-16
"RO",65,0.22028938837687,74.148,73.2986,1.153,"1100346",74.53,19.16,0,55.3871,14.2406,0,0.3836,0.516,0,0,0,0,0,0.59,0.566206288280422,0.174027876,0.53389407202884,2018-07-16
"RO",42,0.284591099304254,48.35,47.0845,1.16,"1100346",62.64,33.01,0,30.3545,15.9938,0,1.2521,2.584,0,0,0,0,0,2.57,0.565526055676418,0.174027876,0.53389407202884,2018-07-16
"RO",10,0.219089023002066,6.029,6.0425,2.151,"1100346",95.01,4.99,0,5.7408,0.3017,0,0,0,0,0,0,0,0,0,0.572194411863761,0.174027876,0.53389407202884,2018-07-16
"RO",39,0.173626744184752,62.68,60.0102,0.845,"1100346",91.04,1.78,0,57.1902,1.1165,0,0,0,0,0,0,0,0,0,0.58299951588558,0.174027876,0.53389407202884,2018-07-16
"RO",14,0.0508652442213796,105.632,62.2624,0.292,"1100809",8.5,0,0,9.0004,0,0,70.7641,66.842,0,5.271,21.874,0.22,27.365,40.6,0.436458104033745,0.960851826,0.924438165995118,2019-07-13
"RO",87,0.11411018673204,243.69,135.1598,0.837,"1100809",39.77,0,0,97.1444,0,0,98.8395,40.469,0,0,0,0,0,42.71,0.479776260436633,0.960851826,0.924438165995118,2019-07-13
"RO",273,0.167108062675808,535.768,307.8576,1.153,"1100809",41.63,0,0,223.5534,0,0,217.9423,40.588,0,0,0,0,0,42.08,0.454062601714819,0.960851826,0.924438165995118,2019-07-13
"RO",11,0.0969156378931491,56.007,50.9371,0.281,"1100809",34.8,6.55,0,19.5357,3.6754,0,3.4852,6.209,0.01,0,0,0,0.01,6.44,0.494004628122786,0.960851826,0.924438165995118,2019-07-13
"RO",68,0.0898137630774291,172.132,104.5221,0.846,"1100809",37.24,6.78,0,64.2455,11.7024,0,61.3111,35.539,0.023,0.069,0,0,0.092,36.47,0.418960953871009,0.960851826,0.924438165995118,2019-07-13
"RO",44,0.148591390507057,126.541,120.9564,0.473,"1100809",81.88,4.65,0,103.8453,5.8947,0,4.5343,3.575,0,0,0,0,0,3.93,0.463493491683232,0.960851826,0.924438165995118,2019-07-13
"RO",6,0.062588812909505,40.531,17.8361,0.437,"1100809",0,0,0,0,0,0,23.3276,57.427,3.064,1.198,0,0,4.262,56.09,0.403252476100567,0.960851826,0.924438165995118,2019-07-13
"RO",107,0.273398637281267,215.491,215.7905,0.645,"1100809",58.15,41.7,0,125.5796,90.0626,0,12.9586,6,0,0.37,3.343,1.131,4.844,0.08,0.523898150110318,0.960851826,0.924438165995118,2019-07-13
"RO",86,0.0800952998093246,194.028,158.9139,0.704,"1100809",53.49,11.9,0,104.012,23.1393,0,33.9301,17.448,0,0,0,0,0,18.28,0.504578191898868,0.960851826,0.924438165995118,2019-07-13
"RO",13,0.0716860760432099,113.35,88.3173,0.191,"1100809",45.28,14.23,0,51.437,16.161,0,24.8863,21.906,0,0,0,0,0,22.26,0.476317780640736,0.960851826,0.924438165995118,2019-07-13
"RO",6,0.0467723102877511,130.71,60.4212,0.129,"1100809",11.79,0,0,15.4418,0,0,75.1414,57.359,5.498,0.995,1.612,0.584,8.689,53.88,0.430837745302577,0.960851826,0.924438165995118,2019-07-13
"RO",15,0.219852452159285,43.376,42.3773,0.46,"1100809",86.92,0,0,37.7872,0,0,0.5628,1.295,0,0,0,0,0,2.52,0.459634849897431,0.960851826,0.924438165995118,2019-07-13
"RO",91,0.178884700415963,124.467,117.5392,1.006,"1100809",68.32,0,0,85.2303,0,0,2.5648,2.056,0,0,0,0,0,5.71,0.497508347174572,0.960851826,0.924438165995118,2019-07-13
"RO",37,0.186017344265203,124.738,61.7118,0.779,"1100809",46.86,0,0,58.581,0,0,62.229,49.776,0,0,0,0,0,50.64,0.426313667314005,0.960851826,0.924438165995118,2019-07-13
"RO",177,0.0980379968401823,421.629,186.07,1.237,"1100809",28.36,0,0,119.8353,0,0,233.1278,55.169,2.209,0,0.189,0,2.398,55.97,0.463737194173701,0.960851826,0.924438165995118,2019-07-13
"RO",91,0.114011340715008,239.247,154.2251,0.767,"1100809",56.03,0.33,0,134.3622,0.802,0,82.584,34.441,0,0.222,0,0,0.222,35.68,0.473959451539652,0.960851826,0.924438165995118,2019-07-13
"RO",102,0.151702773770978,116.589,83.1702,1.594,"1100809",37.8,0,0,44.1657,0,0,65.7905,56.303,0.457,15.956,6.385,1.103,23.901,28.82,0.440239145819669,0.960851826,0.924438165995118,2019-07-13
"RO",29,0.0628562573347895,226.443,146.8458,0.257,"1100809",39.45,0.69,0,89.5355,1.5721,0,61.3887,27.049,0,0,0,0.176,0.176,35.3,0.504756414790965,0.960851826,0.924438165995118,2019-07-13
"RO",5,0.107015994438555,58.187,55.1491,0.118,"1100809",71.05,0,0,41.4322,0,0,15.2709,26.186,0,0,0,0.808,0.808,5.43,0.499524687900751,0.960851826,0.924438165995118,2019-07-13
"RO",166,0.188976844759753,289.213,207.1839,1.042,"1100809",51.81,2.06,0,150.1707,5.9669,0,66.0779,22.796,0,0,0,0,0,25.16,0.492870063805184,0.960851826,0.924438165995118,2019-07-13
"RO",57,0.137232744544861,56.907,35.6413,2.079,"1100809",33.8,10.07,0,19.2762,5.7459,0,21.2883,37.326,0,0,0,0,0,37.51,0.414362611203607,0.960851826,0.924438165995118,2019-07-13
"RO",138,0.227369321443458,236.24,177.2781,1.012,"1100809",56.09,3.04,0,132.8036,7.2017,0,56.5088,23.867,0,0,0,0.169,0.169,23.74,0.434969587871587,0.960851826,0.924438165995118,2019-07-13
"RO",27,0.123067614880858,80.608,67.7491,0.518,"1100809",50.84,0.96,0,41.0729,0.7764,0,11.442,14.163,0,0,0,0,0,16.14,0.488111251289967,0.960851826,0.924438165995118,2019-07-13
"RO",8,0.0531282357347245,106.904,35.0943,0.296,"1100809",18.81,0,0,20.1496,0,0,78.1386,72.929,0.226,4.111,1.079,0,5.416,67.25,0.443180890940204,0.960851826,0.924438165995118,2019-07-13
"RO",9,0.0846266791626807,57.298,32.7926,0.357,"1100809",34.86,0,0,20.0175,0,0,18.5631,32.325,0,0,0,0,0,34.84,0.426311095566513,0.960851826,0.924438165995118,2019-07-13
"RO",6,0.0696636978831836,54.471,51.8489,0.15,"1100809",71.91,0.73,0,39.2604,0.3962,0,2.9265,5.361,0.765,0.134,1.14,0.742,2.781,4.84,0.497588915752595,0.960851826,0.924438165995118,2019-07-13
"RO",21,0.191446812201971,42.243,31.3369,0.871,"1100809",26.56,10.05,0,11.2459,4.2529,0,9.6196,22.721,0,0,0,0,0,24.72,0.490645432203283,0.960851826,0.924438165995118,2019-07-13
"RO",44,0.148591390507057,126.518,120.9333,0.473,"1100809",81.89,4.65,0,103.8364,5.8949,0,4.5343,3.576,0,0,0,0,0,3.93,0.463492940861147,0.960851826,0.924438165995118,2019-07-13
"RO",42,0.226136488417348,24.306,24.0528,2.27,"1100924",71.74,24.82,0,17.4763,6.0461,0,0.2416,0.992,0,0,0,0,0,1.26,0.252262611260879,2.831599364,0.593825449922543,2020-07-19
"RO",45,0.0743006705945749,120.424,117.3542,0.498,"1100924",53.21,42.45,0,64.2164,51.2327,0,48.7299,40.375,4.887,10.283,7.116,7.482,29.768,2.77,0.424872366457399,2.831599364,0.593825449922543,2019-08-22
"RO",21,0.136478485687819,55.199,39.6083,0.689,"1100924",20.44,50.6,0,11.3062,27.9917,0,19.8215,35.829,0,2.028,4.293,0,6.321,28.4,0.438350618479366,2.831599364,0.593825449922543,2019-08-22
"RO",12,0.236168415523654,38.712,38.064,0.41,"1100924",69.86,0,0,27.1052,0,0,0,0,0,0,0,0,0,1.9,0.264165740309738,2.831599364,0.593825449922543,2020-07-19
"RO",50,0.123898656592669,50.178,48.4055,1.343,"1100924",18.71,69.97,0,9.4117,35.1875,0,1.814,3.607,0,0,0,0,0,3.75,0.439395086084192,2.831599364,0.593825449922543,2019-08-22
"RO",31,0.210103467001061,49.138,43.3709,0.929,"1100924",69.11,8.85,0,34.035,4.3569,0,5.3719,10.908,0,0,0,0,0,11.88,0.263785466807931,2.831599364,0.593825449922543,2020-07-19
"RO",35,0.0675314307229441,68.15,33.5009,1.358,"1100924",39.98,2.6,0,27.3083,1.7791,0,45.8559,67.137,1.417,18.155,0,0,19.572,48.63,0.413707461872933,2.831599364,0.593825449922543,2019-08-22
"RO",6,0.0163299316185545,50.181,34.9984,0.223,"1100924",41.83,0,0,21.0384,0,0,14.0639,27.964,0,0,0,0,0,28.31,0.268283971421407,2.831599364,0.593825449922543,2020-07-19
"RO",36,0.116927581598447,63.305,60.9894,0.767,"1100924",65.93,30.13,0,41.8289,19.1166,0,2.4287,3.828,0,0,0.831,0,0.831,3.87,0.265128612616543,2.831599364,0.593825449922543,2020-07-19
"RO",51,0.113072978126955,46.341,41.3022,1.605,"1100924",82.54,3.57,0,38.3368,1.6575,0,9.0775,19.545,0,1.135,3.603,1.432,6.17,11.07,0.293476023311436,2.831599364,0.593825449922543,2020-07-19
"RO",15,0.105338640602836,55.848,54.2965,0.359,"1100924",45.59,10.11,0,25.5182,5.6605,0,1.4123,2.523,18.563,0,0,0,18.563,2.84,0.401208458544638,2.831599364,0.593825449922543,2019-08-22
"RO",17,0.072659863237109,91.552,82.5655,0.268,"1100924",52.27,28.16,0,47.9626,25.8413,0,7.3101,7.967,2.987,0,0,0,2.987,9.01,0.29897443107584,2.831599364,0.593825449922543,2020-07-19
"RO",17,0.186453641977273,51.127,45.0906,0.49,"1100924",75.51,12.32,0,38.692,6.3107,0,3.0763,6.003,0,0,0,0,0,11.15,0.259256614123403,2.831599364,0.593825449922543,2020-07-19
"RO",9,0.163299316185545,7.231,7.2472,1.614,"1100924",100,0,0,7.2472,0,0,0.1882,2.597,0,0.823,0,0,0.823,0,0.280788297420439,2.831599364,0.593825449922543,2020-07-19
"RO",27,0.210639452948436,49.704,38.7059,0.907,"1100924",47.41,0,0.11,23.6178,0,0.0528,9.3385,18.746,0,0,0,0,0,21.49,0.271542448663993,2.831599364,0.593825449922543,2020-07-19
"RO",39,0.0528093108923949,206.244,138.0016,0.367,"1100924",7.87,55.58,0,16.259,114.8876,0,69.9141,33.823,0,1.319,0,0,1.319,32.9,0.43516471895599,2.831599364,0.593825449922543,2019-08-22
"RO",107,0.0682559541581344,192.679,130.276,1.068,"1100924",10.25,47.53,0,19.7877,91.7834,0,66.4924,34.432,0,0,0,0.45,0.45,32.54,0.425383740381732,2.831599364,0.593825449922543,2019-08-22
"RO",117,0.177551596689437,57.204,53.5628,2.84,"1100924",61.69,7.81,0,35.3712,4.4756,0,3.9895,6.959,0,0,0,0,0,6.58,0.440380161142772,2.831599364,0.593825449922543,2019-08-22
"RO",56,0.184938397257374,51.871,50.4823,1.442,"1100924",97.11,0,0,50.4823,0,0,1.5033,2.892,0,0,0,0,0,2.89,0.24671132685584,2.831599364,0.593825449922543,2020-07-19
"RO",25,0.147226022386341,50.18,49.8203,0.652,"1100924",87.45,4.73,0,43.9816,2.3806,0,0,0,0,0,0,0,0,0,0.260698319026037,2.831599364,0.593825449922543,2020-07-19
"RO",14,0.268728739282632,37.637,37.7205,0.482,"1100924",92.25,0,0,34.7961,0,0,0,0,0,0,0,0,0,0,0.267188837854323,2.831599364,0.593825449922543,2020-07-19
"RO",22,0.0881649658092773,98.699,72.9675,0.392,"1100924",34.68,0,0,34.3054,0,0,21.2317,21.463,0,0,0,0,0,26.24,0.269478293345099,2.831599364,0.593825449922543,2020-07-19
"RO",11,0.122533019708845,60.127,52.9182,0.27,"1100924",76.83,7.33,0,46.2993,4.4169,0,5.917,9.819,0,0,0,0.51,0.51,12.17,0.254040930808816,2.831599364,0.593825449922543,2020-07-19
"RO",60,0.162901323164187,56.087,40.4583,1.928,"1100924",8.89,62.09,0,4.9968,34.9047,0,16.89,30.047,0,2.029,0,0,2.029,28.03,0.4373847311094,2.831599364,0.593825449922543,2019-08-22
"RO",16,0.188422287906398,25.094,25.1503,0.827,"1100924",88.63,0,0,22.2915,0,0,0,0,0,0,0,0,0,0,0.27744603930127,2.831599364,0.593825449922543,2020-07-19
"RO",15,0.0498887651569859,22.062,21.221,0.919,"1100924",82.56,0,0,18.2546,0,0,1.267,5.73,0,0,0,0,0,4.02,0.280945165506533,2.831599364,0.593825449922543,2020-07-19
"RO",69,0.254607647530381,48.931,47.2182,1.9,"1100924",92.41,3.39,0,45.3173,1.6605,0,5.5066,11.229,0,0,5.63,0.97,6.6,3.07,0.295648947928581,2.831599364,0.593825449922543,2020-07-19
"RO",9,0.250119409872421,25.326,25.383,0.461,"1100924",92.14,7.86,0,23.387,1.9959,0,0,0,0,0,0,0,0,0,0.270833861001951,2.831599364,0.593825449922543,2020-07-19
"RO",17,0.19711369958761,12.867,11.8888,1.859,"1100924",75.47,16.73,0,9.7318,2.157,0,0,0,0,0,0,0,0,0,0.260106707852301,2.831599364,0.593825449922543,2020-07-19
"RO",75,0.0780135844489147,192.248,132.2925,0.737,"1100924",49.61,17.91,0,95.5903,34.5168,0,68.6664,35.638,0,1.284,0,0,1.284,31.1,0.412746190255376,2.831599364,0.593825449922543,2019-08-22
"RO",91,0.105916291477671,197.523,179.8757,0.658,"1100924",36.41,54.41,0,72.0865,107.72,0,11.9426,6.033,0,0,0,0,0,7.03,0.42650828609756,2.831599364,0.593825449922543,2019-08-22
"RO",21,0.132085975108143,52.954,39.7869,0.686,"1100924",24.32,0,0,12.9085,0,0,15.0629,28.382,0,0.061,2.902,0,2.963,25.03,0.286036631883565,2.831599364,0.593825449922543,2020-07-19
"RO",10,0.139022640363716,50.532,49.9442,0.26,"1100924",78.91,16.26,0,39.962,8.2365,0,0.87,1.718,0,0.321,0.001,0,0.322,0.21,0.28202010460431,2.831599364,0.593825449922543,2020-07-19
"RO",16,0.20353498162737,23.271,23.3228,0.892,"1100924",92.63,0,0,21.605,0,0,0,0,0,0,0,0,0,0,0.277207437678509,2.831599364,0.593825449922543,2020-07-19
"RO",8,0.15843038021605,26.25,26.3084,0.395,"1100924",49.48,43.11,0,13.0161,11.3411,0,0,0,0,0,0,0,0,0,0.257603972020537,2.831599364,0.593825449922543,2020-07-19
"RO",20,0.146475287699687,26.757,25.9664,1.001,"1100924",54.57,0,0,14.6339,0,0,1.8779,7.003,0,0,0,0.765,0.765,3.17,0.285221886597457,2.831599364,0.593825449922543,2020-07-19
"RO",5,0.0593265299037757,25.158,24.5522,0.265,"1100924",50.24,48.18,0,12.6668,12.1491,0,0.5619,2.229,0,0,0,0.072,0.072,2.07,0.256585136271109,2.831599364,0.593825449922543,2020-07-19
"RO",6,0.0789733437891818,78.394,72.466,0.108,"1100924",62.3,14.49,0,48.9464,11.3843,0,6.4361,8.192,0,0,0,0.369,0.369,7.77,0.269498030363363,2.831599364,0.593825449922543,2020-07-19
"RO",36,0.061431806778655,206.583,129.8911,0.36,"1100924",43.9,8.56,0,90.8859,17.717,0,75.1138,36.279,0,0,0,0,0,37.26,0.418632473693165,2.831599364,0.593825449922543,2019-08-22
"RO",37,0.0392683524193253,223.256,220.0196,0.219,"1100924",63.47,31.43,0,142.0145,70.3244,0,54.0923,24.175,10.354,13.49,4.897,1.442,30.183,1.53,0.410956962067938,2.831599364,0.593825449922543,2019-08-22
"RO",15,0.113131194120758,49.547,43.7842,0.445,"1100924",70.88,7.98,0,35.1997,3.965,0,14.2039,28.603,0,4.602,15.722,0,20.324,9.79,0.277020031442283,2.831599364,0.593825449922543,2020-07-19
"RO",12,0.0563299316185545,49.852,29.7057,0.525,"1100924",42.28,8.03,0,21.125,4.013,0,22.4328,44.899,0,3.898,0,0,3.898,40.54,0.41141763667257,2.831599364,0.593825449922543,2019-08-22
"RO",60,0.270797092852158,51.003,51.0724,1.527,"1100924",96.47,3.35,0,49.3126,1.7134,0,0,0,0,0,0,0,0,0,0.24515453055746,2.831599364,0.593825449922543,2020-07-19
"RO",5,0.08,51.351,43.8762,0.148,"1100924",38.66,3.23,0,19.8955,1.6646,0,8.2191,15.97,0,1.537,1.025,0,2.562,14.75,0.291059563395238,2.831599364,0.593825449922543,2020-07-19
"RO",32,0.169006969433108,19.43,18.1451,2.293,"1100924",93.18,0,0,18.1451,0,0,1.2403,6.369,0,0,0,0,0,6.82,0.242566754216076,2.831599364,0.593825449922543,2020-07-19
"RO",16,0.181490232039354,18.715,14.5384,1.431,"1100924",43.48,28.77,0,8.1563,5.3974,0,4.1326,22.03,0,0,0,0,0,22.5,0.25936980567948,2.831599364,0.593825449922543,2020-07-19
"RO",97,0.191248283042822,77.085,67.8488,1.859,"1100924",76.5,0,0,59.1001,0,0,7.0063,9.069,0,0,0,0,0,9.82,0.250933106715356,2.831599364,0.593825449922543,2020-07-19
"RO",25,0.180573682202868,36.093,32.8736,0.989,"1100924",72.32,0.02,0,26.1595,0.0081,0,3.9956,11.045,0,0,0,0,0,9.12,0.246530056589719,2.831599364,0.593825449922543,2020-07-19
"RO",60,0.210220796712182,99.583,82.8045,0.942,"1100924",64.43,4.44,0,64.3091,4.4338,0,15.2825,15.312,0,0,0,0,0,15.92,0.261891399468725,2.831599364,0.593825449922543,2020-07-19
"RO",26,0.0854820935412245,56.754,49.026,0.689,"1100924",35.24,0,0,20.0462,0,0,8.6733,15.248,0,1.363,0.514,0,1.877,13.81,0.286793972649035,2.831599364,0.593825449922543,2020-07-19
"RO",41,0.178504323255393,49.504,42.2373,1.262,"1100924",50.8,3.85,0,25.2048,1.9125,0,7.1225,14.355,0,0,0,0,0,14.87,0.264995880921936,2.831599364,0.593825449922543,2020-07-19
"RO",11,0.113068244208674,50.652,50.7652,0.282,"1100924",47.69,26.68,0,24.211,13.5423,0,0,0,0,0,0,0,0,0,0.266887005953438,2.831599364,0.593825449922543,2020-07-19
"RO",54,0.216211055273702,46.983,36.3896,1.929,"1100924",52.42,12.78,0,24.6822,6.0198,0,10.4069,22.101,0,0,0,0,0,22.72,0.260323193232782,2.831599364,0.593825449922543,2020-07-19
"RO",5,0.0365171065822705,571.079,330.1463,0.02,"1100940",25.76,10.85,0,147.4509,62.0725,0,286.5793,50.07,0.22,7.186,0.451,0,7.857,42.32,1.47535528998019,1.425461492,0.26927801328267,2019-07-01
"RO",175,0.0756341699868167,408.114,381.9876,0.596,"1100940",43.69,38.99,0,178.7028,159.4979,0,16.4141,4.013,0,0,0,0,0,5.17,1.37695309948313,1.425461492,0.26927801328267,2018-07-09
"RO",90,0.108963285996741,517.096,479.8015,0.244,"1100940",63.41,12.62,0,328.6126,65.4186,0,8.4902,1.638,0,0,0,0,0,3.37,1.35113344331571,1.425461492,0.26927801328267,2018-07-09
"RO",21,0.0814252889451568,46.73,36.1325,0.756,"1100940",16.25,44.58,0,7.6108,20.8795,0,9.2044,19.653,0,0,0,0,0,20.09,1.39225492459732,1.425461492,0.26927801328267,2018-07-09
"RO",10,0.0240075902072261,539.681,116.0621,0.112,"1100940",10.67,1,0,57.7223,5.4008,0,429.4764,79.402,0,0.506,0.214,0.049,0.769,78.54,1.52688586485829,1.425461492,0.26927801328267,2019-07-01
"RO",11,0.025764643125147,527.318,261.2577,0.055,"1100940",25.75,15.54,0,136.1165,82.1247,0,260.3598,49.263,0,0.013,0.118,0.004,0.135,49.2,1.51276868598875,1.425461492,0.26927801328267,2019-07-01
"RO",113,0.0765026959407926,351.129,287.8134,0.51,"1100940",60.92,10.57,0,214.4005,37.1997,0,63.0251,17.909,0,0,0,0,0,18.22,1.35813386391402,1.425461492,0.26927801328267,2018-07-09
"RO",8,0.0148453923805041,49.891,44.9109,0.232,"1100940",47.05,0,0,23.5244,0,0,4.6658,9.331,0,0,0,0,0,10.18,1.18480078227336,1.425461492,0.26927801328267,2019-07-01
"RO",5,0.0234242789642102,45.987,43.0541,0.151,"1100940",73.05,8.53,0,33.6663,3.9328,0,2.6478,5.745,0,0,0,0,0,6.59,1.24104704257152,1.425461492,0.26927801328267,2019-07-01
"RO",5,0.0751995520478781,44.671,24.1396,0.269,"1100940",17.09,17.14,0,7.6497,7.6746,0,22.8699,51.082,0,3.969,2.523,0,6.492,46.08,1.41621475005948,1.425461492,0.26927801328267,2018-07-09
"RO",50,0.0923156340619516,471.821,447.4374,0.145,"1100940",44.77,12.63,0,211.7071,59.7057,0,56.559,11.961,0,6.306,0.672,0,6.978,5.3,1.50405981768803,1.425461492,0.26927801328267,2019-07-01
"RO",5,0.0484848484848485,48.922,40.9303,0.159,"1100940",60.89,0,0,29.8556,0,0,6.3554,12.962,0,0,0,0,0,14.39,1.52258087922211,1.425461492,0.26927801328267,2019-07-01
"RO",33,0.0766862599144113,178.789,159.1956,0.269,"1100940",45.76,14.98,0,82.0042,26.8396,0,95.6405,53.374,0,5.618,5.524,14.515,25.657,9.2,1.50573334534877,1.425461492,0.26927801328267,2019-07-01
"RO",5,0.0654057434117203,85.037,77.3752,0.084,"1100940",73.47,0,0,62.6152,0,0,6.0729,7.126,0,0,0.522,0,0.522,9.21,1.21927368402122,1.425461492,0.26927801328267,2019-07-01
"RO",49,0.037203622699814,738.791,615.6325,0.103,"1100940",41.61,31.86,0,308.0661,235.8799,0,99.3974,13.424,0,0.1,0.01,0.001,0.111,14.61,1.48624828969804,1.425461492,0.26927801328267,2019-07-01
"RO",15,0.0206964461134723,403.467,305.7506,0.064,"1100940",37.25,0.19,0,150.6434,0.7863,0,102.9049,25.448,0,0.679,1.019,0.077,1.775,24.08,1.51648867027195,1.425461492,0.26927801328267,2019-07-01
"RO",6,0.106375902105595,49.102,41.6527,0.187,"1100940",62.38,0,0,30.6977,0,0,6.2449,12.69,0,0,0,0,0,15.36,1.52006503134645,1.425461492,0.26927801328267,2019-07-01
"RO",10,0.039422739917522,51.232,48.2577,0.269,"1100940",43.68,0,0,22.4274,0,0,5.1091,9.95,0.858,0,1.951,0,2.809,6.02,1.26371742253481,1.425461492,0.26927801328267,2019-07-01
"RO",34,0.0747555419113521,178.835,153.2313,0.288,"1100940",42.96,14.97,0,77.0013,26.8396,0,107.2594,59.843,0,5.357,5.607,15.975,26.939,12.55,1.50473359829718,1.425461492,0.26927801328267,2019-07-01
"RO",11,0.0287819798982611,38.124,13.4898,1.06,"1100940",9.06,0,0,3.4621,0,0,24.1311,63.155,0,0,0,0,0,64.7,1.25852917779551,1.425461492,0.26927801328267,2019-07-01
"RO",6,0.0751065754914061,76.602,66.1838,0.118,"1100940",48.18,8.6,0,36.9933,6.6057,0,24.9443,32.491,0,0,14.931,5.729,20.66,11.14,1.40802470706935,1.425461492,0.26927801328267,2018-07-09
"RO",68,0.129042815204924,138.966,100.0718,0.883,"1100940",33.88,18.8,0,47.1888,26.1882,0,42.5561,30.555,0,0,0.574,0.319,0.893,27.83,1.4178384190908,1.425461492,0.26927801328267,2018-07-09
"RO",17,0.0957384889769309,113.782,84.158,0.263,"1100940",40.7,9.67,0,46.4157,11.0238,0,34.189,29.981,0,2.85,0,0,2.85,26.2,1.39603230087933,1.425461492,0.26927801328267,2018-07-09
"RO",11,0.0295654252962519,194.804,183.4086,0.078,"1100940",63.38,3.27,0,123.7444,6.3937,0,23.8824,12.232,4.548,0.273,1.728,0.521,7.07,6.06,1.18813170786391,1.425461492,0.26927801328267,2019-07-01
"RO",35,0.117915189701815,93.472,57.521,0.791,"1100940",29.98,14.51,0,28.0874,13.595,0,35.8157,38.232,0,0,0,0,0,38.6,1.41330733042704,1.425461492,0.26927801328267,2018-07-09
"RO",46,0.0605041197790281,198.86,190.633,0.314,"1100940",71.57,7.14,0,142.6481,14.2242,0,36.329,18.227,0,5.93,4.546,0.141,10.617,4.35,1.47667319570872,1.425461492,0.26927801328267,2019-07-01
"RO",6,0.0235294117647059,25.395,12.0397,0.648,"1100940",44.36,0,0,11.2906,0,0,12.615,49.564,0,0,0,0,0,52.7,1.48141111029227,1.425461492,0.26927801328267,2019-07-01
"RO",36,0.0360534491969197,240.964,118.5978,0.395,"1100940",18.16,24.24,0,43.851,58.5495,0,130.6244,54.088,0,2.253,0.294,0,2.547,50.89,1.39448681862963,1.425461492,0.26927801328267,2018-07-09
"RO",12,0.0112880991940344,294.824,69.1769,0.226,"1100940",12.18,4.98,0,36.0026,14.7039,0,227.0687,76.846,0,0,0,0,0,76.59,1.53640193657743,1.425461492,0.26927801328267,2019-07-01
"RO",12,0.072659863237109,47.834,8.8505,1.763,"1100940",11.1,1.16,0,5.3222,0.5561,0,39.0018,81.354,0,0,0,0,0,81.54,1.38524880436286,1.425461492,0.26927801328267,2018-07-09
"RO",6,0.0858354613160158,101.018,85.9416,0.091,"1100940",39.29,10.28,0,39.7742,10.4122,0,8.1716,8.071,0,0.79,0,0.571,1.361,7.68,1.53120173657953,1.425461492,0.26927801328267,2019-07-01
"RO",127,0.0353950534464136,482.591,332.5646,0.496,"1100940",47.66,5.66,0,230.5027,27.3709,0,148.1222,30.625,0,0,0.16,0,0.16,31.24,1.40594677886256,1.425461492,0.26927801328267,2018-07-09
"RO",10,0.0353319252106349,373.584,99.3413,0.131,"1100940",15.37,1.44,0,57.5474,5.3975,0,269.3239,71.931,0,0,0,0,0,73.47,1.52559872030214,1.425461492,0.26927801328267,2019-07-01
"RO",23,0.0719111290057324,282.501,157.7068,0.19,"1100940",12.97,43.4,0,36.7099,122.8757,0,121.548,42.93,0,0.188,0,0,0.188,38.95,1.38110045262278,1.425461492,0.26927801328267,2018-07-09
"RO",6,0.0993265299037757,46.726,38.2436,0.204,"1100940",37.57,14.35,0,17.5955,6.7191,0,5.9132,12.627,0,0,5.214,1.894,7.108,13.91,1.40716983050739,1.425461492,0.26927801328267,2018-07-09
"RO",12,0.0870703046384288,50.624,50.7367,0.307,"1100940",81.77,17.39,0,41.4869,8.8228,0,0.0385,0.076,0,0,0,0,0,0,1.19350628334708,1.425461492,0.26927801328267,2019-07-01
"RO",46,0.0572323474948478,731.237,453.2818,0.132,"1100940",28.34,6.9,0,207.6696,50.5781,0,324.3294,44.254,0,4.948,0.606,0,5.554,38.1,1.51242196716845,1.425461492,0.26927801328267,2019-07-01
"RO",61,0.0697118443331981,141.655,81.4406,0.974,"1100940",34.05,17.75,0,48.3393,25.1961,0,60.5861,42.675,0,0,0,0,0,42.64,1.42090329206368,1.425461492,0.26927801328267,2018-07-09
"RO",17,0.0498887651569859,24.438,21.3098,1.037,"1100940",16.47,28.69,0,4.0351,7.028,0,2.6232,10.71,0,0,0,0,0,13,1.39538051168149,1.425461492,0.26927801328267,2018-07-09
"RO",10,0.0227514416211835,540.068,115.2973,0.113,"1100940",10.43,0.97,0,56.4823,5.2627,0,430.9676,79.62,0,0.583,0.213,0.049,0.845,78.7,1.52696505918184,1.425461492,0.26927801328267,2019-07-01
"RO",12,0.0448956258291898,98.537,79.4295,0.196,"1100940",46.55,8.79,0,45.9673,8.6793,0,24.4417,24.749,0,0,1.083,0.07,1.153,19.57,1.18990787705446,1.425461492,0.26927801328267,2019-07-01
"RO",6,0.0268369448083831,48.107,25.7887,0.302,"1100940",19.74,14.37,0,9.5166,6.9277,0,37.0799,76.906,0,0,0,13.726,13.726,46.51,1.4582958304786,1.425461492,0.26927801328267,2019-07-01
"RO",24,0.0299981463861649,250.902,161.0053,0.194,"1100940",34.43,7.02,0,86.5903,17.6615,0,95.8188,38.104,0,3.322,1.084,0,4.406,35.12,1.47088263258965,1.425461492,0.26927801328267,2019-07-01
"RO",23,0.0515988465815352,216.285,184.6524,0.162,"1100940",50.69,25.22,0,109.8821,54.6601,0,37.4525,17.278,0,0,0.246,0.297,0.543,14.82,1.48934717456498,1.425461492,0.26927801328267,2019-07-01
"RO",10,0.0438937981077328,141.155,76.4975,0.17,"1100940",23.6,7.74,0,33.3846,10.9474,0,98.7458,69.799,0,4.823,1.27,1.193,7.286,45.93,1.40013067702765,1.425461492,0.26927801328267,2018-07-09
"RO",18,0.0299955629807233,75.98,19.1061,1.225,"1100940",17.39,0,0,13.2419,0,0,65.8484,86.472,0,0,0,4.869,4.869,74.91,1.39881230802611,1.425461492,0.26927801328267,2018-07-09
"RO",11,0.0334316303526993,401.64,255.322,0.056,"1100940",33.18,20.31,0,133.5674,81.7596,0,139.7051,34.706,0,0.018,0.155,0.005,0.178,34.77,1.51097544026228,1.425461492,0.26927801328267,2019-07-01
"RO",10,0.0352941176470588,50.396,46.5105,0.28,"1100940",59.47,0,0,30.0404,0,0,3.7993,7.522,0,0,0,0,0,7.41,1.21726799612458,1.425461492,0.26927801328267,2019-07-01
"RO",9,0.0599479242915125,51.066,51.18,0.229,"1100940",49.14,38.4,0,25.1483,19.6547,0,13.7498,26.866,10.714,4.968,0,0.378,16.06,0,1.2099087609393,1.425461492,0.26927801328267,2019-07-01
"RO",5,0.0310070085421203,147.754,88.607,0.073,"1100940",39.72,0,0,58.8264,0,0,59.331,40.066,0,0,0,0,0,40.16,1.48245863381875,1.425461492,0.26927801328267,2019-07-01
"RO",14,0.0501498274249127,148,116.9366,0.156,"1100940",52.67,0,0,78.1204,0,0,25.5778,17.244,0,0,0,0,0,19.79,1.52215036549813,1.425461492,0.26927801328267,2019-07-01
"RO",95,0.0966322949165724,331.863,230.465,0.536,"1100940",40.62,25.43,0,135.1081,84.5815,0,118.1794,35.531,0,0,7.656,0.368,8.024,28.31,1.38528547957167,1.425461492,0.26927801328267,2018-07-09
"RO",17,0.0498887651569859,24.276,21.1735,1.044,"1100940",16.02,28.81,0,3.898,7.0103,0,2.5834,10.618,0,0,0,0,0,12.97,1.3953558669398,1.425461492,0.26927801328267,2018-07-09
"RO",6,0.0653197264742181,22.656,20.4992,0.381,"1100940",25.61,0,0,5.8152,0,0,6.9757,30.721,0,4.671,7.763,1.174,13.608,9.72,1.41543056146005,1.425461492,0.26927801328267,2018-07-09
"RO",10,0.043409656027153,49.322,15.8681,0.819,"1100940",24.89,0,0,12.3021,0,0,38.3665,77.614,1.379,9.356,0,0,10.735,67.9,1.50655002123063,1.425461492,0.26927801328267,2019-07-01
"RO",12,0.0306186217847897,75.62,13.7503,1.135,"1100940",3.33,2.28,0,2.5212,1.727,0,60.2407,79.484,0,0,0,0.109,0.109,80.55,1.40044339208395,1.425461492,0.26927801328267,2018-07-09
"RO",100,0.152417899372177,188.345,128.7308,1.01,"1100940",17.25,44.12,0,32.5629,83.2893,0,58.1691,30.815,0,0.329,0,0,0.329,31.6,1.40095775699721,1.425461492,0.26927801328267,2018-07-09
"RO",38,0.0414209786971737,208.151,107.3547,0.46,"1100940",21.59,0,0,45.0406,0,0,100.1153,47.99,0,0,0,0,0,48.54,1.18529866399874,1.425461492,0.26927801328267,2019-07-01
"RO",32,0.0544779208392251,233.454,130.1453,0.32,"1100940",35.93,8.83,0,84.0663,20.6582,0,122.7233,52.451,0,0,0,1.036,1.036,44.38,1.39595006992647,1.425461492,0.26927801328267,2018-07-09
"RO",10,0.0977919177634646,96.744,77.8295,0.167,"1100940",49.92,6,0,48.403,5.8141,0,33.8588,34.92,0,9.794,0.733,0.223,10.75,19.73,1.39032690928363,1.425461492,0.26927801328267,2018-07-09
"RO",110,0.0882628838378879,394.009,384.8899,0.372,"1100940",74.21,9.28,0,293.0567,36.6562,0,2.1583,0.547,0,0,0,0,0,1.94,1.38392708515521,1.425461492,0.26927801328267,2018-07-09
"RO",13,0.0910485932739534,46.914,43.2669,0.391,"1100940",56.14,0,0,26.3981,0,0,3.9224,8.342,0,0,0,0.058,0.058,7.98,1.23097271248983,1.425461492,0.26927801328267,2019-07-01
"RO",8,0.0233284737407922,72.165,13.2317,0.786,"1100940",3.07,2.3,0,2.2199,1.6637,0,57.2484,79.153,0,0,0,0.074,0.074,80.36,1.40012114205803,1.425461492,0.26927801328267,2018-07-09
"RO",31,0.119570576902913,91.924,85.6049,0.471,"1101005",0.11,0,0,0.0975,0,0,5.5679,6.044,0.576,0.801,0.005,0,1.382,7.08,0.284680735013955,0,0.548020151959109,2019-06-24
"RO",37,0.14905435000587,55.306,51.0866,0.942,"1101005",0,0,0,0,0,0,2.1833,3.939,0,0,0,0,0,7.84,0.281542545162455,0,0.548020151959109,2019-06-24
"RO",154,0.174182317317737,116.538,114.8739,1.743,"1101005",0,0,0,0,0,0,1.3746,1.177,0.454,0,0,0,0.454,1.65,0.272086426014736,0,0.548020151959109,2019-06-24
"RO",59,0.136972787934864,95.796,88.2426,0.869,"1101005",32.6,0,0,31.3029,0,0,6.4514,6.719,0,0,0,0,0,7.24,0.305531664387436,0,0.548020151959109,2019-06-24
"RO",13,0.0859931965704424,21.208,20.4596,0.826,"1101005",0.14,0,0,0.0308,0,0,0,0,0,0,0,0,0,3.75,0.283169596530057,0,0.548020151959109,2019-06-24
"RO",58,0.144299453001668,110.975,109.8719,0.686,"1101005",0,0,0,0,0,0,0.2919,0.262,0,0,0,0,0,1.01,0.300977611466952,0,0.548020151959109,2019-06-24
"RO",26,0.10733793361127,56.862,50.8142,0.665,"1101005",0,0,0,0,0,0,4.8185,8.455,0,0,0,0,0,10.84,0.283898353011466,0,0.548020151959109,2019-06-24
"RO",23,0.0938286266134682,131.72,117.6519,0.254,"1101005",10.03,0,0,13.2389,0,0,13.8552,10.495,0,0,0.402,0,0.402,10.88,0.270071033155622,0,0.548020151959109,2019-06-24
"RO",6,0.147873344660793,18.004,18.0448,0.432,"1101005",13.14,0,0,2.3708,0,0,0,0,0,0,0,0,0,0,0.281467908977585,0,0.548020151959109,2019-06-24
"RO",7,0.12726751076749,43.711,39.7763,0.229,"1101005",0,0,0,0,0,0,1.1527,2.631,3.033,0.031,0,0,3.064,5.97,0.633672770369078,0,0.548020151959109,2019-06-29
"RO",72,0.0741719278279862,117.842,84.1069,1.113,"1101005",11.88,0,0,14.036,0,0,30.2917,25.649,0,0,0.449,0,0.449,27.51,0.285373917114236,0,0.548020151959109,2019-06-24
"RO",47,0.091318405998873,109.918,104.8994,0.582,"1101005",0,0,0,0,0,0,4.1042,3.726,0,0,0,0,0,4.77,0.267055718997335,0,0.548020151959109,2019-06-24
"RO",34,0.169073809999268,34.043,33.6228,1.315,"1101005",0,0,0,0,0,0,0.7738,2.268,0,0,0,0,0,1.46,0.288314558304345,0,0.548020151959109,2019-06-24
"RO",112,0.118213221128641,149.442,115.1911,1.264,"1101005",16.62,0,0,24.897,0,0,33.7166,22.511,0,0,0,0,0,23.09,0.275419073810167,0,0.548020151959109,2019-06-24
"RO",7,0.0939902392552029,86.557,80.9915,0.112,"1101005",7.74,0,0,6.7159,0,0,2.5661,2.958,0.918,0,0,0,0.918,3.17,0.290592330637047,0,0.548020151959109,2019-06-24
"RO",16,0.102431180662904,132.395,131.394,0.158,"1101005",8.45,0,0,11.2123,0,0,1.3268,1,0,0,0,0,0,0.98,0.29525267531279,0,0.548020151959109,2019-06-24
"RO",31,0.114288911301404,62.015,57.5765,0.7,"1101005",62.97,0,0,39.1368,0,0,3.5639,5.734,0,0,0.854,0,0.854,7.36,0.286588597924585,0,0.548020151959109,2019-06-24
"RO",34,0.12353452950659,94.426,82.2163,0.538,"1101005",6.68,0,0,6.3226,0,0,6.0359,6.378,0.654,0,0,0,0.654,10.98,0.310545401226011,0,0.548020151959109,2019-06-24
"RO",34,0.162824401575511,52.133,38.0458,1.162,"1101401",57.71,0,0,30.1547,0,0,14.0957,26.978,0,0,0,0,0,27.18,0.92545210637924,0.18936702,0.384441292998232,2019-06-29
"RO",50,0.108369536994942,70.598,45.6755,1.423,"1101401",51.57,9.26,0,36.4923,6.5495,0,20.8734,29.501,0,0,0,0.133,0.133,29.21,0.885046577481208,0.18936702,0.384441292998232,2019-06-29
"RO",27,0.119910680852752,164.725,112.849,0.311,"1101401",43.69,0,0,72.1322,0,0,51.2211,31.025,0,0,0,0,0,31.2,0.863931993414273,0.18936702,0.384441292998232,2019-06-29
"RO",17,0.156316930863253,35.575,32.7081,0.676,"1101401",50.63,31.86,0,18.0522,11.3602,0,1.4556,4.083,0,0,0,0,0,4.08,0.897119774227905,0.18936702,0.384441292998232,2019-06-29
"RO",60,0.121114813530281,130.981,120.2189,0.649,"1101401",25.94,1.51,0,34.0518,1.9791,0,9.1145,6.943,0,0,0,0,0,5.74,0.90552913265192,0.18936702,0.384441292998232,2019-06-29
"RO",83,0.085587290680655,196.768,117.1673,0.921,"1101401",47.33,2.93,0,93.3337,5.7756,0,89.1135,45.188,1.071,7.147,0,0,8.218,36.64,0.8826154864149,0.18936702,0.384441292998232,2019-06-29
"RO",5,0.165754539432614,20.14,5.7239,1.136,"1101401",11.43,0,0,2.3065,0,0,18.1899,90.114,0,0,0,6.167,6.167,71.64,0.915522008746221,0.18936702,0.384441292998232,2019-06-29
"RO",14,0.0937755093424299,48.631,43.4779,0.419,"1101401",57.27,1.09,0,27.9151,0.5334,0,4.9512,10.159,0,0,0,0,0,10.79,0.911537493058597,0.18936702,0.384441292998232,2019-06-29
"RO",73,0.190430910482325,87.677,80.3797,1.181,"1101401",41.61,0.08,0,36.5626,0.0679,0,2.5604,2.914,0,0,0,0,0,3.32,0.900805123576939,0.18936702,0.384441292998232,2019-06-29
"RO",30,0.281225142914695,30.146,29.6827,1.314,"1101401",98.24,0,0,29.6827,0,0,0,0,0,0,0,0,0,0,0.913928120185839,0.18936702,0.384441292998232,2019-06-29
"RO",16,0.164599402384479,61.564,46.9794,0.443,"1101401",7.92,0,0,4.8882,0,0,9.1063,14.759,0,0,0,0,0,20.4,0.949394865958412,0.18936702,0.384441292998232,2019-06-29
"RO",25,0.12290285717483,52.173,34.8114,0.934,"1101401",52.82,0,0,27.6199,0,0,16.7859,32.102,0,0,0,0,0,30.49,0.92401605768245,0.18936702,0.384441292998232,2019-06-29
"RO",15,0.242469646877205,35.312,34.3531,0.568,"1101401",95.83,0,0,33.9148,0,0,0,0,0,0,0,0,0,0,0.884677493963008,0.18936702,0.384441292998232,2019-06-29
"RO",69,0.205864935048173,112.894,102.3083,0.877,"1101401",7.39,0,0,8.357,0,0,19.8359,17.531,0,0.472,0.898,3.4,4.77,6.22,0.961601181412907,0.18936702,0.384441292998232,2019-06-29
"RO",21,0.114726099848067,79.881,69.0182,0.396,"1101401",35.83,0,0,28.6888,0,0,11.5795,14.464,0,0.662,0,0,0.662,13.54,0.885097118774511,0.18936702,0.384441292998232,2019-06-29
"RO",17,0.104403491473133,56.478,37.2529,0.593,"1101401",36.46,0,0,20.6381,0,0,36.8031,65.018,1.733,0.35,0,5.258,7.341,29.67,0.900257301272674,0.18936702,0.384441292998232,2019-06-29
"RO",22,0.180570226215877,24.627,23.3555,1.225,"1101401",56.25,0,0,13.884,0,0,3.2797,13.288,0,0,0,1.062,1.062,5.36,0.885102248435487,0.18936702,0.384441292998232,2019-06-29
"RO",113,0.157011524220556,143.092,103.1743,1.424,"1101401",53.8,8.07,0,77.1512,11.5781,0,38.1129,26.575,0,0,0,0,0,26.24,0.908830556786508,0.18936702,0.384441292998232,2019-06-29
"RO",61,0.145948566505735,209.93,133.9953,0.592,"1101401",31.14,0,0,65.5144,0,0,99.554,47.317,0,0,0.59,5.457,6.047,33.42,0.919548086708765,0.18936702,0.384441292998232,2019-06-29
"RO",26,0.137205213648328,52.175,35.0351,0.965,"1101401",51.52,0,0,26.9407,0,0,16.5926,31.731,0,0,0,0,0,32.75,0.925823606566601,0.18936702,0.384441292998232,2019-06-29
"RO",97,0.151568307105133,114.32,85.6698,1.472,"1101401",60.24,0.14,0,69.0236,0.1621,0,22.5563,19.687,0,0,0,0,0,20.22,0.900190767274097,0.18936702,0.384441292998232,2019-06-29
"RO",11,0.0983163247594393,35.407,30.8849,0.463,"1101401",40.22,35.15,0,14.2724,12.4734,0,0.3304,0.931,0,0,0,0,0,1.69,0.884911056817328,0.18936702,0.384441292998232,2019-06-29
"RO",8,0.189744392898688,35.491,27.3798,0.38,"1101401",47.47,20.46,0,16.8862,7.2787,0,3.8978,10.958,0,0,0,0,0,10.64,0.897052715139334,0.18936702,0.384441292998232,2019-06-29
"RO",66,0.112910835529056,118.88,110.8632,0.774,"1101401",53.38,1.15,0,63.6027,1.3703,0,7.1797,6.026,0,0,0,0,0,5.44,0.884889299566589,0.18936702,0.384441292998232,2019-06-29
"RO",346,0.103078404759636,491.917,443.2833,1.015,"1101401",62.83,6.26,0,309.7687,30.8449,0,40.3565,8.186,0,0,0,0,0,9.31,0.878977190160977,0.18936702,0.384441292998232,2019-06-29
"RO",7,0.238122881558233,23.116,18.4362,0.494,"1101401",35.72,0,0,8.2753,0,0,6.1096,26.372,0.887,1.147,2.595,0,4.629,20.42,0.906938660551943,0.18936702,0.384441292998232,2019-06-29
"RO",9,0.0833333333333333,22.05,21.8226,0.536,"1101401",76.66,3.61,0,16.9408,0.7977,0,0,0,0,0,0,0,0,0,0.890046372045115,0.18936702,0.384441292998232,2019-06-29
"RO",14,0.10095790964498,105.903,69.2628,0.263,"1101401",28.37,27.8,0,30.1124,29.5027,0,8.4549,7.966,0.582,0,0,0,0.582,6.5,0.885358084208815,0.18936702,0.384441292998232,2019-06-29
"RO",59,0.171759386690102,63.047,58.1269,1.32,"1101401",45,0,0,28.4317,0,0,1.6893,2.673,0,0,0,0,0,4.81,0.897198626606239,0.18936702,0.384441292998232,2019-06-29
"RO",19,0.124100365864448,83.953,64.1429,0.385,"1101401",32,0.03,0,26.9257,0.0291,0,13.0095,15.462,0,0,0,0,0,16.34,0.905501870809717,0.18936702,0.384441292998232,2019-06-29
"RO",19,0.0931208386320269,102.748,68.1749,0.362,"1101401",50.76,2.69,0,52.2676,2.7734,0,30.6428,29.757,0.004,0.05,0,0,0.054,28.83,0.883359955899806,0.18936702,0.384441292998232,2019-06-29
"RO",97,0.14336031099254,114.334,86.9441,1.45,"1101401",61.11,0.37,0,70.0295,0.4223,0,22.7739,19.875,0,0,0,0,0,20.4,0.900661083204911,0.18936702,0.384441292998232,2019-06-29
"RO",31,0.200298862823085,78.505,70.0793,0.575,"1101401",63.37,6.01,0,49.8565,4.7324,0,5.9853,7.607,0,0,0,0,0,6.68,0.89692630219093,0.18936702,0.384441292998232,2019-06-29
"RO",87,0.101353343028935,181.678,116.2672,0.973,"1101401",46.5,3.13,0,84.6685,5.7017,0,68.4883,37.614,1.947,2.19,0,0.179,4.316,33.9,0.905713152287183,0.18936702,0.384441292998232,2019-06-29
"RO",34,0.0644948974278318,111.608,70.7528,0.625,"1101401",39.19,0.25,0,43.8372,0.283,0,41.6809,37.262,0,0,0,0,0,35.89,0.885000412027963,0.18936702,0.384441292998232,2019-06-29
"RO",25,0.183134492285082,54.461,36.4013,0.893,"1101500",15.38,0,0,8.3946,0,0,18.4479,33.798,0,0,0,0,0,32.34,0.399596370878889,0,0.685537595155178,2019-07-13
"RO",8,0.242423336281781,57.63,55.1769,0.188,"1101500",84.47,0,0,48.7885,0,0,2.3117,4.002,0.001,0,0.003,0,0.004,4.47,0.491272279295429,0,0.685537595155178,2019-07-13
"RO",16,0.271746600959374,36.789,36.1212,0.576,"1101500",65.72,27.29,0,24.2308,10.0631,0,0.1483,0.402,0,0,0,0,0,1.25,0.51361656364442,0,0.685537595155178,2019-07-13
"RO",53,0.225870841014374,50.916,46.6098,1.478,"1101500",59.78,0,0,30.5069,0,0,3.5257,6.909,0,0,0,0,0,8.54,0.447149476947176,0,0.685537595155178,2019-07-13
"RO",10,0.237306119615103,24.66,23.0859,0.563,"1101500",76.57,0,0,18.925,0,0,4.3275,17.51,5.751,4.988,0,0,10.739,6.59,0.43388824476368,0,0.685537595155178,2019-07-13
"RO",28,0.146350745561743,64.633,58.7745,0.619,"1101500",50.04,6.31,0,32.4169,4.0845,0,4.5576,7.036,0,0,0,0,0,9.27,0.502248326665593,0,0.685537595155178,2019-07-13
"RO",48,0.168743458661762,61.614,35.4169,1.762,"1101500",45.18,0,0,27.8964,0,0,26.2768,42.553,0,0,0,0,0,41.83,0.402573030494107,0,0.685537595155178,2019-07-13
"RO",23,0.081529177036457,51.308,45.3139,0.66,"1101500",32,0,0,16.453,0,0,4.9995,9.722,0,0,0.273,0,0.273,11.88,0.485426573665855,0,0.685537595155178,2019-07-13
"RO",6,0.229877839504784,46.306,46.3885,0.168,"1101500",99.96,0,0,46.3885,0,0,0,0,0,0,0,0,0,0.04,0.503442742566402,0,0.685537595155178,2019-07-13
"RO",7,0.159075446751005,51.086,42.6321,0.213,"1101500",59.37,0,0,30.3992,0,0,13.9468,27.24,0,0,2.236,0,2.236,16.73,0.430360892448052,0,0.685537595155178,2019-07-13
"RO",7,0.185557802242073,25.155,25.2064,0.361,"1101500",86.24,0,0,21.7431,0,0,0.0237,0.094,0,0,0.145,0,0.145,0.02,0.488702971895136,0,0.685537595155178,2019-07-13
"RO",17,0.250692989376799,22.489,22.5395,0.981,"1101500",46.77,9.4,0,10.5406,2.1198,0,0,0,0,0,0,0,0,0,0.513811410428528,0,0.685537595155178,2019-07-13
"RO",21,0.282810700696083,47.626,47.645,0.573,"1101500",97.15,0,0,46.3727,0,0,0.3773,0.79,0,0,0,0,0,0.18,0.510337085173847,0,0.685537595155178,2019-07-13
"RO",11,0.116094123866517,67.184,53.4764,0.267,"1101500",46.43,0,0,31.2603,0,0,14.5186,21.562,0,0,0,0.392,0.392,19.67,0.381453220605237,0,0.685537595155178,2019-07-13
"RO",11,0.154823565372687,21.74,19.8489,0.72,"1101500",51.81,0,0,11.2891,0,0,2.8523,13.091,0,0,4.335,0,4.335,8.9,0.519430660073328,0,0.685537595155178,2019-07-13
"RO",75,0.255693549146502,39.738,35.5488,2.743,"1101500",63.82,0,0,25.4181,0,0,1.8548,4.657,0,0,0,0,0,6.17,0.488829179194075,0,0.685537595155178,2019-07-13
"RO",12,0.134602301097005,62.973,63.1076,0.247,"1101500",78.81,4.81,0,49.7391,3.0338,0,2.1744,3.445,0.086,0,1.226,0.937,2.249,0.01,0.409259749819035,0,0.685537595155178,2019-07-13
"RO",13,0.181649658092773,47.09,40.3129,0.419,"1101500",46.97,0,0,22.1678,0,0,12.7287,26.971,5.428,5.202,2.458,1.153,14.241,14.58,0.490112423866613,0,0.685537595155178,2019-07-13
"RO",9,0.0653197264742181,21.326,16.8194,0.696,"1101500",47.96,0,0,10.2502,0,0,4.3778,20.482,0,0,0,0,0,21.31,0.523143281327451,0,0.685537595155178,2019-07-13
"RO",7,0.161703798284891,19.361,17.2264,0.528,"1101500",68.6,0,0,13.3109,0,0,2.223,11.456,0,0,0.641,0,0.641,11.22,0.522411118160007,0,0.685537595155178,2019-07-13
"RO",17,0.147275204572386,46.307,46.3802,0.476,"1101500",97.97,0,0,45.4686,0,0,10.8737,23.43,21.005,19.421,3.293,0,43.719,0.06,0.464505839804463,0,0.685537595155178,2019-07-13
"RO",7,0.168989794855664,14.613,14.6456,0.621,"1101500",100,0,0,14.6456,0,0,0.4994,3.41,0.003,0.932,0,0,0.935,0,0.526235340944019,0,0.685537595155178,2019-07-13
"RO",6,0.120289270235531,46.274,35.6521,0.219,"1101500",0.81,0,0,0.3756,0,0,5.4503,11.752,2.176,0,0,0,2.176,23.13,0.481362018586831,0,0.685537595155178,2019-07-13
"RO",19,0.224005819121889,46.108,35.288,0.7,"1101500",7.2,0,0,3.3267,0,0,7.1424,15.456,1.781,0,0,0,1.781,22.68,0.482792169652713,0,0.685537595155178,2019-07-13
"RO",15,0.205107468885179,30.826,25.8201,0.755,"1101500",38.39,0,0,11.8599,0,0,7.8316,25.349,0,2.85,4.666,0,7.516,16.43,0.516903154967039,0,0.685537595155178,2019-07-13
"RO",10,0.289141153805826,21.804,21.3064,0.61,"1101500",94.6,0,0,20.6723,0,0,0.2884,1.32,0,0,0,0,0,2.43,0.437878597772594,0,0.685537595155178,2019-07-13
"RO",14,0.246162659649136,36.341,36.251,0.502,"1101500",92.43,7.13,0,33.6638,2.5957,0,0.024,0.066,0,0.028,0,0,0.028,0.47,0.512103642890321,0,0.685537595155178,2019-07-13
"RO",14,0.189990722596058,21.891,20.9125,0.87,"1101500",55.75,0,0,12.2315,0,0,0.8858,4.037,0,0,0,0,0,4.68,0.479098037299812,0,0.685537595155178,2019-07-13
"RO",5,0.0938595938212433,21.84,14.5412,0.447,"1101500",5.24,0,0,1.1465,0,0,7.2026,32.905,0,0,0,0,0,33.57,0.52833983662024,0,0.685537595155178,2019-07-13
"RO",9,0.0612372435695795,32.784,23.8032,0.492,"1101500",34.72,0,0,11.408,0,0,8.3784,25.499,0,0,0,0,0,27.56,0.532143722977697,0,0.685537595155178,2019-07-13
"RO",19,0.122391436546519,151.575,109.7176,0.225,"1101500",56.02,0,0,85.0987,0,0,40.6015,26.727,0,0,0,0,0,27.35,0.497584060841318,0,0.685537595155178,2019-07-13
"RO",11,0.0527835778062769,65.451,33.2242,0.43,"1101500",33.32,0,0,21.8564,0,0,32.0594,48.873,0,0,0,0,0,49.35,0.49823587427179,0,0.685537595155178,2019-07-13
"RO",11,0.183418895139714,65.206,47.4908,0.301,"1101500",36.33,31.38,0,23.7406,20.5047,0,13.51,20.673,0,0,0,0,0,21.12,0.397592167779595,0,0.685537595155178,2019-07-13
"RO",20,0.193141781351048,60.697,58.7573,0.442,"1101500",67.02,3.73,0,40.7732,2.2664,0,2.6076,4.287,0,0,0,0,0,3.41,0.396457163571175,0,0.685537595155178,2019-07-13
"RO",34,0.166490679995498,43.667,24.1639,1.829,"1101500",31.27,0,0,13.6848,0,0,19.4915,44.537,0,0,0,0,0,44.79,0.498579023663895,0,0.685537595155178,2019-07-13
"RO",54,0.246316572818692,66.665,56.6999,1.238,"1101500",52.21,0,0,34.8851,0,0,9.9026,14.821,0,0,0,0,0,15.14,0.440929182138965,0,0.685537595155178,2019-07-13
"RO",6,0.0806152604917662,54.953,33.3924,0.234,"1101500",7.45,0,0,4.1006,0,0,23.8295,43.267,0,1.439,1.279,0,2.718,39.37,0.402068381153042,0,0.685537595155178,2019-07-13
"RO",51,0.259067713452355,43.47,35.6271,1.861,"1101500",15.72,0,0,6.848,0,0,6.2143,14.264,0,0,0,0,0,18.23,0.481397519958656,0,0.685537595155178,2019-07-13
"RO",17,0.238641716782434,46.64,46.7313,0.473,"1101500",98.92,0,0,46.2397,0,0,0.0063,0.013,0,0,0,0,0,0.05,0.510337506668737,0,0.685537595155178,2019-07-13
"RO",78,0.151312102940343,64.615,63.5371,1.596,"1101500",76.39,0,0,49.4708,0,0,0.9257,1.429,0,0,0,0,0,1.89,0.532670581831862,0,0.685537595155178,2019-07-13
"RO",6,0.165107468885179,43.848,42.9413,0.182,"1101500",78.82,0,0,34.6386,0,0,1.0393,2.365,6.551,0.012,0,0,6.563,2.29,0.467385131112746,0,0.685537595155178,2019-07-13
"RO",11,0.114982991426106,16.878,15.4715,0.924,"1101500",50.77,0,0,8.5887,0,0,1.4439,8.536,0,0,0,0,0,8.54,0.524461431751984,0,0.685537595155178,2019-07-13
"RO",47,0.157781528016866,61.581,36.3936,1.679,"1101500",46.63,0,0,28.7801,0,0,25.8867,41.943,0,0,0,0,0,40.91,0.402937915056069,0,0.685537595155178,2019-07-13
"RO",15,0.16024773479898,29.391,24.256,0.804,"1101500",50.02,30.83,0,14.7355,9.0818,0,2.0942,7.109,0.034,0,0,0,0.034,8.08,0.400444890930917,0,0.685537595155178,2019-07-13
"RO",10,0.128733127991456,73.619,58.8853,0.221,"1101500",46.69,0,0,34.4475,0,0,17.0104,23.054,0,1.432,0,0,1.432,20.02,0.409368672814823,0,0.685537595155178,2019-07-13
"RO",20,0.126648354452882,47.885,45.2795,0.574,"1101500",71.85,0,0,34.4802,0,0,6.4965,13.537,0,0,0,0,0,5.25,0.407403256687402,0,0.685537595155178,2019-07-13
"RO",25,0.243925309108158,41.342,34.935,0.93,"1101500",77.78,0,0,32.2272,0,0,6.3919,15.426,0.002,0,0,0,0.002,15.69,0.474244831331826,0,0.685537595155178,2019-07-13
"RO",31,0.110562681304854,59.79,45.7324,0.881,"1101500",49.9,0,0,29.9038,0,0,20.0055,33.385,5.764,4.149,0.882,0,10.795,23.68,0.414075959802728,0,0.685537595155178,2019-07-13
"RO",17,0.084669668703218,80.401,61.0128,0.362,"1101500",46.6,0,0,37.5498,0,0,11.6913,14.509,0,0,0,0,0,23.55,0.531375739336478,0,0.685537595155178,2019-07-13
"RO",64,0.242776443479819,62.467,56.3051,1.478,"1101500",84.77,0.03,0,53.0696,0.017,0,7.2467,11.575,0.844,1.125,0,0,1.969,10.06,0.411167687989225,0,0.685537595155178,2019-07-13
"RO",8,0.204099637980583,28.286,25.714,0.404,"1101500",90.95,0,0,25.7844,0,0,2.5322,8.932,0,0,0,0,0,9.19,0.380377350516505,0,0.685537595155178,2019-07-13
"RO",8,0.0994057616798021,29.392,21.7558,0.478,"1101500",59.55,8.16,0,17.5432,2.4043,0,3.1857,10.815,0,0,0,0,0,11.78,0.401904372382932,0,0.685537595155178,2019-07-13
"RO",9,0.125,25.532,23.7016,0.494,"1101500",70.1,0,0,17.9389,0,0,2.1924,8.567,0,0.66,0,0,0.66,7.38,0.527666908184038,0,0.685537595155178,2019-07-13
"RO",5,0.284399088247394,28.303,27.513,0.236,"1101500",97.52,0,0,27.6617,0,0,0,0,0,0,0,0,0,0,0.381556614484096,0,0.685537595155178,2019-07-13
"RO",25,0.136075837692295,61.699,48.4534,0.671,"1101500",45.32,0,0,28.0239,0,0,14.9939,24.248,0,1.139,0,0,1.139,21.64,0.410474181065151,0,0.685537595155178,2019-07-13
"RO",26,0.188220195363587,54.471,53.3775,0.633,"1101500",13.57,0,0,7.4095,0,0,0.2099,0.385,0,0,0,0,0,1.42,0.462200010027474,0,0.685537595155178,2019-07-13
"RO",32,0.28079385266847,51.063,28.9265,1.438,"1101500",35.63,0,0,18.2355,0,0,16.4496,32.142,0,0,0,0,0,43.48,0.518243708098969,0,0.685537595155178,2019-07-13
"RO",25,0.205849116817292,47.604,41.7684,0.778,"1101500",85.97,0,0,41.0176,0,0,5.9423,12.455,0.974,0,0,0,0.974,12.46,0.47328221259848,0,0.685537595155178,2019-07-13
"RO",20,0.177530901354394,32.2,31.7816,0.818,"1101500",56.14,0,0,18.1162,0,0,3.7216,11.532,1.393,2.728,5.711,0,9.832,1.52,0.492482806753296,0,0.685537595155178,2019-07-13
"RO",30,0.219960536691633,49.041,45.2461,0.862,"1101500",67.4,0,0,33.1294,0,0,12.5884,25.612,1.792,1.186,10.629,1.036,14.643,7.94,0.490705540264641,0,0.685537595155178,2019-07-13
"RO",8,0.261237243569579,12.142,11.7316,0.886,"1101500",96.4,0,0,11.7316,0,0,1.154,9.483,0,0,0,0,0,0,0.38110281685668,0,0.685537595155178,2019-07-13
"RO",14,0.0922922999935319,39.815,39.1997,0.464,"1101500",78.67,0,0,31.3931,0,0,0.0025,0.006,0,0,0,0,0,0,0.529399025496811,0,0.685537595155178,2019-07-13
"RO",52,0.222677399261319,67.165,54.7139,1.236,"1101500",33.86,0,0,22.7927,0,0,15.1628,22.525,0,1.308,1.832,0,3.14,17.15,0.396561443957434,0,0.685537595155178,2019-07-13
"RO",47,0.0690657545213787,80.969,60.2698,1.014,"1101500",63.16,0,0,51.253,0,0,20.6882,25.494,0,0.651,0,0,0.651,25.73,0.385033160488915,0,0.685537595155178,2019-07-13
"RO",27,0.134013968285942,31.985,20.5087,1.711,"1101500",23.59,0,0,7.561,0,0,10.8853,33.957,3.332,1.608,0,0,4.94,30.84,0.415872490377958,0,0.685537595155178,2019-07-13
"RO",32,0.19143809191643,50.901,23.188,1.794,"1101500",22.66,0,0,11.5602,0,0,25.9158,50.8,0,0,0,0,0,54.55,0.50518007818149,0,0.685537595155178,2019-07-13
"RO",14,0.210372840218073,50.874,42.8872,0.424,"1101500",48.96,0,0,24.9641,0,0,7.0016,13.732,0,0,0,0,0,15.89,0.49110565051246,0,0.685537595155178,2019-07-13
"RO",17,0.254586409103073,17.91,17.9498,1.231,"1101500",63.31,0,0,11.3632,0,0,0,0,0,0,0,0,0,0,0.420911849028889,0,0.685537595155178,2019-07-13
"RO",15,0.128667315974992,60.363,59.4135,0.328,"1101500",80.06,0,0,48.4358,0,0,1.6923,2.797,0,0,0,0,0,1.13,0.38192494855877,0,0.685537595155178,2019-07-13
"RO",24,0.171279435974352,79.57,67.5718,0.462,"1101500",54.08,0,0,43.1291,0,0,12.097,15.169,0,2.982,0.953,0,3.935,10.49,0.511138673760479,0,0.685537595155178,2019-07-13
"RO",19,0.154788033547812,61.511,37.9525,0.651,"1101500",25.53,0,0,15.7419,0,0,25.9832,42.147,1.393,0.84,0,0,2.233,38.44,0.392999372650997,0,0.685537595155178,2019-07-13
"RO",40,0.173338018111117,62.952,61.6113,0.844,"1101500",52.57,0,0,33.1668,0,0,7.6463,12.119,0,0,0,4.536,4.536,2.35,0.423148599378859,0,0.685537595155178,2019-07-13
"RO",34,0.196882765122334,64.828,64.7398,0.683,"1101500",75.39,0,0,48.9855,0,0,0.0238,0.037,0,0,0,0,0,0.36,0.391876184546022,0,0.685537595155178,2019-07-13
"RO",7,0.161703798284891,19.443,17.3344,0.525,"1101500",68.59,0,0,13.3648,0,0,2.1973,11.276,0,0,0.638,0,0.638,11.04,0.52241244275261,0,0.685537595155178,2019-07-13
"RO",5,0.0737084542032363,55.68,38.172,0.17,"1101500",52.18,0,0,29.1212,0,0,17.8493,31.985,0,0,0,0,0,31.6,0.401493901602828,0,0.685537595155178,2019-07-13
"RO",34,0.254677593073724,63.779,54.7735,0.807,"1101500",69.34,0,0,44.3258,0,0,8.8592,13.859,0,0,0,0,0,14.31,0.39333634033418,0,0.685537595155178,2019-07-13
"RO",8,0.249337277188352,24.271,20.4405,0.509,"1101500",76.48,0,0,18.6046,0,0,3.6523,15.015,0,0,0,0,0,15.97,0.504486910787322,0,0.685537595155178,2019-07-13
"RO",102,0.142234198323522,62.74,49.108,2.7,"1101500",65.71,6.09,0,41.3158,3.8278,0,13.54,21.533,0,0,0,0,0,21.53,0.541036390944801,0,0.685537595155178,2019-07-13
"RO",6,0.113484692283495,47.591,43.0368,0.181,"1101500",7.35,0,0,3.5062,0,0,4.2088,8.824,0,0,0,0,0,8.96,0.406290730947854,0,0.685537595155178,2019-07-13
"RO",12,0.139637577337351,54.725,41.8725,0.373,"1101500",51.53,0,0,28.2611,0,0,11.8874,21.674,0,0,0,0,0,23.66,0.501951806650826,0,0.685537595155178,2019-07-13
"RO",7,0.121099772061848,31.703,28.7925,0.316,"1101500",74.23,0,0,23.5859,0,0,3.0761,9.681,1.94,0,0,0,1.94,9.38,0.396002560648587,0,0.685537595155178,2019-07-13
"RO",15,0.208600500701333,25.539,20.5334,0.95,"1101500",31.72,0,0,8.1185,0,0,5.94,23.207,0,2.199,0,0,2.199,19.78,0.516703530671947,0,0.685537595155178,2019-07-13
"RO",12,0.0705882352941177,50.212,39.2965,0.397,"1101500",63.73,0,0,32.0712,0,0,10.7386,21.339,0,0.045,0,0,0.045,21.91,0.528568908256236,0,0.685537595155178,2019-07-13
"RO",30,0.154111967077266,29.487,22.753,1.714,"1101500",46.16,0,0,13.6409,0,0,8.6067,29.123,0,0,2.583,0,2.583,23.01,0.414764866408679,0,0.685537595155178,2019-07-13
"RO",13,0.10384700044707,41.105,38.8214,0.435,"1101500",53.07,0,0,21.8643,0,0,7.6802,18.643,13.249,0,0.069,0.641,13.959,10.9,0.528873542503453,0,0.685537595155178,2019-07-13
"RO",23,0.10365672837584,47.992,47.6602,0.627,"1101500",75.43,0,0,36.2806,0,0,4.2271,8.788,0,0,0,0,0,0.45,0.407316370698233,0,0.685537595155178,2019-07-13
"RO",45,0.258528378151859,44.784,44.7625,1.307,"1101500",94.33,5.41,0,42.3392,2.4271,0,0.1474,0.328,0,0,0,0,0,0.27,0.530850084271227,0,0.685537595155178,2019-07-13
"RO",5,0.223583492127439,18.635,18.5617,0.35,"1101500",38.98,0,0,7.2799,0,0,0.3962,2.121,0,0,0,0,0,0.28,0.415159094422992,0,0.685537595155178,2019-07-13
"RO",69,0.135898615204231,68.152,62.1466,1.443,"1101500",74.66,7.16,0,50.9993,4.8897,0,7.296,10.682,0,0,0,0,0,9.02,0.393910355679898,0,0.685537595155178,2019-07-13
"RO",8,0.0844948974278318,33.517,31.002,0.335,"1101500",74.74,0,0,25.106,0,0,2.9297,8.722,0,0,0,0.786,0.786,6.36,0.382300747503347,0,0.685537595155178,2019-07-13
"RO",6,0.227293000971076,28.204,25.7098,0.303,"1101500",65.18,16.66,0,18.4257,4.7104,0,3.2276,11.418,0,0,0,1.266,1.266,7.67,0.509192242964986,0,0.685537595155178,2019-07-13
"RO",24,0.107680854701666,61.616,52.1537,0.598,"1101500",54.82,0,0,33.8545,0,0,29.1462,47.197,0,0,0,7.452,7.452,15.55,0.537126344613117,0,0.685537595155178,2019-07-13
"RO",17,0.225765714321684,26.826,26.7724,0.825,"1101500",74.79,0,0,20.1066,0,0,4.4404,16.516,0,0,0,6.113,6.113,0.84,0.533805379915948,0,0.685537595155178,2019-07-13
"RO",12,0.154833147735479,19.4,19.4437,0.802,"1101500",91.29,0,0,17.7507,0,0,0.2807,1.444,0,0.007,1.254,0,1.261,0,0.489867912569274,0,0.685537595155178,2019-07-13
"RO",33,0.282755350787952,48.191,47.778,0.898,"1101500",82.89,0,0,40.0342,0,0,0.5283,1.094,0,0,0,0,0,1.08,0.493375613601544,0,0.685537595155178,2019-07-13
"RO",5,0.116855865354369,25.879,11.8021,0.551,"1101500",28.15,0,0,7.2999,0,0,12.8848,49.678,0,0,0,0,0,54.5,0.506446169936542,0,0.685537595155178,2019-07-13
"RO",10,0.224384931192402,31.602,29.6383,0.439,"1101500",86.13,0,0,27.2783,0,0,4.059,12.816,8.048,1.946,4.699,0,14.693,6.42,0.491553529300581,0,0.685537595155178,2019-07-13
"RO",10,0.189141153805826,24.314,22.2147,0.585,"1101500",53.61,0,0,13.0633,0,0,2.4649,10.115,0,0,0,0,0,8.84,0.482416756833799,0,0.685537595155178,2019-07-13
"RO",9,0.257979589711327,12.211,12.2359,0.956,"1101500",49.94,0,0,6.1119,0,0,3.1018,25.344,0.897,7.158,12.778,0,20.833,0.02,0.489943163826839,0,0.685537595155178,2019-07-13
"RO",9,0.145319726474218,56.863,47.4624,0.247,"1101500",37.63,0,0,21.4442,0,0,10.1443,17.8,0.071,0,0,0,0.071,16.72,0.418434777626762,0,0.685537595155178,2019-07-13
"RO",34,0.198521651008288,67.978,65.5684,0.674,"1101500",85.78,0,0,58.4422,0,0,10.7509,15.78,0,0,7.108,0.71,7.818,3.76,0.389615354638987,0,0.685537595155178,2019-07-13
"RO",34,0.181490232039354,57.388,36.5494,1.209,"1101500",40.82,0,0,23.4808,0,0,18.8112,32.706,0,0,0,0,0,36.45,0.463708293492187,0,0.685537595155178,2019-07-13
"RO",37,0.173442088410817,53.859,51.7056,0.93,"1101500",90.22,5.62,0,48.7007,3.0349,0,10.2527,18.994,0,0,0,1.615,1.615,4.21,0.517005948369149,0,0.685537595155178,2019-07-13
"RO",10,0.183452743205755,31.362,27.1144,0.479,"1101500",65.75,0,0,20.666,0,0,4.1982,13.356,0,0,0,0,0,13.74,0.3946393292565,0,0.685537595155178,2019-07-13
"RO",12,0.125526091762588,22.859,20.4633,0.762,"1101500",32.77,0,0,7.5071,0,0,7.6742,33.497,6.132,0,0.123,1.108,7.363,19.3,0.528930403463784,0,0.685537595155178,2019-07-13
"RO",6,0.176261695009846,50.03,46.2073,0.169,"1101500",70.27,0,0,35.2365,0,0,3.5935,7.167,0.22,0.028,0,0,0.248,7.85,0.488712025845138,0,0.685537595155178,2019-07-13
"RO",16,0.180573682202868,29.903,23.5897,0.882,"1101500",56.31,0,0,16.876,0,0,7.8381,26.153,0,0.208,4.962,0,5.17,21.29,0.522493815926092,0,0.685537595155178,2019-07-13
"RO",70,0.213064736438205,74.122,72.8322,1.249,"1101500",96.34,0,0,71.5688,0,0,3.0257,4.073,1.541,1.069,1.185,0,3.795,1.42,0.528376192359351,0,0.685537595155178,2019-07-13
"RO",8,0.149973144357009,28.885,27.9082,0.373,"1101500",24.75,0,0,7.1637,0,0,2.3741,8.201,0,2.466,0,0,2.466,3.6,0.54189715973132,0,0.685537595155178,2019-07-13
"RO",23,0.159927374004599,52.431,45.0847,0.663,"1101500",66.68,0,0,35.0391,0,0,4.8283,9.188,0,0,0,0,0,14.2,0.516542304176003,0,0.685537595155178,2019-07-13
